{
  "type": "FeatureCollection",
  "features": [
    {
      "type": "Feature",
      "properties": {
        "name": "Pomnik rozstrzelanych przez Niemców w 1944r.",
        "country": "Polska",
        "country_code": "pl",
        "state": "województwo podkarpackie",
        "city": "Rzeszów",
        "postcode": "35-503",
        "district": "Malców",
        "suburb": "Przybyszówka",
        "street": "Magórska",
        "iso3166_2": "PL-18",
        "lon": 21.9495543,
        "lat": 50.052821,
        "state_code": "PK",
        "formatted": "Pomnik rozstrzelanych przez Niemców w 1944r., Magórska, 35-503 Rzeszów, Polska",
        "address_line1": "Pomnik rozstrzelanych przez Niemców w 1944r.",
        "address_line2": "Magórska, 35-503 Rzeszów, Polska",
        "categories": [
          "tourism",
          "tourism.sights",
          "tourism.sights.memorial"
        ],
        "details": [
          "details.historic"
        ],
        "datasource": {
          "sourcename": "openstreetmap",
          "attribution": "© OpenStreetMap contributors",
          "license": "Open Database License",
          "url": "https://www.openstreetmap.org/copyright",
          "raw": {
            "lat": 50.052821,
            "lon": 21.9495543,
            "name": "Pomnik rozstrzelanych przez Niemców w 1944r.",
            "osm_id": 8841140645,
            "historic": "memorial",
            "memorial": "stone",
            "osm_type": "n",
            "start_date": 1987,
            "inscription": "29.VII.1944 Tu zginęli męczeńską śmiercią od kul niemieckich żołnierzy najlepsi synowie tej ziemii. W hołdzie poległym, dla pamięci potomnym obelisk ten wystawiło w roku 1987 społeczeństwo wsi Przybyszówka i koledzy z 2 gimnazjum Rzeszowskiego"
          }
        },
        "historic": {
          "type": "memorial",
          "start_date": 1987,
          "memorial": "stone",
          "inscription": "29.VII.1944 Tu zginęli męczeńską śmiercią od kul niemieckich żołnierzy najlepsi synowie tej ziemii. W hołdzie poległym, dla pamięci potomnym obelisk ten wystawiło w roku 1987 społeczeństwo wsi Przybyszówka i koledzy z 2 gimnazjum Rzeszowskiego"
        },
        "distance": 4279,
        "place_id": "51b34698fd15f335405961c5a9d6c2064940f00103f901a519f90e0200000092032d506f6d6e696b20726f7a7374727a656c616e7963682070727a657a204e69656d63c3b37720772031393434722e"
      },
      "geometry": {
        "type": "Point",
        "coordinates": [
          21.9495543,
          50.052821
        ]
      }
    },
    {
      "type": "Feature",
      "properties": {
        "name": "Święty Antoni",
        "country": "Polska",
        "country_code": "pl",
        "state": "województwo podkarpackie",
        "county": "powiat rzeszowski",
        "city": "gmina Krasne",
        "postcode": "35-614",
        "district": "Krasne",
        "suburb": "Wilkowyja",
        "street": "94",
        "iso3166_2": "PL-18",
        "lon": 22.0638514,
        "lat": 50.0403955,
        "state_code": "PK",
        "formatted": "Święty Antoni, 94, 35-614 gmina Krasne, Polska",
        "address_line1": "Święty Antoni",
        "address_line2": "94, 35-614 gmina Krasne, Polska",
        "categories": [
          "heritage",
          "tourism",
          "tourism.sights",
          "tourism.sights.memorial"
        ],
        "details": [
          "details",
          "details.heritage",
          "details.historic"
        ],
        "datasource": {
          "sourcename": "openstreetmap",
          "attribution": "© OpenStreetMap contributors",
          "license": "Open Database License",
          "url": "https://www.openstreetmap.org/copyright",
          "raw": {
            "lat": 50.0403955,
            "lon": 22.0638514,
            "name": "Święty Antoni",
            "osm_id": 5167499642,
            "ref:nid": "A-144",
            "heritage": 2,
            "historic": "memorial",
            "osm_type": "n",
            "start_date": "~1750"
          }
        },
        "ref_other": {
          "nid": "A-144"
        },
        "historic": {
          "type": "memorial",
          "start_date": "~1750"
        },
        "heritage": {
          "level": 2,
          "ref": "A-144"
        },
        "distance": 4304,
        "place_id": "51c7cdba905810364059eab303ae2b054940f00103f9017ac901340100000092030fc59a7769c499747920416e746f6e69"
      },
      "geometry": {
        "type": "Point",
        "coordinates": [
          22.0638514,
          50.0403955
        ]
      }
    },
    {
      "type": "Feature",
      "properties": {
        "name": "Osada z epoki brązu",
        "country": "Polska",
        "country_code": "pl",
        "state": "województwo podkarpackie",
        "city": "Rzeszów",
        "postcode": "35-601",
        "district": "Osiedle Zimowit",
        "suburb": "Zalesie",
        "street": "Mieczysławy Ćwiklińskiej",
        "iso3166_2": "PL-18",
        "lon": 22.0304126,
        "lat": 50.001614,
        "state_code": "PK",
        "formatted": "Osada z epoki brązu, Mieczysławy Ćwiklińskiej, 35-601 Rzeszów, Polska",
        "address_line1": "Osada z epoki brązu",
        "address_line2": "Mieczysławy Ćwiklińskiej, 35-601 Rzeszów, Polska",
        "categories": [
          "heritage",
          "tourism",
          "tourism.sights",
          "tourism.sights.archaeological_site"
        ],
        "details": [
          "details",
          "details.heritage"
        ],
        "datasource": {
          "sourcename": "openstreetmap",
          "attribution": "© OpenStreetMap contributors",
          "license": "Open Database License",
          "url": "https://www.openstreetmap.org/copyright",
          "raw": {
            "lat": 50.001614,
            "lon": 22.0304126,
            "name": "Osada z epoki brązu",
            "osm_id": 5167004993,
            "ref:nid": "A-896",
            "heritage": 2,
            "historic": "archaeological_site",
            "osm_type": "n",
            "archaeological_site": "settlement"
          }
        },
        "ref_other": {
          "nid": "A-896"
        },
        "historic": {
          "type": "archaeological_site"
        },
        "heritage": {
          "level": 2,
          "ref": "A-896"
        },
        "distance": 4367,
        "place_id": "51e662c21ec9073640599d9b36e334004940f00103f901413dfa33010000009203144f73616461207a2065706f6b69206272c4857a75"
      },
      "geometry": {
        "type": "Point",
        "coordinates": [
          22.0304126,
          50.001614
        ]
      }
    },
    {
      "type": "Feature",
      "properties": {
        "name": "Św. Andrzej Bobola",
        "country": "Polska",
        "country_code": "pl",
        "state": "województwo podkarpackie",
        "city": "Rzeszów",
        "postcode": "35-104",
        "district": "Pustki",
        "suburb": "Przybyszówka",
        "street": "Słoneczny Stok",
        "iso3166_2": "PL-18",
        "lon": 21.9409628,
        "lat": 50.0358467,
        "state_code": "PK",
        "formatted": "Św. Andrzej Bobola, Słoneczny Stok, 35-104 Rzeszów, Polska",
        "address_line1": "Św. Andrzej Bobola",
        "address_line2": "Słoneczny Stok, 35-104 Rzeszów, Polska",
        "categories": [
          "tourism",
          "tourism.sights",
          "tourism.sights.memorial"
        ],
        "details": [
          "details.historic"
        ],
        "datasource": {
          "sourcename": "openstreetmap",
          "attribution": "© OpenStreetMap contributors",
          "license": "Open Database License",
          "url": "https://www.openstreetmap.org/copyright",
          "raw": {
            "lat": 50.0358467,
            "lon": 21.9409628,
            "name": "Św. Andrzej Bobola",
            "osm_id": 13008655346,
            "historic": "memorial",
            "material": "stone",
            "memorial": "statue",
            "osm_type": "n",
            "start_date": 2025
          }
        },
        "historic": {
          "type": "memorial",
          "start_date": 2025,
          "memorial": "statue"
        },
        "distance": 4518,
        "place_id": "51aac024f0e2f0354059b315ea9f96044940f00103f901f253600703000000920313c59a772e20416e64727a656a20426f626f6c61"
      },
      "geometry": {
        "type": "Point",
        "coordinates": [
          21.9409628,
          50.0358467
        ]
      }
    },
    {
      "type": "Feature",
      "properties": {
        "name": "Osada z epoki brązu",
        "country": "Polska",
        "country_code": "pl",
        "state": "województwo podkarpackie",
        "city": "Rzeszów",
        "postcode": "35-601",
        "suburb": "Zalesie",
        "street": "Aleksandra Zelwerowicza",
        "iso3166_2": "PL-18",
        "lon": 22.0323786,
        "lat": 50.0004973,
        "state_code": "PK",
        "formatted": "Osada z epoki brązu, Aleksandra Zelwerowicza, 35-601 Rzeszów, Polska",
        "address_line1": "Osada z epoki brązu",
        "address_line2": "Aleksandra Zelwerowicza, 35-601 Rzeszów, Polska",
        "categories": [
          "heritage",
          "tourism",
          "tourism.sights",
          "tourism.sights.archaeological_site"
        ],
        "details": [
          "details",
          "details.heritage"
        ],
        "datasource": {
          "sourcename": "openstreetmap",
          "attribution": "© OpenStreetMap contributors",
          "license": "Open Database License",
          "url": "https://www.openstreetmap.org/copyright",
          "raw": {
            "lat": 50.0004973,
            "lon": 22.0323786,
            "name": "Osada z epoki brązu",
            "osm_id": 5167004992,
            "ref:nid": "A-895",
            "heritage": 2,
            "historic": "archaeological_site",
            "osm_type": "n",
            "archaeological_site": "settlement"
          }
        },
        "ref_other": {
          "nid": "A-895"
        },
        "historic": {
          "type": "archaeological_site"
        },
        "heritage": {
          "level": 2,
          "ref": "A-895"
        },
        "distance": 4541,
        "place_id": "511c17c4f649083640593f9ea74b10004940f00103f901403dfa33010000009203144f73616461207a2065706f6b69206272c4857a75"
      },
      "geometry": {
        "type": "Point",
        "coordinates": [
          22.0323786,
          50.0004973
        ]
      }
    },
    {
      "type": "Feature",
      "properties": {
        "name": "Osada z epoki żelaza",
        "country": "Polska",
        "country_code": "pl",
        "state": "województwo podkarpackie",
        "city": "Rzeszów",
        "postcode": "35-601",
        "suburb": "Zalesie",
        "street": "Aleksandra Zelwerowicza",
        "iso3166_2": "PL-18",
        "lon": 22.0358299,
        "lat": 49.9996821,
        "state_code": "PK",
        "formatted": "Osada z epoki żelaza, Aleksandra Zelwerowicza, 35-601 Rzeszów, Polska",
        "address_line1": "Osada z epoki żelaza",
        "address_line2": "Aleksandra Zelwerowicza, 35-601 Rzeszów, Polska",
        "categories": [
          "heritage",
          "tourism",
          "tourism.sights",
          "tourism.sights.archaeological_site"
        ],
        "details": [
          "details",
          "details.heritage"
        ],
        "datasource": {
          "sourcename": "openstreetmap",
          "attribution": "© OpenStreetMap contributors",
          "license": "Open Database License",
          "url": "https://www.openstreetmap.org/copyright",
          "raw": {
            "lat": 49.9996821,
            "lon": 22.0358299,
            "name": "Osada z epoki żelaza",
            "osm_id": 5167004991,
            "ref:nid": "A-898",
            "heritage": 2,
            "historic": "archaeological_site",
            "osm_type": "n",
            "archaeological_site": "settlement"
          }
        },
        "ref_other": {
          "nid": "A-898"
        },
        "historic": {
          "type": "archaeological_site"
        },
        "heritage": {
          "level": 2,
          "ref": "A-898"
        },
        "distance": 4736,
        "place_id": "510db8f8252c09364059c4f24295f5ff4840f00103f9013f3dfa33010000009203154f73616461207a2065706f6b6920c5bc656c617a61"
      },
      "geometry": {
        "type": "Point",
        "coordinates": [
          22.0358299,
          49.9996821
        ]
      }
    },
    {
      "type": "Feature",
      "properties": {
        "name": "Średniowieczny punkt osadniczy",
        "country": "Polska",
        "country_code": "pl",
        "state": "województwo podkarpackie",
        "city": "Rzeszów",
        "postcode": "35-602",
        "suburb": "Zalesie",
        "street": "Mieczysławy Ćwiklińskiej",
        "iso3166_2": "PL-18",
        "lon": 22.0395162,
        "lat": 50.0003157,
        "state_code": "PK",
        "formatted": "Średniowieczny punkt osadniczy, Mieczysławy Ćwiklińskiej, 35-602 Rzeszów, Polska",
        "address_line1": "Średniowieczny punkt osadniczy",
        "address_line2": "Mieczysławy Ćwiklińskiej, 35-602 Rzeszów, Polska",
        "categories": [
          "heritage",
          "tourism",
          "tourism.sights",
          "tourism.sights.archaeological_site"
        ],
        "details": [
          "details",
          "details.heritage"
        ],
        "datasource": {
          "sourcename": "openstreetmap",
          "attribution": "© OpenStreetMap contributors",
          "license": "Open Database License",
          "url": "https://www.openstreetmap.org/copyright",
          "raw": {
            "lat": 50.0003157,
            "lon": 22.0395162,
            "name": "Średniowieczny punkt osadniczy",
            "osm_id": 5167004990,
            "ref:nid": "A-894",
            "heritage": 2,
            "historic": "archaeological_site",
            "osm_type": "n",
            "archaeological_site": "settlement"
          }
        },
        "ref_other": {
          "nid": "A-894"
        },
        "historic": {
          "type": "archaeological_site"
        },
        "heritage": {
          "level": 2,
          "ref": "A-894"
        },
        "distance": 4809,
        "place_id": "5186a9d2bb1d0a364059729648580a004940f00103f9013e3dfa330100000092031fc59a7265646e696f776965637a6e792070756e6b74206f7361646e69637a79"
      },
      "geometry": {
        "type": "Point",
        "coordinates": [
          22.0395162,
          50.0003157
        ]
      }
    },
    {
      "type": "Feature",
      "properties": {
        "name": "Głaz Grażyny Gęsickiej",
        "country": "Polska",
        "country_code": "pl",
        "state": "województwo podkarpackie",
        "city": "Rzeszów",
        "postcode": "35-502",
        "district": "Dworzysko",
        "suburb": "Przybyszówka",
        "street": "Biznesowa",
        "iso3166_2": "PL-18",
        "lon": 21.964385,
        "lat": 50.0729391,
        "state_code": "PK",
        "formatted": "Głaz Grażyny Gęsickiej, Biznesowa, 35-502 Rzeszów, Polska",
        "address_line1": "Głaz Grażyny Gęsickiej",
        "address_line2": "Biznesowa, 35-502 Rzeszów, Polska",
        "categories": [
          "tourism",
          "tourism.sights",
          "tourism.sights.memorial"
        ],
        "details": [
          "details.historic"
        ],
        "datasource": {
          "sourcename": "openstreetmap",
          "attribution": "© OpenStreetMap contributors",
          "license": "Open Database License",
          "url": "https://www.openstreetmap.org/copyright",
          "raw": {
            "lat": 50.0729391,
            "lon": 21.964385,
            "name": "Głaz Grażyny Gęsickiej",
            "osm_id": 8910544103,
            "historic": "memorial",
            "memorial": "stone",
            "osm_type": "n"
          }
        },
        "historic": {
          "type": "memorial",
          "memorial": "stone"
        },
        "distance": 4902,
        "place_id": "51c2c073efe1f6354059c28c841156094940f00103f901e71c1c130200000092031947c582617a20477261c5bc796e792047c4997369636b69656a"
      },
      "geometry": {
        "type": "Point",
        "coordinates": [
          21.964385,
          50.0729391
        ]
      }
    },
    {
      "type": "Feature",
      "properties": {
        "name": "Osada kultury ceramiki wstęgowej",
        "country": "Polska",
        "country_code": "pl",
        "state": "województwo podkarpackie",
        "city": "Rzeszów",
        "postcode": "35-083",
        "suburb": "Zwięczyca",
        "street": "Saletyńska",
        "iso3166_2": "PL-18",
        "lon": 21.9693608,
        "lat": 49.9985849,
        "state_code": "PK",
        "formatted": "Osada kultury ceramiki wstęgowej, Saletyńska, 35-083 Rzeszów, Polska",
        "address_line1": "Osada kultury ceramiki wstęgowej",
        "address_line2": "Saletyńska, 35-083 Rzeszów, Polska",
        "categories": [
          "tourism",
          "tourism.sights",
          "tourism.sights.archaeological_site"
        ],
        "details": [],
        "datasource": {
          "sourcename": "openstreetmap",
          "attribution": "© OpenStreetMap contributors",
          "license": "Open Database License",
          "url": "https://www.openstreetmap.org/copyright",
          "raw": {
            "lat": 49.9985849,
            "lon": 21.9693608,
            "name": "Osada kultury ceramiki wstęgowej",
            "osm_id": 12638186611,
            "historic": "archaeological_site",
            "osm_type": "n"
          }
        },
        "historic": {
          "type": "archaeological_site"
        },
        "distance": 4942,
        "place_id": "513f06860728f8354059c4e347a1d1ff4840f00103f901736c4bf1020000009203214f73616461206b756c7475727920636572616d696b6920777374c499676f77656a"
      },
      "geometry": {
        "type": "Point",
        "coordinates": [
          21.9693608,
          49.9985849
        ]
      }
    },
    {
      "type": "Feature",
      "properties": {
        "name": "Poległym Żołnierzom LWP i Armi Radzieckiej",
        "country": "Polska",
        "country_code": "pl",
        "state": "województwo podkarpackie",
        "county": "powiat rzeszowski",
        "city": "Trzebownisko",
        "municipality": "gmina Trzebownisko",
        "postcode": "36-001",
        "iso3166_2": "PL-18",
        "lon": 22.039692,
        "lat": 50.0778346,
        "state_code": "PK",
        "formatted": "Poległym Żołnierzom LWP i Armi Radzieckiej, 36-001 Trzebownisko, Polska",
        "address_line1": "Poległym Żołnierzom LWP i Armi Radzieckiej",
        "address_line2": "36-001 Trzebownisko, Polska",
        "categories": [
          "tourism",
          "tourism.sights",
          "tourism.sights.memorial"
        ],
        "details": [
          "details.historic",
          "details.wiki_and_media"
        ],
        "datasource": {
          "sourcename": "openstreetmap",
          "attribution": "© OpenStreetMap contributors",
          "license": "Open Database License",
          "url": "https://www.openstreetmap.org/copyright",
          "raw": {
            "lat": 50.0778346,
            "lon": 22.039692,
            "city": "Trzebownisko",
            "name": "Poległym Żołnierzom LWP i Armi Radzieckiej",
            "place": "Trzebownisko",
            "osm_id": 4883672070,
            "historic": "memorial",
            "memorial": "war_memorial",
            "osm_type": "n",
            "postcode": "36-001",
            "wikidata": "Q122052328",
            "_inherited": "",
            "subject:wikidata": "Q251395"
          }
        },
        "wiki_and_media": {
          "wikidata": "Q122052328"
        },
        "historic": {
          "type": "memorial",
          "memorial": "war_memorial"
        },
        "distance": 5212,
        "place_id": "51afe94141290a364059a6bff27bf6094940f00103f90106ec16230100000092032d506f6c6567c582796d20c5bb6fc5826e6965727a6f6d204c575020692041726d69205261647a6965636b69656a"
      },
      "geometry": {
        "type": "Point",
        "coordinates": [
          22.039692,
          50.0778346
        ]
      }
    },
    {
      "type": "Feature",
      "properties": {
        "name": "Pomnik Jana Pawła II",
        "country": "Polska",
        "country_code": "pl",
        "state": "województwo podkarpackie",
        "city": "Rzeszów",
        "hamlet": "Podłęże",
        "postcode": "35-123",
        "district": "Dębina",
        "suburb": "Budziwój",
        "street": "Świętego Antoniego",
        "iso3166_2": "PL-18",
        "lon": 21.9878598,
        "lat": 49.9884996,
        "state_code": "PK",
        "formatted": "Pomnik Jana Pawła II, Świętego Antoniego, 35-123 Rzeszów, Polska",
        "address_line1": "Pomnik Jana Pawła II",
        "address_line2": "Świętego Antoniego, 35-123 Rzeszów, Polska",
        "categories": [
          "tourism",
          "tourism.sights",
          "tourism.sights.memorial",
          "tourism.sights.memorial.monument"
        ],
        "details": [],
        "datasource": {
          "sourcename": "openstreetmap",
          "attribution": "© OpenStreetMap contributors",
          "license": "Open Database License",
          "url": "https://www.openstreetmap.org/copyright",
          "raw": {
            "lat": 49.98849955005211,
            "lon": 21.987859783341722,
            "name": "Pomnik Jana Pawła II",
            "osm_id": 691691479,
            "historic": "monument",
            "osm_type": "w",
            "subject:wikidata": "Q989"
          }
        },
        "historic": {
          "type": "monument"
        },
        "distance": 5517,
        "place_id": "51817cf660e4fc354059d2ca3b2787fe4840f00102f901d75f3a2900000000920315506f6d6e696b204a616e6120506177c58261204949"
      },
      "geometry": {
        "type": "Point",
        "coordinates": [
          21.987859783341722,
          49.98849955005211
        ]
      }
    },
    {
      "type": "Feature",
      "properties": {
        "name": "Polegli legioniści",
        "country": "Polska",
        "country_code": "pl",
        "state": "województwo podkarpackie",
        "county": "powiat rzeszowski",
        "city": "Zaczernie",
        "hamlet": "Podkościół",
        "municipality": "gmina Trzebownisko",
        "postcode": "36-062",
        "street": "Zaczernie",
        "iso3166_2": "PL-18",
        "lon": 21.9960287,
        "lat": 50.0928255,
        "state_code": "PK",
        "formatted": "Polegli legioniści, Zaczernie, 36-062 Zaczernie, Polska",
        "address_line1": "Polegli legioniści",
        "address_line2": "Zaczernie, 36-062 Zaczernie, Polska",
        "categories": [
          "tourism",
          "tourism.sights",
          "tourism.sights.memorial"
        ],
        "details": [
          "details.historic"
        ],
        "datasource": {
          "sourcename": "openstreetmap",
          "attribution": "© OpenStreetMap contributors",
          "license": "Open Database License",
          "url": "https://www.openstreetmap.org/copyright",
          "raw": {
            "lat": 50.0928255,
            "lon": 21.9960287,
            "name": "Polegli legioniści",
            "osm_id": 5039042422,
            "historic": "memorial",
            "memorial": "war_memorial",
            "osm_type": "n",
            "subject:wikidata": "Q685455"
          }
        },
        "historic": {
          "type": "memorial",
          "memorial": "war_memorial"
        },
        "distance": 6236,
        "place_id": "519d60a4bcfbfe3540590f5ebbb4e10b4940f00103f90176af592c01000000920313506f6c65676c69206c6567696f6e69c59b6369"
      },
      "geometry": {
        "type": "Point",
        "coordinates": [
          21.9960287,
          50.0928255
        ]
      }
    },
    {
      "type": "Feature",
      "properties": {
        "name": "1000-lecie Państwa Polskiego i 60-lecie straży",
        "country": "Polska",
        "country_code": "pl",
        "state": "województwo podkarpackie",
        "county": "powiat rzeszowski",
        "city": "gmina Krasne",
        "postcode": "36-007",
        "housenumber": "175",
        "iso3166_2": "PL-18",
        "lon": 22.0915567,
        "lat": 50.0451891,
        "state_code": "PK",
        "formatted": "1000-lecie Państwa Polskiego i 60-lecie straży, 175, 36-007 gmina Krasne, Polska",
        "address_line1": "1000-lecie Państwa Polskiego i 60-lecie straży",
        "address_line2": "175, 36-007 gmina Krasne, Polska",
        "categories": [
          "tourism",
          "tourism.sights",
          "tourism.sights.memorial"
        ],
        "details": [
          "details.historic"
        ],
        "datasource": {
          "sourcename": "openstreetmap",
          "attribution": "© OpenStreetMap contributors",
          "license": "Open Database License",
          "url": "https://www.openstreetmap.org/copyright",
          "raw": {
            "lat": 50.0451891,
            "lon": 22.0915567,
            "name": "1000-lecie Państwa Polskiego i 60-lecie straży",
            "place": "Krasne",
            "osm_id": 12735164019,
            "historic": "memorial",
            "memorial": "plaque",
            "osm_type": "n",
            "postcode": "36-007",
            "_inherited": "",
            "housenumber": 175
          }
        },
        "historic": {
          "type": "memorial",
          "memorial": "plaque"
        },
        "distance": 6338,
        "place_id": "51cd3a884270173640595e51a5c1c8054940f00103f901732e13f702000000920330313030302d6c65636965205061c5847374776120506f6c736b6965676f20692036302d6c656369652073747261c5bc79"
      },
      "geometry": {
        "type": "Point",
        "coordinates": [
          22.0915567,
          50.0451891
        ]
      }
    },
    {
      "type": "Feature",
      "properties": {
        "name": "Osada z epoki żelaza",
        "country": "Polska",
        "country_code": "pl",
        "state": "województwo podkarpackie",
        "county": "powiat rzeszowski",
        "city": "Rudna Wielka",
        "hamlet": "Gać",
        "municipality": "gmina Świlcza",
        "postcode": "36-062",
        "street": "Pogwizdowska",
        "iso3166_2": "PL-18",
        "lon": 21.9647997,
        "lat": 50.0903909,
        "state_code": "PK",
        "formatted": "Osada z epoki żelaza, Pogwizdowska, 36-062 Rudna Wielka, Polska",
        "address_line1": "Osada z epoki żelaza",
        "address_line2": "Pogwizdowska, 36-062 Rudna Wielka, Polska",
        "categories": [
          "heritage",
          "tourism",
          "tourism.sights",
          "tourism.sights.archaeological_site"
        ],
        "details": [
          "details",
          "details.heritage"
        ],
        "datasource": {
          "sourcename": "openstreetmap",
          "attribution": "© OpenStreetMap contributors",
          "license": "Open Database License",
          "url": "https://www.openstreetmap.org/copyright",
          "raw": {
            "lat": 50.0903909,
            "lon": 21.9647997,
            "name": "Osada z epoki żelaza",
            "osm_id": 5169172606,
            "ref:nid": "A-849",
            "heritage": 2,
            "historic": "archaeological_site",
            "osm_type": "n",
            "archaeological_site": "settlement"
          }
        },
        "ref_other": {
          "nid": "A-849"
        },
        "historic": {
          "type": "archaeological_site"
        },
        "heritage": {
          "level": 2,
          "ref": "A-849"
        },
        "distance": 6569,
        "place_id": "51ccb0f61cfdf635405992add3ed910b4940f00103f9017e501b34010000009203154f73616461207a2065706f6b6920c5bc656c617a61"
      },
      "geometry": {
        "type": "Point",
        "coordinates": [
          21.9647997,
          50.0903909
        ]
      }
    },
    {
      "type": "Feature",
      "properties": {
        "name": "Pamięci rozstrzelanym przez hitlerowców",
        "country": "Polska",
        "country_code": "pl",
        "state": "województwo podkarpackie",
        "county": "powiat rzeszowski",
        "city": "Rudna Wielka",
        "hamlet": "Gać",
        "municipality": "gmina Świlcza",
        "postcode": "36-062",
        "street": "Pogwizdowska",
        "iso3166_2": "PL-18",
        "lon": 21.9518713,
        "lat": 50.0874379,
        "state_code": "PK",
        "formatted": "Pamięci rozstrzelanym przez hitlerowców, Pogwizdowska, 36-062 Rudna Wielka, Polska",
        "address_line1": "Pamięci rozstrzelanym przez hitlerowców",
        "address_line2": "Pogwizdowska, 36-062 Rudna Wielka, Polska",
        "categories": [
          "tourism",
          "tourism.sights",
          "tourism.sights.memorial"
        ],
        "details": [
          "details",
          "details.historic"
        ],
        "datasource": {
          "sourcename": "openstreetmap",
          "attribution": "© OpenStreetMap contributors",
          "license": "Open Database License",
          "url": "https://www.openstreetmap.org/copyright",
          "raw": {
            "lat": 50.0874379,
            "lon": 21.9518713,
            "name": "Pamięci rozstrzelanym przez hitlerowców",
            "osm_id": 4919060025,
            "historic": "memorial",
            "osm_type": "n",
            "start_date": 1984,
            "description": "Tablica pamięci na kamieniu",
            "subject:wikidata": "Q6983410"
          }
        },
        "description": "Tablica pamięci na kamieniu",
        "historic": {
          "type": "memorial",
          "start_date": 1984
        },
        "distance": 6738,
        "place_id": "51428067d6adf33540592877442a310b4940f00103f90139e632250100000092032950616d69c499636920726f7a7374727a656c616e796d2070727a657a206869746c65726f7763c3b377"
      },
      "geometry": {
        "type": "Point",
        "coordinates": [
          21.9518713,
          50.0874379
        ]
      }
    },
    {
      "type": "Feature",
      "properties": {
        "name": "Krzyż Juliana Babiaka",
        "country": "Polska",
        "country_code": "pl",
        "state": "województwo podkarpackie",
        "county": "powiat rzeszowski",
        "city": "Boguchwała",
        "municipality": "gmina Boguchwała",
        "postcode": "35-083",
        "district": "Dół",
        "street": "Grunwaldzka",
        "iso3166_2": "PL-18",
        "lon": 21.9509632,
        "lat": 49.9850622,
        "state_code": "PK",
        "formatted": "Krzyż Juliana Babiaka, Grunwaldzka, 35-083 Boguchwała, Polska",
        "address_line1": "Krzyż Juliana Babiaka",
        "address_line2": "Grunwaldzka, 35-083 Boguchwała, Polska",
        "categories": [
          "tourism",
          "tourism.sights",
          "tourism.sights.memorial",
          "tourism.sights.memorial.wayside_cross"
        ],
        "details": [
          "details.historic",
          "details.place_of_worship"
        ],
        "datasource": {
          "sourcename": "openstreetmap",
          "attribution": "© OpenStreetMap contributors",
          "license": "Open Database License",
          "url": "https://www.openstreetmap.org/copyright",
          "raw": {
            "lat": 49.9850622,
            "lon": 21.9509632,
            "name": "Krzyż Juliana Babiaka",
            "osm_id": 5031747139,
            "historic": "wayside_cross",
            "material": "stone",
            "osm_type": "n",
            "religion": "christian",
            "start_date": 1935,
            "inscription": "Ku Czci i Chwale Chrystusowej\nFundator Julian Babiak\n1935",
            "denomination": "catholic"
          }
        },
        "historic": {
          "type": "wayside_cross",
          "start_date": 1935,
          "inscription": "Ku Czci i Chwale Chrystusowej\nFundator Julian Babiak\n1935"
        },
        "place_of_worship": {
          "religion": "christian",
          "denomination": "catholic"
        },
        "distance": 6916,
        "place_id": "5113b3035372f33540594ec3a68416fe4840f00103f901435eea2b010000009203164b727a79c5bc204a756c69616e612042616269616b61"
      },
      "geometry": {
        "type": "Point",
        "coordinates": [
          21.9509632,
          49.9850622
        ]
      }
    },
    {
      "type": "Feature",
      "properties": {
        "name": "Mogiła żołnierzy AK",
        "country": "Polska",
        "country_code": "pl",
        "state": "województwo podkarpackie",
        "county": "powiat rzeszowski",
        "city": "Boguchwała",
        "municipality": "gmina Boguchwała",
        "postcode": "36-040",
        "district": "Za Kościołem",
        "street": "Przemysłowa",
        "iso3166_2": "PL-18",
        "lon": 21.9425878,
        "lat": 49.9860043,
        "state_code": "PK",
        "formatted": "Mogiła żołnierzy AK, Przemysłowa, 36-040 Boguchwała, Polska",
        "address_line1": "Mogiła żołnierzy AK",
        "address_line2": "Przemysłowa, 36-040 Boguchwała, Polska",
        "categories": [
          "tourism",
          "tourism.sights",
          "tourism.sights.memorial"
        ],
        "details": [
          "details.historic"
        ],
        "datasource": {
          "sourcename": "openstreetmap",
          "attribution": "© OpenStreetMap contributors",
          "license": "Open Database License",
          "url": "https://www.openstreetmap.org/copyright",
          "raw": {
            "lat": 49.9860043,
            "lon": 21.9425878,
            "name": "Mogiła żołnierzy AK",
            "osm_id": 13274622156,
            "historic": "memorial",
            "memorial": "war_memorial",
            "osm_type": "n"
          }
        },
        "historic": {
          "type": "memorial",
          "memorial": "war_memorial"
        },
        "distance": 7180,
        "place_id": "51cc9b1e6f4df1354059911b8f6335fe4840f00103f901cca83a17030000009203164d6f6769c5826120c5bc6fc5826e6965727a7920414b"
      },
      "geometry": {
        "type": "Point",
        "coordinates": [
          21.9425878,
          49.9860043
        ]
      }
    },
    {
      "type": "Feature",
      "properties": {
        "name": "Grunwald 1410-1910",
        "country": "Polska",
        "country_code": "pl",
        "state": "województwo podkarpackie",
        "county": "powiat rzeszowski",
        "city": "Boguchwała",
        "municipality": "gmina Boguchwała",
        "postcode": "35-083",
        "district": "Za Kościołem",
        "street": "Grunwaldzka",
        "iso3166_2": "PL-18",
        "lon": 21.9444917,
        "lat": 49.9841915,
        "state_code": "PK",
        "formatted": "Grunwald 1410-1910, Grunwaldzka, 35-083 Boguchwała, Polska",
        "address_line1": "Grunwald 1410-1910",
        "address_line2": "Grunwaldzka, 35-083 Boguchwała, Polska",
        "categories": [
          "tourism",
          "tourism.sights",
          "tourism.sights.memorial"
        ],
        "details": [
          "details",
          "details.historic"
        ],
        "datasource": {
          "sourcename": "openstreetmap",
          "attribution": "© OpenStreetMap contributors",
          "license": "Open Database License",
          "url": "https://www.openstreetmap.org/copyright",
          "raw": {
            "lat": 49.9841915,
            "lon": 21.9444917,
            "name": "Grunwald 1410-1910",
            "osm_id": 3061895002,
            "historic": "memorial",
            "memorial": "obelisk",
            "osm_type": "n",
            "description": "Poległym na polu chwały w walce o wolność ojczyzny",
            "subject:wikidata": "Q33570"
          }
        },
        "description": "Poległym na polu chwały w walce o wolność ojczyzny",
        "historic": {
          "type": "memorial",
          "memorial": "obelisk"
        },
        "distance": 7259,
        "place_id": "51ecd74235caf135405927c0b0fcf9fd4840f00103f9015acf80b6000000009203124772756e77616c6420313431302d31393130"
      },
      "geometry": {
        "type": "Point",
        "coordinates": [
          21.9444917,
          49.9841915
        ]
      }
    },
    {
      "type": "Feature",
      "properties": {
        "name": "600-lecie militarnego zwycięstwa pod Grunwaldem 1410-2010",
        "country": "Polska",
        "country_code": "pl",
        "state": "województwo podkarpackie",
        "county": "powiat rzeszowski",
        "city": "Boguchwała",
        "municipality": "gmina Boguchwała",
        "postcode": "35-083",
        "district": "Za Kościołem",
        "street": "Grunwaldzka",
        "iso3166_2": "PL-18",
        "lon": 21.9444403,
        "lat": 49.9842053,
        "state_code": "PK",
        "formatted": "600-lecie militarnego zwycięstwa pod Grunwaldem 1410-2010, Grunwaldzka, 35-083 Boguchwała, Polska",
        "address_line1": "600-lecie militarnego zwycięstwa pod Grunwaldem 1410-2010",
        "address_line2": "Grunwaldzka, 35-083 Boguchwała, Polska",
        "categories": [
          "tourism",
          "tourism.sights",
          "tourism.sights.memorial"
        ],
        "details": [
          "details.historic"
        ],
        "datasource": {
          "sourcename": "openstreetmap",
          "attribution": "© OpenStreetMap contributors",
          "license": "Open Database License",
          "url": "https://www.openstreetmap.org/copyright",
          "raw": {
            "lat": 49.9842053,
            "lon": 21.9444403,
            "name": "600-lecie militarnego zwycięstwa pod Grunwaldem 1410-2010",
            "osm_id": 13019004201,
            "historic": "memorial",
            "memorial": "stone",
            "osm_type": "n"
          }
        },
        "historic": {
          "type": "memorial",
          "memorial": "stone"
        },
        "distance": 7260,
        "place_id": "514186e9d6c6f135405962067470fafd4840f00103f901293dfe070300000092033a3630302d6c65636965206d696c697461726e65676f207a77796369c4997374776120706f64204772756e77616c64656d20313431302d32303130"
      },
      "geometry": {
        "type": "Point",
        "coordinates": [
          21.9444403,
          49.9842053
        ]
      }
    },
    {
      "type": "Feature",
      "properties": {
        "name": "Tadeusz Kościuszko",
        "country": "Polska",
        "country_code": "pl",
        "state": "województwo podkarpackie",
        "county": "powiat rzeszowski",
        "city": "Boguchwała",
        "municipality": "gmina Boguchwała",
        "postcode": "36-040",
        "district": "Koło Gościńca",
        "street": "Kwiatowa",
        "iso3166_2": "PL-18",
        "lon": 21.9390063,
        "lat": 49.9850866,
        "state_code": "PK",
        "formatted": "Tadeusz Kościuszko, Kwiatowa, 36-040 Boguchwała, Polska",
        "address_line1": "Tadeusz Kościuszko",
        "address_line2": "Kwiatowa, 36-040 Boguchwała, Polska",
        "categories": [
          "tourism",
          "tourism.sights",
          "tourism.sights.memorial"
        ],
        "details": [
          "details.historic"
        ],
        "datasource": {
          "sourcename": "openstreetmap",
          "attribution": "© OpenStreetMap contributors",
          "license": "Open Database License",
          "url": "https://www.openstreetmap.org/copyright",
          "raw": {
            "lat": 49.9850866,
            "lon": 21.9390063,
            "name": "Tadeusz Kościuszko",
            "osm_id": 12295969917,
            "historic": "memorial",
            "osm_type": "n",
            "inscription": "T. KOŚCIUSZKO",
            "subject:wikipedia": "https://pl.wikipedia.org/wiki/Tadeusz_Ko%C5%9Bciuszko"
          }
        },
        "historic": {
          "type": "memorial",
          "inscription": "T. KOŚCIUSZKO"
        },
        "distance": 7419,
        "place_id": "51eb3c85b762f03540592a5d555117fe4840f00103f9017d9ce5dc020000009203135461646575737a204b6fc59b636975737a6b6f"
      },
      "geometry": {
        "type": "Point",
        "coordinates": [
          21.9390063,
          49.9850866
        ]
      }
    },
    {
      "type": "Feature",
      "properties": {
        "name": "Ks. Kan. Marceli Sochański",
        "country": "Polska",
        "country_code": "pl",
        "state": "województwo podkarpackie",
        "county": "powiat rzeszowski",
        "city": "Racławówka",
        "hamlet": "Zagrody",
        "municipality": "gmina Boguchwała",
        "postcode": "36-047",
        "street": "S19",
        "iso3166_2": "PL-18",
        "lon": 21.9138176,
        "lat": 50.0035116,
        "state_code": "PK",
        "formatted": "Ks. Kan. Marceli Sochański, S19, 36-047 Racławówka, Polska",
        "address_line1": "Ks. Kan. Marceli Sochański",
        "address_line2": "S19, 36-047 Racławówka, Polska",
        "categories": [
          "tourism",
          "tourism.sights",
          "tourism.sights.memorial"
        ],
        "details": [
          "details.historic"
        ],
        "datasource": {
          "sourcename": "openstreetmap",
          "attribution": "© OpenStreetMap contributors",
          "license": "Open Database License",
          "url": "https://www.openstreetmap.org/copyright",
          "raw": {
            "lat": 50.0035116,
            "lon": 21.9138176,
            "name": "Ks. Kan. Marceli Sochański",
            "osm_id": 3061895014,
            "historic": "memorial",
            "memorial": "plaque",
            "osm_type": "n"
          }
        },
        "historic": {
          "type": "memorial",
          "memorial": "plaque"
        },
        "distance": 7460,
        "place_id": "515c8242f3efe93540590d946f1173004940f00103f90166cf80b60000000092031b4b732e204b616e2e204d617263656c6920536f636861c584736b69"
      },
      "geometry": {
        "type": "Point",
        "coordinates": [
          21.9138176,
          50.0035116
        ]
      }
    },
    {
      "type": "Feature",
      "properties": {
        "name": "Pomnik Grunwaldu",
        "country": "Polska",
        "country_code": "pl",
        "state": "województwo podkarpackie",
        "city": "Rzeszów",
        "hamlet": "Góra",
        "postcode": "35-317",
        "district": "Hiszpanka",
        "suburb": "Budziwój",
        "street": "Budziwojska",
        "iso3166_2": "PL-18",
        "lon": 21.9948135,
        "lat": 49.9664006,
        "state_code": "PK",
        "formatted": "Pomnik Grunwaldu, Budziwojska, 35-317 Rzeszów, Polska",
        "address_line1": "Pomnik Grunwaldu",
        "address_line2": "Budziwojska, 35-317 Rzeszów, Polska",
        "categories": [
          "tourism",
          "tourism.sights",
          "tourism.sights.memorial",
          "tourism.sights.memorial.monument"
        ],
        "details": [],
        "datasource": {
          "sourcename": "openstreetmap",
          "attribution": "© OpenStreetMap contributors",
          "license": "Open Database License",
          "url": "https://www.openstreetmap.org/copyright",
          "raw": {
            "lat": 49.96640074312143,
            "lon": 21.994813538324653,
            "name": "Pomnik Grunwaldu",
            "osm_id": 289717492,
            "historic": "monument",
            "osm_type": "w",
            "subject:wikidata": "Q33570"
          }
        },
        "historic": {
          "type": "monument"
        },
        "distance": 7880,
        "place_id": "51f1b89c19acfe354059b1440105b3fb4840f00102f901f4bc441100000000920310506f6d6e696b204772756e77616c6475"
      },
      "geometry": {
        "type": "Point",
        "coordinates": [
          21.994813538324653,
          49.96640074312143
        ]
      }
    },
    {
      "type": "Feature",
      "properties": {
        "name": "Strzelców Budziwojskich",
        "country": "Polska",
        "country_code": "pl",
        "state": "województwo podkarpackie",
        "city": "Rzeszów",
        "hamlet": "Góra",
        "postcode": "35-317",
        "suburb": "Budziwój",
        "street": "Podleśna",
        "iso3166_2": "PL-18",
        "lon": 21.9845656,
        "lat": 49.9668363,
        "state_code": "PK",
        "formatted": "Strzelców Budziwojskich, Podleśna, 35-317 Rzeszów, Polska",
        "address_line1": "Strzelców Budziwojskich",
        "address_line2": "Podleśna, 35-317 Rzeszów, Polska",
        "categories": [
          "tourism",
          "tourism.sights",
          "tourism.sights.memorial"
        ],
        "details": [
          "details.historic"
        ],
        "datasource": {
          "sourcename": "openstreetmap",
          "attribution": "© OpenStreetMap contributors",
          "license": "Open Database License",
          "url": "https://www.openstreetmap.org/copyright",
          "raw": {
            "lat": 49.9668363,
            "lon": 21.9845656,
            "name": "Strzelców Budziwojskich",
            "osm_id": 13732139317,
            "historic": "memorial",
            "memorial": "plaque",
            "osm_type": "n"
          }
        },
        "historic": {
          "type": "memorial",
          "memorial": "plaque"
        },
        "distance": 7928,
        "place_id": "5141c4bc7d0cfc354059f68ab84ac1fb4840f00103f90135d17f32030000009203185374727a656c63c3b377204275647a69776f6a736b696368"
      },
      "geometry": {
        "type": "Point",
        "coordinates": [
          21.9845656,
          49.9668363
        ]
      }
    },
    {
      "type": "Feature",
      "properties": {
        "name": "Stanowisko z epoki żelaza",
        "country": "Polska",
        "country_code": "pl",
        "state": "województwo podkarpackie",
        "county": "powiat rzeszowski",
        "city": "Głogów Małopolski",
        "municipality": "gmina Głogów Małopolski",
        "postcode": "36-054",
        "district": "Rogoźnica",
        "suburb": "Rogoźnica",
        "street": "Magazynowa",
        "iso3166_2": "PL-18",
        "lon": 21.9448973,
        "lat": 50.0988644,
        "state_code": "PK",
        "formatted": "Stanowisko z epoki żelaza, Magazynowa, 36-054 Głogów Małopolski, Polska",
        "address_line1": "Stanowisko z epoki żelaza",
        "address_line2": "Magazynowa, 36-054 Głogów Małopolski, Polska",
        "categories": [
          "heritage",
          "tourism",
          "tourism.sights",
          "tourism.sights.archaeological_site"
        ],
        "details": [
          "details",
          "details.heritage"
        ],
        "datasource": {
          "sourcename": "openstreetmap",
          "attribution": "© OpenStreetMap contributors",
          "license": "Open Database License",
          "url": "https://www.openstreetmap.org/copyright",
          "raw": {
            "lat": 50.0988644,
            "lon": 21.9448973,
            "name": "Stanowisko z epoki żelaza",
            "osm_id": 5169172596,
            "ref:nid": "A-851",
            "heritage": 2,
            "historic": "archaeological_site",
            "osm_type": "n",
            "archaeological_site": "settlement"
          }
        },
        "ref_other": {
          "nid": "A-851"
        },
        "historic": {
          "type": "archaeological_site"
        },
        "heritage": {
          "level": 2,
          "ref": "A-851"
        },
        "distance": 8078,
        "place_id": "51269419cae4f13540598c5eb296a70c4940f00103f90174501b340100000092031a5374616e6f7769736b6f207a2065706f6b6920c5bc656c617a61"
      },
      "geometry": {
        "type": "Point",
        "coordinates": [
          21.9448973,
          50.0988644
        ]
      }
    },
    {
      "type": "Feature",
      "properties": {
        "name": "Ludwik Wodzicki",
        "country": "Polska",
        "country_code": "pl",
        "state": "województwo podkarpackie",
        "county": "powiat rzeszowski",
        "city": "Tyczyn",
        "municipality": "gmina Tyczyn",
        "postcode": "35-304",
        "district": "Osiedle 600-lecia",
        "street": "Parkowa",
        "iso3166_2": "PL-18",
        "lon": 22.0251995,
        "lat": 49.9646917,
        "state_code": "PK",
        "formatted": "Ludwik Wodzicki, Parkowa, 35-304 Tyczyn, Polska",
        "address_line1": "Ludwik Wodzicki",
        "address_line2": "Parkowa, 35-304 Tyczyn, Polska",
        "categories": [
          "tourism",
          "tourism.sights",
          "tourism.sights.memorial"
        ],
        "details": [
          "details.historic"
        ],
        "datasource": {
          "sourcename": "openstreetmap",
          "attribution": "© OpenStreetMap contributors",
          "license": "Open Database License",
          "url": "https://www.openstreetmap.org/copyright",
          "raw": {
            "lat": 49.9646917,
            "lon": 22.0251995,
            "name": "Ludwik Wodzicki",
            "osm_id": 13732239980,
            "historic": "memorial",
            "memorial": "stolperstein",
            "osm_type": "n"
          }
        },
        "historic": {
          "type": "memorial",
          "memorial": "stolperstein"
        },
        "distance": 8185,
        "place_id": "51246074797306364059801c83047bfb4840f00103f9016c5a81320300000092030f4c756477696b20576f647a69636b69"
      },
      "geometry": {
        "type": "Point",
        "coordinates": [
          22.0251995,
          49.9646917
        ]
      }
    },
    {
      "type": "Feature",
      "properties": {
        "name": "Pamiątka kościoła św. Krzyża",
        "country": "Polska",
        "country_code": "pl",
        "state": "województwo podkarpackie",
        "county": "powiat rzeszowski",
        "city": "Tyczyn",
        "municipality": "gmina Tyczyn",
        "postcode": "36-020",
        "street": "Świętego Krzyża",
        "iso3166_2": "PL-18",
        "lon": 22.03187,
        "lat": 49.9642675,
        "state_code": "PK",
        "formatted": "Pamiątka kościoła św. Krzyża, Świętego Krzyża, 36-020 Tyczyn, Polska",
        "address_line1": "Pamiątka kościoła św. Krzyża",
        "address_line2": "Świętego Krzyża, 36-020 Tyczyn, Polska",
        "categories": [
          "tourism",
          "tourism.sights",
          "tourism.sights.memorial"
        ],
        "details": [],
        "datasource": {
          "sourcename": "openstreetmap",
          "attribution": "© OpenStreetMap contributors",
          "license": "Open Database License",
          "url": "https://www.openstreetmap.org/copyright",
          "raw": {
            "lat": 49.9642675,
            "lon": 22.03187,
            "name": "Pamiątka kościoła św. Krzyża",
            "osm_id": 3049600926,
            "historic": "memorial",
            "osm_type": "n"
          }
        },
        "historic": {
          "type": "memorial"
        },
        "distance": 8333,
        "place_id": "5139b9dfa128083640593f8c101e6dfb4840f00103f9019e37c5b50000000092032150616d69c485746b61206b6fc59b63696fc5826120c59b772e204b727a79c5bc61"
      },
      "geometry": {
        "type": "Point",
        "coordinates": [
          22.03187,
          49.9642675
        ]
      }
    },
    {
      "type": "Feature",
      "properties": {
        "name": "Jubileusz Grunwaldu 1410-1910",
        "country": "Polska",
        "country_code": "pl",
        "state": "województwo podkarpackie",
        "county": "powiat rzeszowski",
        "city": "Tyczyn",
        "municipality": "gmina Tyczyn",
        "postcode": "36-020",
        "street": "Rynek",
        "iso3166_2": "PL-18",
        "lon": 22.0335049,
        "lat": 49.9637196,
        "state_code": "PK",
        "formatted": "Jubileusz Grunwaldu 1410-1910, Rynek, 36-020 Tyczyn, Polska",
        "address_line1": "Jubileusz Grunwaldu 1410-1910",
        "address_line2": "Rynek, 36-020 Tyczyn, Polska",
        "categories": [
          "tourism",
          "tourism.sights",
          "tourism.sights.memorial"
        ],
        "details": [
          "details.historic"
        ],
        "datasource": {
          "sourcename": "openstreetmap",
          "attribution": "© OpenStreetMap contributors",
          "license": "Open Database License",
          "url": "https://www.openstreetmap.org/copyright",
          "raw": {
            "lat": 49.9637196,
            "lon": 22.0335049,
            "name": "Jubileusz Grunwaldu 1410-1910",
            "osm_id": 3049600914,
            "historic": "memorial",
            "memorial": "obelisk",
            "osm_type": "n",
            "subject:wikidata": "Q33570"
          }
        },
        "historic": {
          "type": "memorial",
          "memorial": "obelisk"
        },
        "distance": 8421,
        "place_id": "5179c1f1c69308364059d141f2295bfb4840f00103f9019237c5b50000000092031d4a7562696c6575737a204772756e77616c647520313431302d31393130"
      },
      "geometry": {
        "type": "Point",
        "coordinates": [
          22.0335049,
          49.9637196
        ]
      }
    },
    {
      "type": "Feature",
      "properties": {
        "name": "Jerzy z Tyczyna",
        "country": "Polska",
        "country_code": "pl",
        "state": "województwo podkarpackie",
        "county": "powiat rzeszowski",
        "city": "Tyczyn",
        "municipality": "gmina Tyczyn",
        "postcode": "36-020",
        "street": "Rynek",
        "iso3166_2": "PL-18",
        "lon": 22.0337025,
        "lat": 49.9628157,
        "state_code": "PK",
        "formatted": "Jerzy z Tyczyna, Rynek, 36-020 Tyczyn, Polska",
        "address_line1": "Jerzy z Tyczyna",
        "address_line2": "Rynek, 36-020 Tyczyn, Polska",
        "categories": [
          "tourism",
          "tourism.sights",
          "tourism.sights.memorial"
        ],
        "details": [
          "details.historic"
        ],
        "datasource": {
          "sourcename": "openstreetmap",
          "attribution": "© OpenStreetMap contributors",
          "license": "Open Database License",
          "url": "https://www.openstreetmap.org/copyright",
          "raw": {
            "lat": 49.9628157,
            "lon": 22.0337025,
            "name": "Jerzy z Tyczyna",
            "osm_id": 13732308631,
            "historic": "memorial",
            "material": "metal",
            "memorial": "plaque",
            "osm_type": "n"
          }
        },
        "historic": {
          "type": "memorial",
          "memorial": "plaque"
        },
        "distance": 8522,
        "place_id": "511f4b1fbaa008364059a5c97b8b3dfb4840f00103f901976682320300000092030f4a65727a79207a205479637a796e61"
      },
      "geometry": {
        "type": "Point",
        "coordinates": [
          22.0337025,
          49.9628157
        ]
      }
    },
    {
      "type": "Feature",
      "properties": {
        "name": "Żołnierze AK",
        "country": "Polska",
        "country_code": "pl",
        "state": "województwo podkarpackie",
        "county": "powiat rzeszowski",
        "city": "Tyczyn",
        "municipality": "gmina Tyczyn",
        "postcode": "36-020",
        "street": "Strażacka",
        "iso3166_2": "PL-18",
        "lon": 22.0334398,
        "lat": 49.9624204,
        "state_code": "PK",
        "formatted": "Żołnierze AK, Strażacka, 36-020 Tyczyn, Polska",
        "address_line1": "Żołnierze AK",
        "address_line2": "Strażacka, 36-020 Tyczyn, Polska",
        "categories": [
          "tourism",
          "tourism.sights",
          "tourism.sights.memorial"
        ],
        "details": [
          "details.historic"
        ],
        "datasource": {
          "sourcename": "openstreetmap",
          "attribution": "© OpenStreetMap contributors",
          "license": "Open Database License",
          "url": "https://www.openstreetmap.org/copyright",
          "raw": {
            "lat": 49.9624204,
            "lon": 22.0334398,
            "name": "Żołnierze AK",
            "osm_id": 13732308633,
            "historic": "memorial",
            "material": "metal",
            "memorial": "plaque",
            "osm_type": "n"
          }
        },
        "historic": {
          "type": "memorial",
          "memorial": "plaque"
        },
        "distance": 8560,
        "place_id": "518162bf828f083640596a80779730fb4840f00103f901996682320300000092030ec5bb6fc5826e6965727a6520414b"
      },
      "geometry": {
        "type": "Point",
        "coordinates": [
          22.0334398,
          49.9624204
        ]
      }
    },
    {
      "type": "Feature",
      "properties": {
        "name": "Pomnik Czynu Patriotycznego A.D. 1991",
        "country": "Polska",
        "country_code": "pl",
        "state": "województwo podkarpackie",
        "county": "powiat rzeszowski",
        "city": "Tyczyn",
        "municipality": "gmina Tyczyn",
        "postcode": "36-020",
        "street": "Adama Mickiewicza",
        "iso3166_2": "PL-18",
        "lon": 22.0342986,
        "lat": 49.9607496,
        "state_code": "PK",
        "formatted": "Pomnik Czynu Patriotycznego A.D. 1991, Adama Mickiewicza, 36-020 Tyczyn, Polska",
        "address_line1": "Pomnik Czynu Patriotycznego A.D. 1991",
        "address_line2": "Adama Mickiewicza, 36-020 Tyczyn, Polska",
        "categories": [
          "tourism",
          "tourism.sights",
          "tourism.sights.memorial",
          "tourism.sights.memorial.monument"
        ],
        "details": [],
        "datasource": {
          "sourcename": "openstreetmap",
          "attribution": "© OpenStreetMap contributors",
          "license": "Open Database License",
          "url": "https://www.openstreetmap.org/copyright",
          "raw": {
            "lat": 49.9607496,
            "lon": 22.0342986,
            "name": "Pomnik Czynu Patriotycznego A.D. 1991",
            "osm_id": 3049600927,
            "historic": "monument",
            "osm_type": "n"
          }
        },
        "historic": {
          "type": "monument"
        },
        "distance": 8755,
        "place_id": "51704c05cbc70836405992d2c7d7f9fa4840f00103f9019f37c5b500000000920325506f6d6e696b20437a796e752050617472696f7479637a6e65676f20412e442e2031393931"
      },
      "geometry": {
        "type": "Point",
        "coordinates": [
          22.0342986,
          49.9607496
        ]
      }
    },
    {
      "type": "Feature",
      "properties": {
        "name": "Jan Paweł II",
        "country": "Polska",
        "country_code": "pl",
        "state": "województwo podkarpackie",
        "county": "powiat rzeszowski",
        "city": "Boguchwała",
        "municipality": "gmina Boguchwała",
        "postcode": "36-040",
        "district": "Za Koleją",
        "street": "Partyzantów",
        "iso3166_2": "PL-18",
        "lon": 21.9162732,
        "lat": 49.9808721,
        "state_code": "PK",
        "formatted": "Jan Paweł II, Partyzantów, 36-040 Boguchwała, Polska",
        "address_line1": "Jan Paweł II",
        "address_line2": "Partyzantów, 36-040 Boguchwała, Polska",
        "categories": [
          "tourism",
          "tourism.sights",
          "tourism.sights.memorial",
          "tourism.sights.memorial.monument"
        ],
        "details": [],
        "datasource": {
          "sourcename": "openstreetmap",
          "attribution": "© OpenStreetMap contributors",
          "license": "Open Database License",
          "url": "https://www.openstreetmap.org/copyright",
          "raw": {
            "lat": 49.9808721,
            "lon": 21.9162732,
            "name": "Jan Paweł II",
            "osm_id": 3057143536,
            "historic": "monument",
            "osm_type": "n",
            "subject:wikidata": "Q989"
          }
        },
        "historic": {
          "type": "monument"
        },
        "distance": 8861,
        "place_id": "51863364e190ea35405988878b378dfd4840f00103f901f04e38b60000000092030d4a616e2050617765c582204949"
      },
      "geometry": {
        "type": "Point",
        "coordinates": [
          21.9162732,
          49.9808721
        ]
      }
    },
    {
      "type": "Feature",
      "properties": {
        "name": "Pamięci Pomordowanych przez Hitlerowców Członków Ruchu Oporu",
        "country": "Polska",
        "country_code": "pl",
        "state": "województwo podkarpackie",
        "city": "Rzeszów",
        "hamlet": "Półanek",
        "postcode": "35-317",
        "suburb": "Budziwój",
        "street": "Budziwojska",
        "iso3166_2": "PL-18",
        "lon": 21.9653843,
        "lat": 49.9608105,
        "state_code": "PK",
        "formatted": "Pamięci Pomordowanych przez Hitlerowców Członków Ruchu Oporu, Budziwojska, 35-317 Rzeszów, Polska",
        "address_line1": "Pamięci Pomordowanych przez Hitlerowców Członków Ruchu Oporu",
        "address_line2": "Budziwojska, 35-317 Rzeszów, Polska",
        "categories": [
          "tourism",
          "tourism.sights",
          "tourism.sights.memorial"
        ],
        "details": [
          "details.historic"
        ],
        "datasource": {
          "sourcename": "openstreetmap",
          "attribution": "© OpenStreetMap contributors",
          "license": "Open Database License",
          "url": "https://www.openstreetmap.org/copyright",
          "raw": {
            "lat": 49.960810499999994,
            "lon": 21.9653843,
            "name": "Pamięci Pomordowanych przez Hitlerowców Członków Ruchu Oporu",
            "osm_id": 198059704,
            "historic": "memorial",
            "memorial": "stone",
            "osm_type": "w",
            "subject:wikidata": "Q2363019"
          }
        },
        "historic": {
          "type": "memorial",
          "memorial": "stone"
        },
        "distance": 8915,
        "place_id": "516592ec6c23f7354059a293a5d6fbfa4840f00102f901b826ce0b0000000092034050616d69c499636920506f6d6f72646f77616e7963682070727a657a204869746c65726f7763c3b37720437ac5826f6e6bc3b377205275636875204f706f7275"
      },
      "geometry": {
        "type": "Point",
        "coordinates": [
          21.9653843,
          49.960810499999994
        ]
      }
    },
    {
      "type": "Feature",
      "properties": {
        "name": "Osada z epoki brązu",
        "country": "Polska",
        "country_code": "pl",
        "state": "województwo podkarpackie",
        "county": "powiat rzeszowski",
        "city": "Mrowla",
        "municipality": "gmina Świlcza",
        "postcode": "36-054",
        "street": "869",
        "iso3166_2": "PL-18",
        "lon": 21.9231662,
        "lat": 50.1106235,
        "state_code": "PK",
        "formatted": "Osada z epoki brązu, 869, 36-054 Mrowla, Polska",
        "address_line1": "Osada z epoki brązu",
        "address_line2": "869, 36-054 Mrowla, Polska",
        "categories": [
          "heritage",
          "tourism",
          "tourism.sights",
          "tourism.sights.archaeological_site"
        ],
        "details": [
          "details",
          "details.heritage"
        ],
        "datasource": {
          "sourcename": "openstreetmap",
          "attribution": "© OpenStreetMap contributors",
          "license": "Open Database License",
          "url": "https://www.openstreetmap.org/copyright",
          "raw": {
            "lat": 50.1106235,
            "lon": 21.9231662,
            "name": "Osada z epoki brązu",
            "osm_id": 5169172595,
            "ref:nid": "A-690",
            "heritage": 2,
            "historic": "archaeological_site",
            "osm_type": "n",
            "archaeological_site": "settlement"
          }
        },
        "ref_other": {
          "nid": "A-690"
        },
        "historic": {
          "type": "archaeological_site"
        },
        "heritage": {
          "level": 2,
          "ref": "A-690"
        },
        "distance": 10027,
        "place_id": "51c9c5bd9e54ec354059a4552de9280e4940f00103f90173501b34010000009203144f73616461207a2065706f6b69206272c4857a75"
      },
      "geometry": {
        "type": "Point",
        "coordinates": [
          21.9231662,
          50.1106235
        ]
      }
    },
    {
      "type": "Feature",
      "properties": {
        "name": "św. Florian",
        "country": "Polska",
        "country_code": "pl",
        "state": "województwo podkarpackie",
        "county": "powiat rzeszowski",
        "city": "Jasionka",
        "hamlet": "Kmiecie",
        "municipality": "gmina Trzebownisko",
        "postcode": "36-002",
        "street": "878",
        "iso3166_2": "PL-18",
        "lon": 22.058943,
        "lat": 50.1205737,
        "state_code": "PK",
        "formatted": "św. Florian, 878, 36-002 Jasionka, Polska",
        "address_line1": "św. Florian",
        "address_line2": "878, 36-002 Jasionka, Polska",
        "categories": [
          "tourism",
          "tourism.sights",
          "tourism.sights.memorial"
        ],
        "details": [
          "details.historic"
        ],
        "datasource": {
          "sourcename": "openstreetmap",
          "attribution": "© OpenStreetMap contributors",
          "license": "Open Database License",
          "url": "https://www.openstreetmap.org/copyright",
          "raw": {
            "lat": 50.1205737,
            "lon": 22.058943,
            "name": "św. Florian",
            "osm_id": 5038613091,
            "historic": "memorial",
            "memorial": "statue",
            "osm_type": "n",
            "subject:wikidata": "Q298845"
          }
        },
        "historic": {
          "type": "memorial",
          "memorial": "statue"
        },
        "distance": 10094,
        "place_id": "51005471e3160f364059fd2081f56e0f4940f00103f9016322532c0100000092030cc59b772e20466c6f7269616e"
      },
      "geometry": {
        "type": "Point",
        "coordinates": [
          22.058943,
          50.1205737
        ]
      }
    },
    {
      "type": "Feature",
      "properties": {
        "name": "Grunwald",
        "country": "Polska",
        "country_code": "pl",
        "state": "województwo podkarpackie",
        "county": "powiat rzeszowski",
        "city": "Jasionka",
        "hamlet": "Kmiecie",
        "municipality": "gmina Trzebownisko",
        "postcode": "36-002",
        "street": "878",
        "iso3166_2": "PL-18",
        "lon": 22.0589461,
        "lat": 50.1206059,
        "state_code": "PK",
        "formatted": "Grunwald, 878, 36-002 Jasionka, Polska",
        "address_line1": "Grunwald",
        "address_line2": "878, 36-002 Jasionka, Polska",
        "categories": [
          "tourism",
          "tourism.sights",
          "tourism.sights.memorial"
        ],
        "details": [
          "details.historic"
        ],
        "datasource": {
          "sourcename": "openstreetmap",
          "attribution": "© OpenStreetMap contributors",
          "license": "Open Database License",
          "url": "https://www.openstreetmap.org/copyright",
          "raw": {
            "lat": 50.1206059,
            "lon": 22.0589461,
            "name": "Grunwald",
            "osm_id": 5038613092,
            "historic": "memorial",
            "memorial": "stone",
            "osm_type": "n",
            "subject:wikidata": "Q33570"
          }
        },
        "historic": {
          "type": "memorial",
          "memorial": "stone"
        },
        "distance": 10097,
        "place_id": "510cba7317170f364059321a9e03700f4940f00103f9016422532c010000009203084772756e77616c64"
      },
      "geometry": {
        "type": "Point",
        "coordinates": [
          22.0589461,
          50.1206059
        ]
      }
    },
    {
      "type": "Feature",
      "properties": {
        "name": "Grodzisko",
        "country": "Polska",
        "country_code": "pl",
        "state": "województwo podkarpackie",
        "county": "powiat rzeszowski",
        "city": "Mrowla",
        "hamlet": "Gęsiówka",
        "municipality": "gmina Świlcza",
        "postcode": "36-054",
        "street": "A4",
        "iso3166_2": "PL-18",
        "lon": 21.9170028,
        "lat": 50.1102204,
        "state_code": "PK",
        "formatted": "Grodzisko, A4, 36-054 Mrowla, Polska",
        "address_line1": "Grodzisko",
        "address_line2": "A4, 36-054 Mrowla, Polska",
        "categories": [
          "heritage",
          "tourism",
          "tourism.sights",
          "tourism.sights.archaeological_site"
        ],
        "details": [
          "details",
          "details.heritage",
          "details.historic"
        ],
        "datasource": {
          "sourcename": "openstreetmap",
          "attribution": "© OpenStreetMap contributors",
          "license": "Open Database License",
          "url": "https://www.openstreetmap.org/copyright",
          "raw": {
            "lat": 50.1102204,
            "lon": 21.9170028,
            "name": "Grodzisko",
            "osm_id": 2431243159,
            "ref:nid": "A-668",
            "heritage": 2,
            "historic": "archaeological_site",
            "osm_type": "n",
            "fortification_type": "Grodzisko średniowieczne",
            "archaeological_site": "fortification"
          }
        },
        "ref_other": {
          "nid": "A-668"
        },
        "historic": {
          "type": "archaeological_site",
          "fortification_type": "Grodzisko średniowieczne"
        },
        "heritage": {
          "level": 2,
          "ref": "A-668"
        },
        "distance": 10253,
        "place_id": "5126570cb2c0ea35405910adbab31b0e4940f00103f90197d3e9900000000092030947726f647a69736b6f"
      },
      "geometry": {
        "type": "Point",
        "coordinates": [
          21.9170028,
          50.1102204
        ]
      }
    },
    {
      "type": "Feature",
      "properties": {
        "name": "Dwudziestolecie Niepodległości 1918-1938",
        "country": "Polska",
        "country_code": "pl",
        "state": "województwo podkarpackie",
        "county": "powiat rzeszowski",
        "city": "Mogielnica",
        "hamlet": "Korczyna",
        "municipality": "gmina Boguchwała",
        "postcode": "36-040",
        "street": "S19",
        "iso3166_2": "PL-18",
        "lon": 21.8929101,
        "lat": 49.9787177,
        "state_code": "PK",
        "formatted": "Dwudziestolecie Niepodległości 1918-1938, S19, 36-040 Mogielnica, Polska",
        "address_line1": "Dwudziestolecie Niepodległości 1918-1938",
        "address_line2": "S19, 36-040 Mogielnica, Polska",
        "categories": [
          "tourism",
          "tourism.sights",
          "tourism.sights.memorial",
          "tourism.sights.memorial.wayside_cross"
        ],
        "details": [
          "details.historic"
        ],
        "datasource": {
          "sourcename": "openstreetmap",
          "attribution": "© OpenStreetMap contributors",
          "license": "Open Database License",
          "url": "https://www.openstreetmap.org/copyright",
          "raw": {
            "lat": 49.9787177,
            "lon": 21.8929101,
            "name": "Dwudziestolecie Niepodległości 1918-1938",
            "osm_id": 3057143533,
            "historic": "wayside_cross",
            "osm_type": "n",
            "inscription": "DWUDZ. ROCZ. NIEPOLD. 1918-1938 W 50 ROCZNICE SOŁECTWA MOGIELNICA SPOŁECZEŃSTWO WSI 15 xi 1948 - 15 XI 1998"
          }
        },
        "historic": {
          "type": "wayside_cross",
          "inscription": "DWUDZ. ROCZ. NIEPOLD. 1918-1938 W 50 ROCZNICE SOŁECTWA MOGIELNICA SPOŁECZEŃSTWO WSI 15 xi 1948 - 15 XI 1998"
        },
        "distance": 10268,
        "place_id": "51a2c49dc195e435405917c2209f46fd4840f00103f901ed4e38b60000000092032a447775647a696573746f6c65636965204e6965706f646c6567c5826fc59b636920313931382d31393338"
      },
      "geometry": {
        "type": "Point",
        "coordinates": [
          21.8929101,
          49.9787177
        ]
      }
    },
    {
      "type": "Feature",
      "properties": {
        "name": "Figura Chrystusa",
        "country": "Polska",
        "country_code": "pl",
        "state": "województwo podkarpackie",
        "county": "powiat rzeszowski",
        "city": "Jasionka",
        "hamlet": "Gęsiówka",
        "municipality": "gmina Trzebownisko",
        "postcode": "36-002",
        "street": "DG 108805",
        "iso3166_2": "PL-18",
        "lon": 22.0565453,
        "lat": 50.1235734,
        "state_code": "PK",
        "formatted": "Figura Chrystusa, DG 108805, 36-002 Jasionka, Polska",
        "address_line1": "Figura Chrystusa",
        "address_line2": "DG 108805, 36-002 Jasionka, Polska",
        "categories": [
          "tourism",
          "tourism.sights",
          "tourism.sights.memorial",
          "tourism.sights.memorial.monument"
        ],
        "details": [],
        "datasource": {
          "sourcename": "openstreetmap",
          "attribution": "© OpenStreetMap contributors",
          "license": "Open Database License",
          "url": "https://www.openstreetmap.org/copyright",
          "raw": {
            "lat": 50.1235734,
            "lon": 22.0565453,
            "name": "Figura Chrystusa",
            "osm_id": 5038613242,
            "historic": "monument",
            "osm_type": "n",
            "subject:wikidata": "Q302"
          }
        },
        "historic": {
          "type": "monument"
        },
        "distance": 10338,
        "place_id": "51153eb6c0790e364059e8d3cf40d10f4940f00103f901fa22532c0100000092031046696775726120436872797374757361"
      },
      "geometry": {
        "type": "Point",
        "coordinates": [
          22.0565453,
          50.1235734
        ]
      }
    },
    {
      "type": "Feature",
      "properties": {
        "name": "Archanioł Michał",
        "country": "Polska",
        "country_code": "pl",
        "state": "województwo podkarpackie",
        "county": "powiat rzeszowski",
        "city": "Jasionka",
        "hamlet": "Gęsiówka",
        "municipality": "gmina Trzebownisko",
        "postcode": "36-002",
        "street": "DG 108805",
        "iso3166_2": "PL-18",
        "lon": 22.0561345,
        "lat": 50.1237004,
        "state_code": "PK",
        "formatted": "Archanioł Michał, DG 108805, 36-002 Jasionka, Polska",
        "address_line1": "Archanioł Michał",
        "address_line2": "DG 108805, 36-002 Jasionka, Polska",
        "categories": [
          "tourism",
          "tourism.sights",
          "tourism.sights.memorial"
        ],
        "details": [
          "details.historic"
        ],
        "datasource": {
          "sourcename": "openstreetmap",
          "attribution": "© OpenStreetMap contributors",
          "license": "Open Database License",
          "url": "https://www.openstreetmap.org/copyright",
          "raw": {
            "lat": 50.1237004,
            "lon": 22.0561345,
            "name": "Archanioł Michał",
            "osm_id": 5038613100,
            "historic": "memorial",
            "memorial": "statue",
            "osm_type": "n",
            "subject:wikidata": "Q45581"
          }
        },
        "historic": {
          "type": "memorial",
          "memorial": "statue"
        },
        "distance": 10341,
        "place_id": "5164ada1d45e0e36405945402a6ad50f4940f00103f9016c22532c0100000092031241726368616e696fc582204d69636861c582"
      },
      "geometry": {
        "type": "Point",
        "coordinates": [
          22.0561345,
          50.1237004
        ]
      }
    },
    {
      "type": "Feature",
      "properties": {
        "name": "Tadeusz Nalepa",
        "country": "Polska",
        "country_code": "pl",
        "state": "województwo podkarpackie",
        "county": "powiat rzeszowski",
        "city": "Nosówka",
        "hamlet": "Góra",
        "municipality": "gmina Boguchwała",
        "postcode": "36-046",
        "street": "Kalinowa",
        "iso3166_2": "PL-18",
        "lon": 21.8596755,
        "lat": 50.0128517,
        "state_code": "PK",
        "formatted": "Tadeusz Nalepa, Kalinowa, 36-046 Nosówka, Polska",
        "address_line1": "Tadeusz Nalepa",
        "address_line2": "Kalinowa, 36-046 Nosówka, Polska",
        "categories": [
          "tourism",
          "tourism.sights",
          "tourism.sights.memorial"
        ],
        "details": [
          "details.historic"
        ],
        "datasource": {
          "sourcename": "openstreetmap",
          "attribution": "© OpenStreetMap contributors",
          "license": "Open Database License",
          "url": "https://www.openstreetmap.org/copyright",
          "raw": {
            "lat": 50.0128517,
            "lon": 21.8596755,
            "name": "Tadeusz Nalepa",
            "osm_id": 10012286199,
            "historic": "memorial",
            "memorial": "plaque",
            "osm_type": "n",
            "subject:wikidata": "Q721006",
            "subject:wikipedia": "pl:Tadeusz Nalepa"
          }
        },
        "historic": {
          "type": "memorial",
          "memorial": "plaque"
        },
        "distance": 10685,
        "place_id": "5126ac8db113dc3540595899df1fa5014940f00103f901f75cc7540200000092030e5461646575737a204e616c657061"
      },
      "geometry": {
        "type": "Point",
        "coordinates": [
          21.8596755,
          50.0128517
        ]
      }
    },
    {
      "type": "Feature",
      "properties": {
        "name": "Zbiorowa Mogiła Żydowska",
        "country": "Polska",
        "country_code": "pl",
        "state": "województwo podkarpackie",
        "county": "powiat rzeszowski",
        "city": "Głogów Małopolski",
        "municipality": "gmina Głogów Małopolski",
        "postcode": "36-060",
        "street": "Biskupa Józefa Pelczara",
        "iso3166_2": "PL-18",
        "lon": 21.9724174,
        "lat": 50.1327259,
        "state_code": "PK",
        "formatted": "Zbiorowa Mogiła Żydowska, Biskupa Józefa Pelczara, 36-060 Głogów Małopolski, Polska",
        "address_line1": "Zbiorowa Mogiła Żydowska",
        "address_line2": "Biskupa Józefa Pelczara, 36-060 Głogów Małopolski, Polska",
        "categories": [
          "heritage",
          "tourism",
          "tourism.sights",
          "tourism.sights.memorial"
        ],
        "details": [
          "details.heritage"
        ],
        "datasource": {
          "sourcename": "openstreetmap",
          "attribution": "© OpenStreetMap contributors",
          "license": "Open Database License",
          "url": "https://www.openstreetmap.org/copyright",
          "raw": {
            "lat": 50.1327259,
            "lon": 21.9724174,
            "name": "Zbiorowa Mogiła Żydowska",
            "osm_id": 3822940220,
            "heritage": "yes",
            "historic": "memorial",
            "osm_type": "n",
            "memorial:type": "plate",
            "subject:wikidata": "Q2587808"
          }
        },
        "historic": {
          "type": "memorial",
          "memorial_details": {
            "type": "plate"
          }
        },
        "distance": 10885,
        "place_id": "51b50fc358f0f835405984ea8b29fd104940f00103f9013c70dde30000000092031a5a62696f726f7761204d6f6769c5826120c5bb79646f77736b61"
      },
      "geometry": {
        "type": "Point",
        "coordinates": [
          21.9724174,
          50.1327259
        ]
      }
    },
    {
      "type": "Feature",
      "properties": {
        "name": "Pomink pamięci poległych Żydów",
        "country": "Polska",
        "country_code": "pl",
        "state": "województwo podkarpackie",
        "county": "powiat rzeszowski",
        "city": "Głogów Małopolski",
        "municipality": "gmina Głogów Małopolski",
        "postcode": "36-060",
        "street": "Biskupa Józefa Pelczara",
        "iso3166_2": "PL-18",
        "lon": 21.9733042,
        "lat": 50.1328545,
        "state_code": "PK",
        "formatted": "Pomink pamięci poległych Żydów, Biskupa Józefa Pelczara, 36-060 Głogów Małopolski, Polska",
        "address_line1": "Pomink pamięci poległych Żydów",
        "address_line2": "Biskupa Józefa Pelczara, 36-060 Głogów Małopolski, Polska",
        "categories": [
          "tourism",
          "tourism.sights",
          "tourism.sights.memorial"
        ],
        "details": [
          "details.historic"
        ],
        "datasource": {
          "sourcename": "openstreetmap",
          "attribution": "© OpenStreetMap contributors",
          "license": "Open Database License",
          "url": "https://www.openstreetmap.org/copyright",
          "raw": {
            "lat": 50.1328545,
            "lon": 21.9733042,
            "name": "Pomink pamięci poległych Żydów",
            "osm_id": 3822940218,
            "historic": "memorial",
            "memorial": "war_memorial",
            "osm_type": "n",
            "subject:wikidata": "Q2587808"
          }
        },
        "historic": {
          "type": "memorial",
          "memorial": "war_memorial"
        },
        "distance": 10886,
        "place_id": "51380fcc762af93540592f50526001114940f00103f9013a70dde300000000920322506f6d696e6b2070616d69c499636920706f6c6567c58279636820c5bb7964c3b377"
      },
      "geometry": {
        "type": "Point",
        "coordinates": [
          21.9733042,
          50.1328545
        ]
      }
    },
    {
      "type": "Feature",
      "properties": {
        "name": "Zbiorowa Mogiła Żydowska",
        "country": "Polska",
        "country_code": "pl",
        "state": "województwo podkarpackie",
        "county": "powiat rzeszowski",
        "city": "Głogów Małopolski",
        "municipality": "gmina Głogów Małopolski",
        "postcode": "36-060",
        "street": "Biskupa Józefa Pelczara",
        "iso3166_2": "PL-18",
        "lon": 21.9731543,
        "lat": 50.1336364,
        "state_code": "PK",
        "formatted": "Zbiorowa Mogiła Żydowska, Biskupa Józefa Pelczara, 36-060 Głogów Małopolski, Polska",
        "address_line1": "Zbiorowa Mogiła Żydowska",
        "address_line2": "Biskupa Józefa Pelczara, 36-060 Głogów Małopolski, Polska",
        "categories": [
          "heritage",
          "tourism",
          "tourism.sights",
          "tourism.sights.memorial"
        ],
        "details": [
          "details.heritage"
        ],
        "datasource": {
          "sourcename": "openstreetmap",
          "attribution": "© OpenStreetMap contributors",
          "license": "Open Database License",
          "url": "https://www.openstreetmap.org/copyright",
          "raw": {
            "lat": 50.1336364,
            "lon": 21.9731543,
            "name": "Zbiorowa Mogiła Żydowska",
            "osm_id": 3822940221,
            "heritage": "yes",
            "historic": "memorial",
            "osm_type": "n",
            "memorial:type": "plate",
            "subject:wikidata": "Q2587808"
          }
        },
        "historic": {
          "type": "memorial",
          "memorial_details": {
            "type": "plate"
          }
        },
        "distance": 10973,
        "place_id": "513776e4a320f935405910c75fff1a114940f00103f9013d70dde30000000092031a5a62696f726f7761204d6f6769c5826120c5bb79646f77736b61"
      },
      "geometry": {
        "type": "Point",
        "coordinates": [
          21.9731543,
          50.1336364
        ]
      }
    },
    {
      "type": "Feature",
      "properties": {
        "name": "300km dróg",
        "country": "Polska",
        "country_code": "pl",
        "state": "województwo podkarpackie",
        "city": "Rzeszów",
        "hamlet": "Przylasek",
        "postcode": "35-317",
        "suburb": "Budziwój",
        "street": "Podleśna",
        "iso3166_2": "PL-18",
        "lon": 21.9794463,
        "lat": 49.9386345,
        "state_code": "PK",
        "formatted": "300km dróg, Podleśna, 35-317 Rzeszów, Polska",
        "address_line1": "300km dróg",
        "address_line2": "Podleśna, 35-317 Rzeszów, Polska",
        "categories": [
          "tourism",
          "tourism.sights",
          "tourism.sights.memorial",
          "tourism.sights.memorial.monument"
        ],
        "details": [],
        "datasource": {
          "sourcename": "openstreetmap",
          "attribution": "© OpenStreetMap contributors",
          "license": "Open Database License",
          "url": "https://www.openstreetmap.org/copyright",
          "raw": {
            "lat": 49.9386345,
            "lon": 21.9794463,
            "name": "300km dróg",
            "osm_id": 3008468567,
            "historic": "monument",
            "osm_type": "n"
          }
        },
        "historic": {
          "type": "monument"
        },
        "distance": 11082,
        "place_id": "512eb022febcfa354059db32e02c25f84840f00103f901579651b30000000092030b3330306b6d206472c3b367"
      },
      "geometry": {
        "type": "Point",
        "coordinates": [
          21.9794463,
          49.9386345
        ]
      }
    },
    {
      "type": "Feature",
      "properties": {
        "name": "Bohaterom Poległym za Wolność w Rocznicę Powstania",
        "country": "Polska",
        "country_code": "pl",
        "state": "województwo podkarpackie",
        "county": "powiat rzeszowski",
        "city": "Borek Stary",
        "hamlet": "Góra",
        "municipality": "gmina Tyczyn",
        "postcode": "36-020",
        "street": "878",
        "iso3166_2": "PL-18",
        "lon": 22.1003922,
        "lat": 49.9524252,
        "state_code": "PK",
        "formatted": "Bohaterom Poległym za Wolność w Rocznicę Powstania, 878, 36-020 Borek Stary, Polska",
        "address_line1": "Bohaterom Poległym za Wolność w Rocznicę Powstania",
        "address_line2": "878, 36-020 Borek Stary, Polska",
        "categories": [
          "tourism",
          "tourism.sights",
          "tourism.sights.memorial",
          "tourism.sights.memorial.monument"
        ],
        "details": [],
        "datasource": {
          "sourcename": "openstreetmap",
          "attribution": "© OpenStreetMap contributors",
          "license": "Open Database License",
          "url": "https://www.openstreetmap.org/copyright",
          "raw": {
            "lat": 49.9524252,
            "lon": 22.1003922,
            "date": 1913,
            "name": "Bohaterom Poległym za Wolność w Rocznicę Powstania",
            "osm_id": 3054117360,
            "historic": "monument",
            "osm_type": "n"
          }
        },
        "historic": {
          "type": "monument"
        },
        "distance": 11673,
        "place_id": "5104c69f4db31936405971f1a611e9f94840f00103f901f0210ab600000000920336426f68617465726f6d20506f6c6567c582796d207a6120576f6c6e6fc59bc487207720526f637a6e6963c49920506f777374616e6961"
      },
      "geometry": {
        "type": "Point",
        "coordinates": [
          22.1003922,
          49.9524252
        ]
      }
    },
    {
      "type": "Feature",
      "properties": {
        "name": "Pomnik św. Floriana",
        "country": "Polska",
        "country_code": "pl",
        "state": "województwo podkarpackie",
        "county": "powiat rzeszowski",
        "city": "Tyczyn",
        "municipality": "gmina Tyczyn",
        "postcode": "36-020",
        "district": "Księży Lasek",
        "street": "Adama Mickiewicza",
        "iso3166_2": "PL-18",
        "lon": 22.0199573,
        "lat": 49.9316469,
        "state_code": "PK",
        "formatted": "Pomnik św. Floriana, Adama Mickiewicza, 36-020 Tyczyn, Polska",
        "address_line1": "Pomnik św. Floriana",
        "address_line2": "Adama Mickiewicza, 36-020 Tyczyn, Polska",
        "categories": [
          "tourism",
          "tourism.sights",
          "tourism.sights.memorial",
          "tourism.sights.memorial.monument"
        ],
        "details": [
          "details"
        ],
        "datasource": {
          "sourcename": "openstreetmap",
          "attribution": "© OpenStreetMap contributors",
          "license": "Open Database License",
          "url": "https://www.openstreetmap.org/copyright",
          "raw": {
            "lat": 49.931646854645436,
            "lon": 22.019957330207628,
            "name": "Pomnik św. Floriana",
            "osm_id": 294712617,
            "website": "http://osp-hermanowa.sldc.pl/?page_id=45",
            "historic": "monument",
            "osm_type": "w"
          }
        },
        "website": "http://osp-hermanowa.sldc.pl/?page_id=45",
        "historic": {
          "type": "monument"
        },
        "distance": 11774,
        "place_id": "51a78e70ec1b05364059cc0f423440f74840f00102f90129f5901100000000920314506f6d6e696b20c59b772e20466c6f7269616e61"
      },
      "geometry": {
        "type": "Point",
        "coordinates": [
          22.019957330207628,
          49.931646854645436
        ]
      }
    },
    {
      "type": "Feature",
      "properties": {
        "name": "Pomnik Chwały Grunwaldzkiej",
        "country": "Polska",
        "country_code": "pl",
        "state": "województwo podkarpackie",
        "county": "powiat łańcucki",
        "city": "Kraczkowa",
        "municipality": "gmina Łańcut",
        "postcode": "37-124",
        "street": "94",
        "iso3166_2": "PL-18",
        "lon": 22.1693468,
        "lat": 50.038033,
        "state_code": "PK",
        "formatted": "Pomnik Chwały Grunwaldzkiej, 94, 37-124 Kraczkowa, Polska",
        "address_line1": "Pomnik Chwały Grunwaldzkiej",
        "address_line2": "94, 37-124 Kraczkowa, Polska",
        "categories": [
          "tourism",
          "tourism.sights",
          "tourism.sights.memorial",
          "tourism.sights.memorial.monument"
        ],
        "details": [],
        "datasource": {
          "sourcename": "openstreetmap",
          "attribution": "© OpenStreetMap contributors",
          "license": "Open Database License",
          "url": "https://www.openstreetmap.org/copyright",
          "raw": {
            "lat": 50.038033,
            "lon": 22.1693468,
            "name": "Pomnik Chwały Grunwaldzkiej",
            "osm_id": 3509227745,
            "historic": "monument",
            "osm_type": "n",
            "subject:wikidata": "Q33570"
          }
        },
        "historic": {
          "type": "monument"
        },
        "distance": 11846,
        "place_id": "51a8aed74f5a2b3640599a95ed43de044940f00103f901e1902ad10000000092031c506f6d6e696b2043687761c58279204772756e77616c647a6b69656a"
      },
      "geometry": {
        "type": "Point",
        "coordinates": [
          22.1693468,
          50.038033
        ]
      }
    },
    {
      "type": "Feature",
      "properties": {
        "name": "Pomnik poległych w I i II wojnie światowej",
        "country": "Polska",
        "country_code": "pl",
        "state": "województwo podkarpackie",
        "county": "powiat rzeszowski",
        "city": "Wólka Podleśna",
        "hamlet": "Morgi",
        "municipality": "gmina Trzebownisko",
        "postcode": "36-004",
        "street": "Rondo Księdza Jana Kalinki",
        "iso3166_2": "PL-18",
        "lon": 22.1125154,
        "lat": 50.1174565,
        "state_code": "PK",
        "formatted": "Pomnik poległych w I i II wojnie światowej, Rondo Księdza Jana Kalinki, 36-004 Wólka Podleśna, Polska",
        "address_line1": "Pomnik poległych w I i II wojnie światowej",
        "address_line2": "Rondo Księdza Jana Kalinki, 36-004 Wólka Podleśna, Polska",
        "categories": [
          "tourism",
          "tourism.sights",
          "tourism.sights.memorial"
        ],
        "details": [],
        "datasource": {
          "sourcename": "openstreetmap",
          "attribution": "© OpenStreetMap contributors",
          "license": "Open Database License",
          "url": "https://www.openstreetmap.org/copyright",
          "raw": {
            "lat": 50.1174565,
            "lon": 22.1125154,
            "name": "Pomnik poległych w I i II wojnie światowej",
            "osm_id": 11905155571,
            "historic": "memorial",
            "osm_type": "n"
          }
        },
        "historic": {
          "type": "memorial"
        },
        "distance": 11850,
        "place_id": "51de4b2bcfcd1c364059f01989d0080f4940f00103f901f3419ac50200000092032c506f6d6e696b20706f6c6567c58279636820772049206920494920776f6a6e696520c59b776961746f77656a"
      },
      "geometry": {
        "type": "Point",
        "coordinates": [
          22.1125154,
          50.1174565
        ]
      }
    },
    {
      "type": "Feature",
      "properties": {
        "name": "Dąb Papieski",
        "country": "Polska",
        "country_code": "pl",
        "state": "województwo podkarpackie",
        "county": "powiat rzeszowski",
        "city": "Głogów Małopolski",
        "municipality": "gmina Głogów Małopolski",
        "postcode": "36-060",
        "district": "Osiedle Niwa",
        "street": "Armii Krajowej",
        "iso3166_2": "PL-18",
        "lon": 21.9720153,
        "lat": 50.1416064,
        "state_code": "PK",
        "formatted": "Dąb Papieski, Armii Krajowej, 36-060 Głogów Małopolski, Polska",
        "address_line1": "Dąb Papieski",
        "address_line2": "Armii Krajowej, 36-060 Głogów Małopolski, Polska",
        "categories": [
          "tourism",
          "tourism.sights",
          "tourism.sights.memorial"
        ],
        "details": [
          "details.historic"
        ],
        "datasource": {
          "sourcename": "openstreetmap",
          "attribution": "© OpenStreetMap contributors",
          "license": "Open Database License",
          "url": "https://www.openstreetmap.org/copyright",
          "raw": {
            "lat": 50.1416064,
            "lon": 21.9720153,
            "name": "Dąb Papieski",
            "osm_id": 10695865331,
            "historic": "memorial",
            "memorial": "stone",
            "osm_type": "n"
          }
        },
        "historic": {
          "type": "memorial",
          "memorial": "stone"
        },
        "distance": 11858,
        "place_id": "512db6a4fed5f8354059c073942820124940f00103f901f3f3857d0200000092030d44c48562205061706965736b69"
      },
      "geometry": {
        "type": "Point",
        "coordinates": [
          21.9720153,
          50.1416064
        ]
      }
    },
    {
      "type": "Feature",
      "properties": {
        "name": "Osada z epoki kamienia",
        "country": "Polska",
        "country_code": "pl",
        "state": "województwo podkarpackie",
        "county": "powiat łańcucki",
        "city": "Kraczkowa",
        "municipality": "gmina Łańcut",
        "postcode": "37-124",
        "street": "94",
        "iso3166_2": "PL-18",
        "lon": 22.1696444,
        "lat": 50.0379253,
        "state_code": "PK",
        "formatted": "Osada z epoki kamienia, 94, 37-124 Kraczkowa, Polska",
        "address_line1": "Osada z epoki kamienia",
        "address_line2": "94, 37-124 Kraczkowa, Polska",
        "categories": [
          "heritage",
          "tourism",
          "tourism.sights",
          "tourism.sights.archaeological_site"
        ],
        "details": [
          "details",
          "details.heritage"
        ],
        "datasource": {
          "sourcename": "openstreetmap",
          "attribution": "© OpenStreetMap contributors",
          "license": "Open Database License",
          "url": "https://www.openstreetmap.org/copyright",
          "raw": {
            "lat": 50.0379253,
            "lon": 22.1696444,
            "name": "Osada z epoki kamienia",
            "osm_id": 5167009041,
            "ref:nid": "A-492",
            "heritage": 2,
            "historic": "archaeological_site",
            "osm_type": "n",
            "archaeological_site": "settlement"
          }
        },
        "ref_other": {
          "nid": "A-492"
        },
        "historic": {
          "type": "archaeological_site"
        },
        "heritage": {
          "level": 2,
          "ref": "A-492"
        },
        "distance": 11867,
        "place_id": "5115f3bdd06d2b364059729879bcda044940f00103f901114dfa33010000009203164f73616461207a2065706f6b69206b616d69656e6961"
      },
      "geometry": {
        "type": "Point",
        "coordinates": [
          22.1696444,
          50.0379253
        ]
      }
    },
    {
      "type": "Feature",
      "properties": {
        "name": "Poległym",
        "country": "Polska",
        "country_code": "pl",
        "state": "województwo podkarpackie",
        "county": "powiat rzeszowski",
        "city": "Stobierna",
        "hamlet": "Pod Arendą",
        "municipality": "gmina Trzebownisko",
        "postcode": "36-002",
        "street": "878",
        "iso3166_2": "PL-18",
        "lon": 22.0698818,
        "lat": 50.1396146,
        "state_code": "PK",
        "formatted": "Poległym, 878, 36-002 Stobierna, Polska",
        "address_line1": "Poległym",
        "address_line2": "878, 36-002 Stobierna, Polska",
        "categories": [
          "tourism",
          "tourism.sights",
          "tourism.sights.memorial"
        ],
        "details": [
          "details.historic"
        ],
        "datasource": {
          "sourcename": "openstreetmap",
          "attribution": "© OpenStreetMap contributors",
          "license": "Open Database License",
          "url": "https://www.openstreetmap.org/copyright",
          "raw": {
            "lat": 50.1396146,
            "lon": 22.0698818,
            "name": "Poległym",
            "osm_id": 5038614469,
            "historic": "memorial",
            "memorial": "war_memorial",
            "osm_type": "n"
          }
        },
        "historic": {
          "type": "memorial",
          "memorial": "war_memorial"
        },
        "distance": 12349,
        "place_id": "51eb950dc6e311364059a68526e4de114940f00103f901c527532c01000000920309506f6c6567c582796d"
      },
      "geometry": {
        "type": "Point",
        "coordinates": [
          22.0698818,
          50.1396146
        ]
      }
    },
    {
      "type": "Feature",
      "properties": {
        "name": "Pomnik ku pamięci ks. Stojałowskiego",
        "country": "Polska",
        "country_code": "pl",
        "state": "województwo podkarpackie",
        "county": "powiat rzeszowski",
        "city": "Trzciana",
        "hamlet": "Zagrody",
        "municipality": "gmina Świlcza",
        "postcode": "36-071",
        "street": "94",
        "iso3166_2": "PL-18",
        "lon": 21.8361131,
        "lat": 50.0715818,
        "state_code": "PK",
        "formatted": "Pomnik ku pamięci ks. Stojałowskiego, 94, 36-071 Trzciana, Polska",
        "address_line1": "Pomnik ku pamięci ks. Stojałowskiego",
        "address_line2": "94, 36-071 Trzciana, Polska",
        "categories": [
          "tourism",
          "tourism.sights",
          "tourism.sights.memorial"
        ],
        "details": [
          "details.historic"
        ],
        "datasource": {
          "sourcename": "openstreetmap",
          "attribution": "© OpenStreetMap contributors",
          "license": "Open Database License",
          "url": "https://www.openstreetmap.org/copyright",
          "raw": {
            "lat": 50.0715818,
            "lon": 21.8361131,
            "name": "Pomnik ku pamięci ks. Stojałowskiego",
            "osm_id": 4910818882,
            "historic": "memorial",
            "memorial": "plaque",
            "osm_type": "n"
          }
        },
        "historic": {
          "type": "memorial",
          "memorial": "plaque"
        },
        "distance": 12624,
        "place_id": "51d64114820bd635405991fea89729094940f00103f9014226b52401000000920326506f6d6e696b206b752070616d69c4996369206b732e2053746f6a61c5826f77736b6965676f"
      },
      "geometry": {
        "type": "Point",
        "coordinates": [
          21.8361131,
          50.0715818
        ]
      }
    },
    {
      "type": "Feature",
      "properties": {
        "name": "Krzyż na górce",
        "country": "Polska",
        "country_code": "pl",
        "state": "województwo podkarpackie",
        "county": "powiat rzeszowski",
        "city": "Głogów Małopolski",
        "municipality": "gmina Głogów Małopolski",
        "postcode": "36-060",
        "district": "Piaski",
        "suburb": "Zabajka",
        "street": "Szmaragdowa",
        "iso3166_2": "PL-18",
        "lon": 21.9501086,
        "lat": 50.1456276,
        "state_code": "PK",
        "formatted": "Krzyż na górce, Szmaragdowa, 36-060 Głogów Małopolski, Polska",
        "address_line1": "Krzyż na górce",
        "address_line2": "Szmaragdowa, 36-060 Głogów Małopolski, Polska",
        "categories": [
          "man_made",
          "tourism",
          "tourism.sights",
          "tourism.sights.memorial",
          "tourism.sights.memorial.wayside_cross"
        ],
        "details": [
          "details.historic"
        ],
        "datasource": {
          "sourcename": "openstreetmap",
          "attribution": "© OpenStreetMap contributors",
          "license": "Open Database License",
          "url": "https://www.openstreetmap.org/copyright",
          "raw": {
            "lat": 50.1456276,
            "lon": 21.9501086,
            "name": "Krzyż na górce",
            "osm_id": 2618742203,
            "historic": "wayside_cross",
            "man_made": "cross",
            "osm_type": "n"
          }
        },
        "historic": {
          "type": "wayside_cross",
          "object_type": "cross"
        },
        "distance": 12683,
        "place_id": "51faa534513af33540598eb2d9eca3124940f00103f901bbd5169c000000009203104b727a79c5bc206e612067c3b3726365"
      },
      "geometry": {
        "type": "Point",
        "coordinates": [
          21.9501086,
          50.1456276
        ]
      }
    },
    {
      "type": "Feature",
      "properties": {
        "name": "Za Polskę, Wolność, Lud Partyzantom",
        "country": "Polska",
        "country_code": "pl",
        "state": "województwo podkarpackie",
        "county": "powiat rzeszowski",
        "city": "Borek Stary",
        "hamlet": "Budy",
        "municipality": "gmina Tyczyn",
        "postcode": "36-016",
        "street": "878",
        "iso3166_2": "PL-18",
        "lon": 22.1032441,
        "lat": 49.9419267,
        "state_code": "PK",
        "formatted": "Za Polskę, Wolność, Lud Partyzantom, 878, 36-016 Borek Stary, Polska",
        "address_line1": "Za Polskę, Wolność, Lud Partyzantom",
        "address_line2": "878, 36-016 Borek Stary, Polska",
        "categories": [
          "tourism",
          "tourism.sights",
          "tourism.sights.memorial"
        ],
        "details": [
          "details.historic"
        ],
        "datasource": {
          "sourcename": "openstreetmap",
          "attribution": "© OpenStreetMap contributors",
          "license": "Open Database License",
          "url": "https://www.openstreetmap.org/copyright",
          "raw": {
            "lat": 49.9419267,
            "lon": 22.1032441,
            "name": "Za Polskę, Wolność, Lud Partyzantom",
            "osm_id": 3612892321,
            "historic": "memorial",
            "memorial": "war_memorial",
            "osm_type": "n",
            "start_date": 1966,
            "inscription": "Żołnierzom Wojska Polskiego Armii Radzieckiej, żołnierzom AK, BCH., ludności cywilnej poległym w walce z hitlerowskim okupantem",
            "subject:wikidata": "Q2363019"
          }
        },
        "historic": {
          "type": "memorial",
          "start_date": 1966,
          "memorial": "war_memorial",
          "inscription": "Żołnierzom Wojska Polskiego Armii Radzieckiej, żołnierzom AK, BCH., ludności cywilnej poległym w walce z hitlerowskim okupantem"
        },
        "distance": 12747,
        "place_id": "51450191346e1a36405957ddd90d91f84840f00103f901a15c58d7000000009203265a6120506f6c736bc4992c20576f6c6e6fc59bc4872c204c75642050617274797a616e746f6d"
      },
      "geometry": {
        "type": "Point",
        "coordinates": [
          22.1032441,
          49.9419267
        ]
      }
    },
    {
      "type": "Feature",
      "properties": {
        "name": "Krzyż 1938r.",
        "country": "Polska",
        "country_code": "pl",
        "state": "województwo podkarpackie",
        "county": "powiat rzeszowski",
        "city": "Wola Rafałowska",
        "hamlet": "Jaworznik",
        "municipality": "gmina Chmielnik",
        "postcode": "36-017",
        "street": "Most Wojciecha Witowskiego",
        "iso3166_2": "PL-18",
        "lon": 22.1522628,
        "lat": 49.9707909,
        "state_code": "PK",
        "formatted": "Krzyż 1938r., Most Wojciecha Witowskiego, 36-017 Wola Rafałowska, Polska",
        "address_line1": "Krzyż 1938r.",
        "address_line2": "Most Wojciecha Witowskiego, 36-017 Wola Rafałowska, Polska",
        "categories": [
          "tourism",
          "tourism.sights",
          "tourism.sights.memorial",
          "tourism.sights.memorial.wayside_cross"
        ],
        "details": [
          "details.place_of_worship"
        ],
        "datasource": {
          "sourcename": "openstreetmap",
          "attribution": "© OpenStreetMap contributors",
          "license": "Open Database License",
          "url": "https://www.openstreetmap.org/copyright",
          "raw": {
            "lat": 49.9707909,
            "lon": 22.1522628,
            "name": "Krzyż 1938r.",
            "osm_id": 3612892293,
            "historic": "wayside_cross",
            "osm_type": "n",
            "religion": "christian",
            "denomination": "catholic"
          }
        },
        "historic": {
          "type": "wayside_cross"
        },
        "place_of_worship": {
          "religion": "christian",
          "denomination": "catholic"
        },
        "distance": 12931,
        "place_id": "51bb65e2b1fa2636405990604fe042fc4840f00103f901855c58d70000000092030d4b727a79c5bc2031393338722e"
      },
      "geometry": {
        "type": "Point",
        "coordinates": [
          22.1522628,
          49.9707909
        ]
      }
    },
    {
      "type": "Feature",
      "properties": {
        "name": "Kapitan Mieczysław Głogowiecki",
        "country": "Polska",
        "country_code": "pl",
        "state": "województwo podkarpackie",
        "county": "powiat rzeszowski",
        "city": "Głogów Małopolski",
        "municipality": "gmina Głogów Małopolski",
        "postcode": "36-060",
        "district": "Osiedle Centrum",
        "street": "Rynek",
        "housenumber": "50",
        "iso3166_2": "PL-18",
        "lon": 21.9627016,
        "lat": 50.1505836,
        "state_code": "PK",
        "formatted": "Kapitan Mieczysław Głogowiecki, Rynek 50, 36-060 Głogów Małopolski, Polska",
        "address_line1": "Kapitan Mieczysław Głogowiecki",
        "address_line2": "Rynek 50, 36-060 Głogów Małopolski, Polska",
        "categories": [
          "tourism",
          "tourism.sights",
          "tourism.sights.memorial"
        ],
        "details": [
          "details.historic"
        ],
        "datasource": {
          "sourcename": "openstreetmap",
          "attribution": "© OpenStreetMap contributors",
          "license": "Open Database License",
          "url": "https://www.openstreetmap.org/copyright",
          "raw": {
            "lat": 50.1505836,
            "lon": 21.9627016,
            "city": "Głogów Małopolski",
            "name": "Kapitan Mieczysław Głogowiecki",
            "osm_id": 12327655762,
            "street": "Rynek",
            "historic": "memorial",
            "memorial": "plaque",
            "osm_type": "n",
            "postcode": "36-060",
            "_inherited": "",
            "start_date": "2020-08-15",
            "housenumber": 50,
            "inscription": "ULICA RZESZOWSKA W LATACH 1921-1945 NOSIŁA NAZWĘ ΚΑΡΙΤΑΝA MIECZYSŁAWA GŁOGOWIECKIEGO, URODZONEGO W GŁOGOWIE MAŁOPOLSKIM 11 X 1889 R., A POLEGŁEGO POD PŁOCKIEM 18 VIII 1920 R. PODCZAS BITWY WARSZAWSKIEJ ZGINĄŁ BRONIĄC WOLNOŚCI POLSKI, SWOJEJ OJCZYZNY"
          }
        },
        "historic": {
          "type": "memorial",
          "start_date": "2020-08-15",
          "memorial": "plaque",
          "inscription": "ULICA RZESZOWSKA W LATACH 1921-1945 NOSIŁA NAZWĘ ΚΑΡΙΤΑΝA MIECZYSŁAWA GŁOGOWIECKIEGO, URODZONEGO W GŁOGOWIE MAŁOPOLSKIM 11 X 1889 R., A POLEGŁEGO POD PŁOCKIEM 18 VIII 1920 R. PODCZAS BITWY WARSZAWSKIEJ ZGINĄŁ BRONIĄC WOLNOŚCI POLSKI, SWOJEJ OJCZYZNY"
        },
        "distance": 12975,
        "place_id": "518fceaf9c73f63540592fa8ca5246134940f00103f9015219c9de020000009203204b61706974616e204d6965637a7973c58261772047c5826f676f776965636b69"
      },
      "geometry": {
        "type": "Point",
        "coordinates": [
          21.9627016,
          50.1505836
        ]
      }
    },
    {
      "type": "Feature",
      "properties": {
        "name": "Miejsce pamięci narodowej",
        "country": "Polska",
        "country_code": "pl",
        "state": "województwo podkarpackie",
        "county": "powiat strzyżowski",
        "city": "Babica",
        "hamlet": "Dół",
        "municipality": "gmina Czudec",
        "postcode": "36-041",
        "street": "19",
        "iso3166_2": "PL-18",
        "lon": 21.9259764,
        "lat": 49.9313945,
        "state_code": "PK",
        "formatted": "Miejsce pamięci narodowej, 19, 36-041 Babica, Polska",
        "address_line1": "Miejsce pamięci narodowej",
        "address_line2": "19, 36-041 Babica, Polska",
        "categories": [
          "tourism",
          "tourism.sights",
          "tourism.sights.memorial"
        ],
        "details": [
          "details",
          "details.wiki_and_media"
        ],
        "datasource": {
          "sourcename": "openstreetmap",
          "attribution": "© OpenStreetMap contributors",
          "license": "Open Database License",
          "url": "https://www.openstreetmap.org/copyright",
          "raw": {
            "lat": 49.9313945,
            "lon": 21.9259764,
            "name": "Miejsce pamięci narodowej",
            "image": "http://www.lubenia.pl/obrazki/Image/miejscepamiecinarodowej1.JPG",
            "osm_id": 3008467704,
            "website": "http://www.lubenia.pl/index.php?action=pages_1&action_id=430",
            "historic": "memorial",
            "osm_type": "n"
          }
        },
        "website": "http://www.lubenia.pl/index.php?action=pages_1&action_id=430",
        "wiki_and_media": {
          "image": "http://www.lubenia.pl/obrazki/Image/miejscepamiecinarodowej1.JPG"
        },
        "historic": {
          "type": "memorial"
        },
        "distance": 13011,
        "place_id": "5129de12ca0ced3540594f965aef37f74840f00103f901f89251b30000000092031a4d69656a7363652070616d69c4996369206e61726f646f77656a"
      },
      "geometry": {
        "type": "Point",
        "coordinates": [
          21.9259764,
          49.9313945
        ]
      }
    },
    {
      "type": "Feature",
      "properties": {
        "name": "Pomnik Walk i Męczeństwa",
        "country": "Polska",
        "country_code": "pl",
        "state": "województwo podkarpackie",
        "county": "powiat rzeszowski",
        "city": "Głogów Małopolski",
        "municipality": "gmina Głogów Małopolski",
        "postcode": "36-060",
        "district": "Osiedle Centrum",
        "street": "Rynek",
        "iso3166_2": "PL-18",
        "lon": 21.9632556,
        "lat": 50.1510282,
        "state_code": "PK",
        "formatted": "Pomnik Walk i Męczeństwa, Rynek, 36-060 Głogów Małopolski, Polska",
        "address_line1": "Pomnik Walk i Męczeństwa",
        "address_line2": "Rynek, 36-060 Głogów Małopolski, Polska",
        "categories": [
          "tourism",
          "tourism.sights",
          "tourism.sights.memorial"
        ],
        "details": [
          "details.historic",
          "details.wiki_and_media"
        ],
        "datasource": {
          "sourcename": "openstreetmap",
          "attribution": "© OpenStreetMap contributors",
          "license": "Open Database License",
          "url": "https://www.openstreetmap.org/copyright",
          "raw": {
            "lat": 50.15102828246599,
            "lon": 21.963255566443355,
            "date": 1966,
            "name": "Pomnik Walk i Męczeństwa",
            "osm_id": 225135766,
            "historic": "memorial",
            "memorial": "obelisk",
            "osm_type": "w",
            "wikidata": "Q118780427",
            "start_date": 1966
          }
        },
        "wiki_and_media": {
          "wikidata": "Q118780427"
        },
        "historic": {
          "type": "memorial",
          "start_date": 1966,
          "memorial": "obelisk"
        },
        "distance": 13014,
        "place_id": "516d90b3ea97f635405932fb0ee554134940f00102f901964c6b0d0000000092031a506f6d6e696b2057616c6b2069204dc499637a65c58473747761"
      },
      "geometry": {
        "type": "Point",
        "coordinates": [
          21.963255566443355,
          50.15102828246599
        ]
      }
    },
    {
      "type": "Feature",
      "properties": {
        "name": "Kamień poświęcony Janowi III Sobieskiemu",
        "country": "Polska",
        "country_code": "pl",
        "state": "województwo podkarpackie",
        "county": "powiat rzeszowski",
        "city": "Głogów Małopolski",
        "municipality": "gmina Głogów Małopolski",
        "postcode": "36-060",
        "district": "Osiedle Centrum",
        "street": "Rynek",
        "iso3166_2": "PL-18",
        "lon": 21.9621414,
        "lat": 50.150895,
        "state_code": "PK",
        "formatted": "Kamień poświęcony Janowi III Sobieskiemu, Rynek, 36-060 Głogów Małopolski, Polska",
        "address_line1": "Kamień poświęcony Janowi III Sobieskiemu",
        "address_line2": "Rynek, 36-060 Głogów Małopolski, Polska",
        "categories": [
          "tourism",
          "tourism.sights",
          "tourism.sights.memorial"
        ],
        "details": [
          "details.historic",
          "details.wiki_and_media"
        ],
        "datasource": {
          "sourcename": "openstreetmap",
          "attribution": "© OpenStreetMap contributors",
          "license": "Open Database License",
          "url": "https://www.openstreetmap.org/copyright",
          "raw": {
            "lat": 50.150895,
            "lon": 21.9621414,
            "date": 1933,
            "name": "Kamień poświęcony Janowi III Sobieskiemu",
            "osm_id": 10067097811,
            "historic": "memorial",
            "memorial": "stone",
            "osm_type": "n",
            "wikidata": "Q118780432",
            "subject:wikidata": "Q53454"
          }
        },
        "wiki_and_media": {
          "wikidata": "Q118780432"
        },
        "historic": {
          "type": "memorial",
          "memorial": "stone"
        },
        "distance": 13018,
        "place_id": "51ae2017e64ef6354059a110018750134940f00103f901d3b80b580200000092032b4b616d6965c58420706fc59b7769c499636f6e79204a616e6f77692049494920536f626965736b69656d75"
      },
      "geometry": {
        "type": "Point",
        "coordinates": [
          21.9621414,
          50.150895
        ]
      }
    },
    {
      "type": "Feature",
      "properties": {
        "name": "Fragment aktu fundacyjnego Krzysztofa Głowy z dnia 23 kwietnia 1570 roku",
        "country": "Polska",
        "country_code": "pl",
        "state": "województwo podkarpackie",
        "county": "powiat rzeszowski",
        "city": "Głogów Małopolski",
        "municipality": "gmina Głogów Małopolski",
        "postcode": "36-060",
        "district": "Osiedle Centrum",
        "street": "Rynek",
        "housenumber": "1",
        "iso3166_2": "PL-18",
        "lon": 21.9626839,
        "lat": 50.151249,
        "state_code": "PK",
        "formatted": "Fragment aktu fundacyjnego Krzysztofa Głowy z dnia 23 kwietnia 1570 roku, Rynek 1, 36-060 Głogów Małopolski, Polska",
        "address_line1": "Fragment aktu fundacyjnego Krzysztofa Głowy z dnia 23 kwietnia 1570 roku",
        "address_line2": "Rynek 1, 36-060 Głogów Małopolski, Polska",
        "categories": [
          "tourism",
          "tourism.sights",
          "tourism.sights.memorial"
        ],
        "details": [
          "details.historic"
        ],
        "datasource": {
          "sourcename": "openstreetmap",
          "attribution": "© OpenStreetMap contributors",
          "license": "Open Database License",
          "url": "https://www.openstreetmap.org/copyright",
          "raw": {
            "lat": 50.151249,
            "lon": 21.9626839,
            "city": "Głogów Małopolski",
            "name": "Fragment aktu fundacyjnego Krzysztofa Głowy z dnia 23 kwietnia 1570 roku",
            "osm_id": 12327655763,
            "street": "Rynek",
            "historic": "memorial",
            "memorial": "plaque",
            "osm_type": "n",
            "postcode": "36-060",
            "_inherited": "",
            "start_date": "2014-11-11",
            "housenumber": 1
          }
        },
        "historic": {
          "type": "memorial",
          "start_date": "2014-11-11",
          "memorial": "plaque"
        },
        "distance": 13047,
        "place_id": "51bfe2ba7372f6354059bf4692205c134940f00103f9015319c9de02000000920349467261676d656e7420616b74752066756e646163796a6e65676f204b727a79737a746f66612047c5826f7779207a20646e6961203233206b776965746e6961203135373020726f6b75"
      },
      "geometry": {
        "type": "Point",
        "coordinates": [
          21.9626839,
          50.151249
        ]
      }
    },
    {
      "type": "Feature",
      "properties": {
        "name": "Matka Boża Niepokalanie Poczęta",
        "country": "Polska",
        "country_code": "pl",
        "state": "województwo podkarpackie",
        "county": "powiat rzeszowski",
        "city": "Głogów Małopolski",
        "municipality": "gmina Głogów Małopolski",
        "postcode": "36-060",
        "district": "Osiedle Centrum",
        "street": "Rynek",
        "iso3166_2": "PL-18",
        "lon": 21.9632,
        "lat": 50.1513796,
        "state_code": "PK",
        "formatted": "Matka Boża Niepokalanie Poczęta, Rynek, 36-060 Głogów Małopolski, Polska",
        "address_line1": "Matka Boża Niepokalanie Poczęta",
        "address_line2": "Rynek, 36-060 Głogów Małopolski, Polska",
        "categories": [
          "tourism",
          "tourism.sights",
          "tourism.sights.memorial"
        ],
        "details": [
          "details.historic",
          "details.wiki_and_media"
        ],
        "datasource": {
          "sourcename": "openstreetmap",
          "attribution": "© OpenStreetMap contributors",
          "license": "Open Database License",
          "url": "https://www.openstreetmap.org/copyright",
          "raw": {
            "lat": 50.1513796,
            "lon": 21.9632,
            "name": "Matka Boża Niepokalanie Poczęta",
            "osm_id": 3221073019,
            "historic": "memorial",
            "memorial": "statue",
            "osm_type": "n",
            "wikidata": "Q118870376",
            "start_date": "C18",
            "subject:wikidata": "Q345"
          }
        },
        "wiki_and_media": {
          "wikidata": "Q118870376"
        },
        "historic": {
          "type": "memorial",
          "start_date": "C18",
          "memorial": "statue"
        },
        "distance": 13053,
        "place_id": "51d881734694f63540590aa41f6860134940f00103f9017bacfdbf000000009203214d61746b6120426fc5bc61204e6965706f6b616c616e696520506f637ac4997461"
      },
      "geometry": {
        "type": "Point",
        "coordinates": [
          21.9632,
          50.1513796
        ]
      }
    },
    {
      "type": "Feature",
      "properties": {
        "name": "Pomnik poległych za Ojczyznę",
        "country": "Polska",
        "country_code": "pl",
        "state": "województwo podkarpackie",
        "county": "powiat rzeszowski",
        "city": "Głogów Małopolski",
        "municipality": "gmina Głogów Małopolski",
        "postcode": "36-060",
        "district": "Piasek",
        "street": "9",
        "iso3166_2": "PL-18",
        "lon": 21.9555515,
        "lat": 50.1501668,
        "state_code": "PK",
        "formatted": "Pomnik poległych za Ojczyznę, 9, 36-060 Głogów Małopolski, Polska",
        "address_line1": "Pomnik poległych za Ojczyznę",
        "address_line2": "9, 36-060 Głogów Małopolski, Polska",
        "categories": [
          "tourism",
          "tourism.sights",
          "tourism.sights.memorial"
        ],
        "details": [],
        "datasource": {
          "sourcename": "openstreetmap",
          "attribution": "© OpenStreetMap contributors",
          "license": "Open Database License",
          "url": "https://www.openstreetmap.org/copyright",
          "raw": {
            "lat": 50.1501668,
            "lon": 21.9555515,
            "name": "Pomnik poległych za Ojczyznę",
            "osm_id": 11306706551,
            "historic": "memorial",
            "osm_type": "n"
          }
        },
        "historic": {
          "type": "memorial"
        },
        "distance": 13056,
        "place_id": "51cc24ea059ff4354059f5786baa38134940f00103f90177a6eea10200000092031e506f6d6e696b20706f6c6567c582796368207a61204f6a637a797a6ec499"
      },
      "geometry": {
        "type": "Point",
        "coordinates": [
          21.9555515,
          50.1501668
        ]
      }
    },
    {
      "type": "Feature",
      "properties": {
        "name": "Pomnik Świętego Floriana",
        "country": "Polska",
        "country_code": "pl",
        "state": "województwo podkarpackie",
        "county": "powiat rzeszowski",
        "city": "Głogów Małopolski",
        "municipality": "gmina Głogów Małopolski",
        "postcode": "36-060",
        "district": "Osiedle Centrum",
        "street": "3 Maja",
        "iso3166_2": "PL-18",
        "lon": 21.9619645,
        "lat": 50.1513622,
        "state_code": "PK",
        "formatted": "Pomnik Świętego Floriana, 3 Maja, 36-060 Głogów Małopolski, Polska",
        "address_line1": "Pomnik Świętego Floriana",
        "address_line2": "3 Maja, 36-060 Głogów Małopolski, Polska",
        "categories": [
          "tourism",
          "tourism.sights",
          "tourism.sights.memorial"
        ],
        "details": [
          "details.historic",
          "details.wiki_and_media"
        ],
        "datasource": {
          "sourcename": "openstreetmap",
          "attribution": "© OpenStreetMap contributors",
          "license": "Open Database License",
          "url": "https://www.openstreetmap.org/copyright",
          "raw": {
            "lat": 50.1513622,
            "lon": 21.9619645,
            "name": "Pomnik Świętego Floriana",
            "osm_id": 3221073020,
            "statue": "saint",
            "historic": "memorial",
            "memorial": "statue",
            "osm_type": "n",
            "wikidata": "Q118780435",
            "start_date": "C18",
            "subject:wikidata": "Q298845"
          }
        },
        "wiki_and_media": {
          "wikidata": "Q118780435"
        },
        "historic": {
          "type": "memorial",
          "start_date": "C18",
          "memorial": "statue"
        },
        "distance": 13071,
        "place_id": "51ba69334e43f6354059e16c29d65f134940f00103f9017cacfdbf0000000092031a506f6d6e696b20c59a7769c4997465676f20466c6f7269616e61"
      },
      "geometry": {
        "type": "Point",
        "coordinates": [
          21.9619645,
          50.1513622
        ]
      }
    },
    {
      "type": "Feature",
      "properties": {
        "name": "Pomnik Jana Pawła II",
        "country": "Polska",
        "country_code": "pl",
        "state": "województwo podkarpackie",
        "county": "powiat rzeszowski",
        "city": "Głogów Małopolski",
        "municipality": "gmina Głogów Małopolski",
        "postcode": "36-060",
        "district": "Osiedle Centrum",
        "street": "Rynek",
        "iso3166_2": "PL-18",
        "lon": 21.9631698,
        "lat": 50.1516798,
        "state_code": "PK",
        "formatted": "Pomnik Jana Pawła II, Rynek, 36-060 Głogów Małopolski, Polska",
        "address_line1": "Pomnik Jana Pawła II",
        "address_line2": "Rynek, 36-060 Głogów Małopolski, Polska",
        "categories": [
          "tourism",
          "tourism.sights",
          "tourism.sights.memorial"
        ],
        "details": [
          "details.historic",
          "details.wiki_and_media"
        ],
        "datasource": {
          "sourcename": "openstreetmap",
          "attribution": "© OpenStreetMap contributors",
          "license": "Open Database License",
          "url": "https://www.openstreetmap.org/copyright",
          "raw": {
            "lat": 50.15167958349743,
            "lon": 21.96316985480877,
            "name": "Pomnik Jana Pawła II",
            "osm_id": 262277815,
            "historic": "memorial",
            "memorial": "statue",
            "osm_type": "w",
            "wikidata": "Q118780377",
            "subject:wikidata": "Q989"
          }
        },
        "wiki_and_media": {
          "wikidata": "Q118780377"
        },
        "historic": {
          "type": "memorial",
          "memorial": "statue"
        },
        "distance": 13086,
        "place_id": "5190e5b24c92f6354059d34b913c6a134940f00102f901b70aa20f00000000920315506f6d6e696b204a616e6120506177c58261204949"
      },
      "geometry": {
        "type": "Point",
        "coordinates": [
          21.96316985480877,
          50.15167958349743
        ]
      }
    },
    {
      "type": "Feature",
      "properties": {
        "name": "Pomnik Maksymiliana Kolbe",
        "country": "Polska",
        "country_code": "pl",
        "state": "województwo podkarpackie",
        "county": "powiat rzeszowski",
        "city": "Głogów Małopolski",
        "municipality": "gmina Głogów Małopolski",
        "postcode": "36-060",
        "district": "Osiedle Centrum",
        "street": "Krzysztofa Głowy",
        "iso3166_2": "PL-18",
        "lon": 21.9638517,
        "lat": 50.1522395,
        "state_code": "PK",
        "formatted": "Pomnik Maksymiliana Kolbe, Krzysztofa Głowy, 36-060 Głogów Małopolski, Polska",
        "address_line1": "Pomnik Maksymiliana Kolbe",
        "address_line2": "Krzysztofa Głowy, 36-060 Głogów Małopolski, Polska",
        "categories": [
          "tourism",
          "tourism.sights",
          "tourism.sights.memorial"
        ],
        "details": [
          "details.historic",
          "details.wiki_and_media"
        ],
        "datasource": {
          "sourcename": "openstreetmap",
          "attribution": "© OpenStreetMap contributors",
          "license": "Open Database License",
          "url": "https://www.openstreetmap.org/copyright",
          "raw": {
            "lat": 50.1522395,
            "lon": 21.9638517,
            "name": "Pomnik Maksymiliana Kolbe",
            "osm_id": 10934528942,
            "historic": "memorial",
            "memorial": "statue",
            "osm_type": "n",
            "wikidata": "Q118780563",
            "subject:wikidata": "Q153850"
          }
        },
        "wiki_and_media": {
          "wikidata": "Q118780563"
        },
        "historic": {
          "type": "memorial",
          "memorial": "statue"
        },
        "distance": 13136,
        "place_id": "51aab129fcbef635405967d47c957c134940f00103f901aeabbf8b02000000920319506f6d6e696b204d616b73796d696c69616e61204b6f6c6265"
      },
      "geometry": {
        "type": "Point",
        "coordinates": [
          21.9638517,
          50.1522395
        ]
      }
    },
    {
      "type": "Feature",
      "properties": {
        "name": "Pomnik Kardynała Stefana Wyszyńskiego",
        "country": "Polska",
        "country_code": "pl",
        "state": "województwo podkarpackie",
        "county": "powiat rzeszowski",
        "city": "Głogów Małopolski",
        "municipality": "gmina Głogów Małopolski",
        "postcode": "36-060",
        "district": "Osiedle Centrum",
        "street": "Kardynała Stefana Wyszyńskiego",
        "iso3166_2": "PL-18",
        "lon": 21.9609883,
        "lat": 50.1528547,
        "state_code": "PK",
        "formatted": "Pomnik Kardynała Stefana Wyszyńskiego, Kardynała Stefana Wyszyńskiego, 36-060 Głogów Małopolski, Polska",
        "address_line1": "Pomnik Kardynała Stefana Wyszyńskiego",
        "address_line2": "Kardynała Stefana Wyszyńskiego, 36-060 Głogów Małopolski, Polska",
        "categories": [
          "tourism",
          "tourism.sights",
          "tourism.sights.memorial"
        ],
        "details": [
          "details.historic",
          "details.wiki_and_media"
        ],
        "datasource": {
          "sourcename": "openstreetmap",
          "attribution": "© OpenStreetMap contributors",
          "license": "Open Database License",
          "url": "https://www.openstreetmap.org/copyright",
          "raw": {
            "lat": 50.152855969838214,
            "lon": 21.960988377845553,
            "date": 2004,
            "name": "Pomnik Kardynała Stefana Wyszyńskiego",
            "osm_id": 262419150,
            "historic": "memorial",
            "memorial": "statue",
            "osm_type": "w",
            "wikidata": "Q118780443",
            "start_date": 2004,
            "subject:wikidata": "Q165522",
            "subject:wikipedia": "pl:Stefan Wyszyński",
            "wikimedia_commons": "File:Głogów Małopolski (liceum) - pomnik Wyszyńskiego.jpg"
          }
        },
        "wiki_and_media": {
          "wikidata": "Q118780443",
          "wikimedia_commons": "File:Głogów Małopolski (liceum) - pomnik Wyszyńskiego.jpg"
        },
        "historic": {
          "type": "memorial",
          "start_date": 2004,
          "memorial": "statue"
        },
        "distance": 13249,
        "place_id": "51c8ae965503f63540590cbacfc890134940f00102f901ce32a40f00000000920327506f6d6e696b204b617264796e61c582612053746566616e61205779737a79c584736b6965676f"
      },
      "geometry": {
        "type": "Point",
        "coordinates": [
          21.960988377845553,
          50.152855969838214
        ]
      }
    },
    {
      "type": "Feature",
      "properties": {
        "name": "Pomnik Krzysztofa Głowy",
        "country": "Polska",
        "country_code": "pl",
        "state": "województwo podkarpackie",
        "county": "powiat rzeszowski",
        "city": "Głogów Małopolski",
        "municipality": "gmina Głogów Małopolski",
        "postcode": "36-060",
        "district": "Osiedle Centrum",
        "street": "Kardynała Stefana Wyszyńskiego",
        "iso3166_2": "PL-18",
        "lon": 21.9589106,
        "lat": 50.1536566,
        "state_code": "PK",
        "formatted": "Pomnik Krzysztofa Głowy, Kardynała Stefana Wyszyńskiego, 36-060 Głogów Małopolski, Polska",
        "address_line1": "Pomnik Krzysztofa Głowy",
        "address_line2": "Kardynała Stefana Wyszyńskiego, 36-060 Głogów Małopolski, Polska",
        "categories": [
          "tourism",
          "tourism.sights",
          "tourism.sights.memorial"
        ],
        "details": [
          "details.historic",
          "details.wiki_and_media"
        ],
        "datasource": {
          "sourcename": "openstreetmap",
          "attribution": "© OpenStreetMap contributors",
          "license": "Open Database License",
          "url": "https://www.openstreetmap.org/copyright",
          "raw": {
            "lat": 50.1536566,
            "lon": 21.9589106,
            "name": "Pomnik Krzysztofa Głowy",
            "osm_id": 10066738438,
            "historic": "memorial",
            "memorial": "statue",
            "osm_type": "n",
            "wikidata": "Q118945206",
            "start_date": "2022-09",
            "inscription": "KRZYSZTOF | GŁOWA | ZAŁOŻYCIEL GŁOWOWA | W 540-LECIE LOKACJI | 1570 - 2020",
            "subject:wikidata": "Q17095824",
            "subject:wikipedia": "pl:Krzysztof Głowa"
          }
        },
        "wiki_and_media": {
          "wikidata": "Q118945206"
        },
        "historic": {
          "type": "memorial",
          "start_date": "2022-09",
          "memorial": "statue",
          "inscription": "KRZYSZTOF | GŁOWA | ZAŁOŻYCIEL GŁOWOWA | W 540-LECIE LOKACJI | 1570 - 2020"
        },
        "distance": 13371,
        "place_id": "51a9c9422a7bf535405943e8fb04ab134940f00103f901063d065802000000920318506f6d6e696b204b727a79737a746f66612047c5826f7779"
      },
      "geometry": {
        "type": "Point",
        "coordinates": [
          21.9589106,
          50.1536566
        ]
      }
    },
    {
      "type": "Feature",
      "properties": {
        "name": "Aleksander Ładoś",
        "country": "Polska",
        "country_code": "pl",
        "state": "województwo podkarpackie",
        "county": "powiat rzeszowski",
        "city": "Głogów Małopolski",
        "municipality": "gmina Głogów Małopolski",
        "postcode": "36-060",
        "district": "Piasek",
        "street": "Parkowa",
        "iso3166_2": "PL-18",
        "lon": 21.9552705,
        "lat": 50.1535926,
        "state_code": "PK",
        "formatted": "Aleksander Ładoś, Parkowa, 36-060 Głogów Małopolski, Polska",
        "address_line1": "Aleksander Ładoś",
        "address_line2": "Parkowa, 36-060 Głogów Małopolski, Polska",
        "categories": [
          "tourism",
          "tourism.sights",
          "tourism.sights.memorial"
        ],
        "details": [
          "details.historic"
        ],
        "datasource": {
          "sourcename": "openstreetmap",
          "attribution": "© OpenStreetMap contributors",
          "license": "Open Database License",
          "url": "https://www.openstreetmap.org/copyright",
          "raw": {
            "lat": 50.1535926,
            "lon": 21.9552705,
            "name": "Aleksander Ładoś",
            "osm_id": 10682116356,
            "historic": "memorial",
            "memorial": "stele",
            "osm_type": "n"
          }
        },
        "historic": {
          "type": "memorial",
          "memorial": "stele"
        },
        "distance": 13429,
        "place_id": "516555849b8cf43540592df41ceca8134940f00103f9010429b47c02000000920312416c656b73616e64657220c58161646fc59b"
      },
      "geometry": {
        "type": "Point",
        "coordinates": [
          21.9552705,
          50.1535926
        ]
      }
    },
    {
      "type": "Feature",
      "properties": {
        "name": "Wykopalisko archeologiczne",
        "country": "Polska",
        "country_code": "pl",
        "state": "województwo podkarpackie",
        "county": "powiat rzeszowski",
        "city": "Budy Głogowskie",
        "hamlet": "Podlesie",
        "municipality": "gmina Głogów Małopolski",
        "postcode": "36-060",
        "street": "Szósta",
        "iso3166_2": "PL-18",
        "lon": 21.9027998,
        "lat": 50.1544867,
        "state_code": "PK",
        "formatted": "Wykopalisko archeologiczne, Szósta, 36-060 Budy Głogowskie, Polska",
        "address_line1": "Wykopalisko archeologiczne",
        "address_line2": "Szósta, 36-060 Budy Głogowskie, Polska",
        "categories": [
          "heritage",
          "tourism",
          "tourism.sights",
          "tourism.sights.archaeological_site"
        ],
        "details": [
          "details",
          "details.heritage",
          "details.historic"
        ],
        "datasource": {
          "sourcename": "openstreetmap",
          "attribution": "© OpenStreetMap contributors",
          "license": "Open Database License",
          "url": "https://www.openstreetmap.org/copyright",
          "raw": {
            "lat": 50.1544867,
            "lon": 21.9027998,
            "name": "Wykopalisko archeologiczne",
            "osm_id": 5169172592,
            "ref:nid": "A-2/Ar",
            "heritage": 2,
            "historic": "archaeological_site",
            "osm_type": "n",
            "fortification_type": "Grodzisko średniowieczne",
            "archaeological_site": "fortification"
          }
        },
        "ref_other": {
          "nid": "A-2/Ar"
        },
        "historic": {
          "type": "archaeological_site",
          "fortification_type": "Grodzisko średniowieczne"
        },
        "heritage": {
          "level": 2,
          "ref": "A-2/Ar"
        },
        "distance": 14940,
        "place_id": "51d9d53fe31de73540595f155e38c6134940f00103f90170501b340100000092031a57796b6f70616c69736b6f2061726368656f6c6f6769637a6e65"
      },
      "geometry": {
        "type": "Point",
        "coordinates": [
          21.9027998,
          50.1544867
        ]
      }
    },
    {
      "type": "Feature",
      "properties": {
        "name": "Obozowisko z epoki kamienia",
        "country": "Polska",
        "country_code": "pl",
        "state": "województwo podkarpackie",
        "county": "powiat rzeszowski",
        "city": "Budy Głogowskie",
        "hamlet": "Podlesie",
        "municipality": "gmina Głogów Małopolski",
        "postcode": "36-060",
        "street": "Szósta",
        "iso3166_2": "PL-18",
        "lon": 21.9032506,
        "lat": 50.1564046,
        "state_code": "PK",
        "formatted": "Obozowisko z epoki kamienia, Szósta, 36-060 Budy Głogowskie, Polska",
        "address_line1": "Obozowisko z epoki kamienia",
        "address_line2": "Szósta, 36-060 Budy Głogowskie, Polska",
        "categories": [
          "heritage",
          "tourism",
          "tourism.sights",
          "tourism.sights.archaeological_site"
        ],
        "details": [
          "details",
          "details.heritage"
        ],
        "datasource": {
          "sourcename": "openstreetmap",
          "attribution": "© OpenStreetMap contributors",
          "license": "Open Database License",
          "url": "https://www.openstreetmap.org/copyright",
          "raw": {
            "lat": 50.1564046,
            "lon": 21.9032506,
            "name": "Obozowisko z epoki kamienia",
            "osm_id": 5169172591,
            "ref:nid": "A-3/Ar",
            "heritage": 2,
            "historic": "archaeological_site",
            "osm_type": "n",
            "archaeological_site": "settlement"
          }
        },
        "ref_other": {
          "nid": "A-3/Ar"
        },
        "historic": {
          "type": "archaeological_site"
        },
        "heritage": {
          "level": 2,
          "ref": "A-3/Ar"
        },
        "distance": 15112,
        "place_id": "51a6176b6e3be7354059d4f8e01005144940f00103f9016f501b340100000092031b4f626f7a6f7769736b6f207a2065706f6b69206b616d69656e6961"
      },
      "geometry": {
        "type": "Point",
        "coordinates": [
          21.9032506,
          50.1564046
        ]
      }
    },
    {
      "type": "Feature",
      "properties": {
        "name": "Miejsce dawnego Zamku Będziemyskiego",
        "country": "Polska",
        "country_code": "pl",
        "state": "województwo podkarpackie",
        "county": "powiat ropczycko-sędziszowski",
        "city": "Będziemyśl",
        "hamlet": "Kolonia",
        "municipality": "gmina Sędziszów Małopolski",
        "postcode": "39-127",
        "street": "Krótka",
        "iso3166_2": "PL-18",
        "lon": 21.7930409,
        "lat": 50.0538763,
        "state_code": "PK",
        "formatted": "Miejsce dawnego Zamku Będziemyskiego, Krótka, 39-127 Będziemyśl, Polska",
        "address_line1": "Miejsce dawnego Zamku Będziemyskiego",
        "address_line2": "Krótka, 39-127 Będziemyśl, Polska",
        "categories": [
          "access",
          "access.yes",
          "heritage",
          "tourism",
          "tourism.sights",
          "tourism.sights.archaeological_site"
        ],
        "details": [
          "details",
          "details.heritage",
          "details.historic"
        ],
        "datasource": {
          "sourcename": "openstreetmap",
          "attribution": "© OpenStreetMap contributors",
          "license": "Open Database License",
          "url": "https://www.openstreetmap.org/copyright",
          "raw": {
            "lat": 50.0538763,
            "lon": 21.7930409,
            "url": "https://zabytek.pl/pl/obiekty/g-287580",
            "name": "Miejsce dawnego Zamku Będziemyskiego",
            "access": "yes",
            "osm_id": 7658727258,
            "ref:nid": "A-829 z 1972-12-30;C-25 z 2011-06-28",
            "website": "https://www.zamki.pl/?idzamku=bedziemysl",
            "heritage": 2,
            "historic": "archaeological_site",
            "osm_type": "n",
            "ref:inspire": "PL.1.9.ZIPOZ.NID_A_18_AR.3005",
            "heritage:operator": "nid",
            "fortification_type": "hill_fort",
            "archaeological_site": "fortification",
            "nid:inscription_date": "1972-12-30",
            "historic:civilization": "medieval"
          }
        },
        "website": "https://www.zamki.pl/?idzamku=bedziemysl",
        "website_other": [
          "https://zabytek.pl/pl/obiekty/g-287580"
        ],
        "ref_other": {
          "nid": "A-829 z 1972-12-30;C-25 z 2011-06-28",
          "inspire": "PL.1.9.ZIPOZ.NID_A_18_AR.3005"
        },
        "historic": {
          "type": "archaeological_site",
          "civilization": "medieval",
          "fortification_type": "hill_fort"
        },
        "heritage": {
          "level": 2,
          "operator": "nid",
          "ref": "A-829 z 1972-12-30;C-25 z 2011-06-28",
          "inscription_date": "1972-12-30"
        },
        "restrictions": {
          "access": "permissive"
        },
        "distance": 15227,
        "place_id": "51f2e379ba04cb354059c643296be5064940f00103f9015ae77ec8010000009203254d69656a736365206461776e65676f205a616d6b752042c499647a69656d79736b6965676f"
      },
      "geometry": {
        "type": "Point",
        "coordinates": [
          21.7930409,
          50.0538763
        ]
      }
    },
    {
      "type": "Feature",
      "properties": {
        "name": "Wymordowanym przez hitlerowców",
        "country": "Polska",
        "country_code": "pl",
        "state": "województwo podkarpackie",
        "county": "powiat strzyżowski",
        "city": "Czudec",
        "hamlet": "Leśniczówka",
        "municipality": "gmina Czudec",
        "postcode": "28-120",
        "street": "Leśna",
        "iso3166_2": "PL-18",
        "lon": 21.8109381,
        "lat": 49.9798585,
        "state_code": "PK",
        "formatted": "Wymordowanym przez hitlerowców, Leśna, 28-120 Czudec, Polska",
        "address_line1": "Wymordowanym przez hitlerowców",
        "address_line2": "Leśna, 28-120 Czudec, Polska",
        "categories": [
          "tourism",
          "tourism.sights",
          "tourism.sights.memorial"
        ],
        "details": [
          "details.historic"
        ],
        "datasource": {
          "sourcename": "openstreetmap",
          "attribution": "© OpenStreetMap contributors",
          "license": "Open Database License",
          "url": "https://www.openstreetmap.org/copyright",
          "raw": {
            "lat": 49.9798585,
            "lon": 21.8109381,
            "name": "Wymordowanym przez hitlerowców",
            "osm_id": 3707691548,
            "historic": "memorial",
            "memorial": "plaque",
            "osm_type": "n",
            "subject:wikidata": "Q6983410"
          }
        },
        "historic": {
          "type": "memorial",
          "memorial": "plaque"
        },
        "distance": 15229,
        "place_id": "519494aaa399cf354059931ada006cfd4840f00103f9011ce2fedc0000000092031f57796d6f72646f77616e796d2070727a657a206869746c65726f7763c3b377"
      },
      "geometry": {
        "type": "Point",
        "coordinates": [
          21.8109381,
          49.9798585
        ]
      }
    },
    {
      "type": "Feature",
      "properties": {
        "name": "Pradziejowe stanowisko archeologiczne",
        "country": "Polska",
        "country_code": "pl",
        "state": "województwo podkarpackie",
        "county": "powiat łańcucki",
        "city": "Łańcut",
        "postcode": "37-100",
        "district": "Kąty",
        "street": "Kąty",
        "iso3166_2": "PL-18",
        "lon": 22.205794,
        "lat": 50.0880108,
        "state_code": "PK",
        "formatted": "Pradziejowe stanowisko archeologiczne, Kąty, 37-100 Łańcut, Polska",
        "address_line1": "Pradziejowe stanowisko archeologiczne",
        "address_line2": "Kąty, 37-100 Łańcut, Polska",
        "categories": [
          "heritage",
          "tourism",
          "tourism.sights",
          "tourism.sights.archaeological_site"
        ],
        "details": [
          "details",
          "details.heritage"
        ],
        "datasource": {
          "sourcename": "openstreetmap",
          "attribution": "© OpenStreetMap contributors",
          "license": "Open Database License",
          "url": "https://www.openstreetmap.org/copyright",
          "raw": {
            "lat": 50.0880108,
            "lon": 22.205794,
            "name": "Pradziejowe stanowisko archeologiczne",
            "osm_id": 5166516705,
            "ref:nid": "A-864",
            "heritage": 2,
            "historic": "archaeological_site",
            "osm_type": "n",
            "archaeological_site": "settlement"
          }
        },
        "ref_other": {
          "nid": "A-864"
        },
        "historic": {
          "type": "archaeological_site"
        },
        "heritage": {
          "level": 2,
          "ref": "A-864"
        },
        "distance": 15523,
        "place_id": "5189b663eaae34364059efd819f0430b4940f00103f901e1c9f23301000000920325507261647a69656a6f7765207374616e6f7769736b6f2061726368656f6c6f6769637a6e65"
      },
      "geometry": {
        "type": "Point",
        "coordinates": [
          22.205794,
          50.0880108
        ]
      }
    },
    {
      "type": "Feature",
      "properties": {
        "name": "100. rocznica odzyskania niepodległości",
        "country": "Polska",
        "country_code": "pl",
        "state": "województwo podkarpackie",
        "county": "powiat strzyżowski",
        "city": "Czudec",
        "hamlet": "Grobla",
        "municipality": "gmina Czudec",
        "postcode": "38-120",
        "street": "Rynek",
        "iso3166_2": "PL-18",
        "lon": 21.8382534,
        "lat": 49.9460108,
        "state_code": "PK",
        "formatted": "100. rocznica odzyskania niepodległości, Rynek, 38-120 Czudec, Polska",
        "address_line1": "100. rocznica odzyskania niepodległości",
        "address_line2": "Rynek, 38-120 Czudec, Polska",
        "categories": [
          "tourism",
          "tourism.sights",
          "tourism.sights.memorial"
        ],
        "details": [
          "details.historic"
        ],
        "datasource": {
          "sourcename": "openstreetmap",
          "attribution": "© OpenStreetMap contributors",
          "license": "Open Database License",
          "url": "https://www.openstreetmap.org/copyright",
          "raw": {
            "lat": 49.9460108,
            "lon": 21.8382534,
            "name": "100. rocznica odzyskania niepodległości",
            "osm_id": 12465387995,
            "historic": "memorial",
            "memorial": "stone",
            "osm_type": "n"
          }
        },
        "historic": {
          "type": "memorial",
          "memorial": "stone"
        },
        "distance": 15611,
        "place_id": "51c4c25ac697d6354059d7d4c3e116f94840f00103f901dbb9fee6020000009203293130302e20726f637a6e696361206f647a79736b616e6961206e6965706f646c6567c5826fc59b6369"
      },
      "geometry": {
        "type": "Point",
        "coordinates": [
          21.8382534,
          49.9460108
        ]
      }
    },
    {
      "type": "Feature",
      "properties": {
        "name": "Prochownia",
        "country": "Polska",
        "country_code": "pl",
        "state": "województwo podkarpackie",
        "county": "powiat łańcucki",
        "city": "Łańcut",
        "postcode": "37-100",
        "street": "Polna",
        "iso3166_2": "PL-18",
        "lon": 22.213899,
        "lat": 50.0754766,
        "state_code": "PK",
        "formatted": "Prochownia, Polna, 37-100 Łańcut, Polska",
        "address_line1": "Prochownia",
        "address_line2": "Polna, 37-100 Łańcut, Polska",
        "categories": [
          "tourism",
          "tourism.sights",
          "tourism.sights.ruines"
        ],
        "details": [],
        "datasource": {
          "sourcename": "openstreetmap",
          "attribution": "© OpenStreetMap contributors",
          "license": "Open Database License",
          "url": "https://www.openstreetmap.org/copyright",
          "raw": {
            "lat": 50.075684385598585,
            "lon": 22.214183184919936,
            "name": "Prochownia",
            "osm_id": 330922540,
            "barrier": "fence",
            "historic": "ruins",
            "osm_type": "w"
          }
        },
        "historic": {
          "type": "ruins"
        },
        "distance": 15655,
        "place_id": "5191958eb5d4363640595d7ba406b0094940f00102f9012c7ab9130000000092030a50726f63686f776e6961"
      },
      "geometry": {
        "type": "Point",
        "coordinates": [
          22.214183184919936,
          50.075684385598585
        ]
      }
    },
    {
      "type": "Feature",
      "properties": {
        "name": "Jan Paweł II",
        "country": "Polska",
        "country_code": "pl",
        "state": "województwo podkarpackie",
        "county": "powiat strzyżowski",
        "city": "Czudec",
        "hamlet": "Grobla",
        "municipality": "gmina Czudec",
        "postcode": "38-120",
        "street": "Rynek",
        "iso3166_2": "PL-18",
        "lon": 21.8377078,
        "lat": 49.9457282,
        "state_code": "PK",
        "formatted": "Jan Paweł II, Rynek, 38-120 Czudec, Polska",
        "address_line1": "Jan Paweł II",
        "address_line2": "Rynek, 38-120 Czudec, Polska",
        "categories": [
          "tourism",
          "tourism.sights",
          "tourism.sights.memorial"
        ],
        "details": [
          "details.historic"
        ],
        "datasource": {
          "sourcename": "openstreetmap",
          "attribution": "© OpenStreetMap contributors",
          "license": "Open Database License",
          "url": "https://www.openstreetmap.org/copyright",
          "raw": {
            "lat": 49.9457282,
            "lon": 21.8377078,
            "name": "Jan Paweł II",
            "osm_id": 11433193968,
            "historic": "memorial",
            "memorial": "statue",
            "osm_type": "n"
          }
        },
        "historic": {
          "type": "memorial",
          "memorial": "statue"
        },
        "distance": 15661,
        "place_id": "51a79ab40474d6354059d5f3249f0df94840f00103f901f0b178a90200000092030d4a616e2050617765c582204949"
      },
      "geometry": {
        "type": "Point",
        "coordinates": [
          21.8377078,
          49.9457282
        ]
      }
    },
    {
      "type": "Feature",
      "properties": {
        "name": "Votum Jubileuszowe",
        "country": "Polska",
        "country_code": "pl",
        "state": "województwo podkarpackie",
        "county": "powiat strzyżowski",
        "city": "Czudec",
        "municipality": "gmina Czudec",
        "postcode": "38-120",
        "street": "Kościelna",
        "housenumber": "2",
        "iso3166_2": "PL-18",
        "lon": 21.8357032,
        "lat": 49.9457138,
        "state_code": "PK",
        "formatted": "Votum Jubileuszowe, Kościelna 2, 38-120 Czudec, Polska",
        "address_line1": "Votum Jubileuszowe",
        "address_line2": "Kościelna 2, 38-120 Czudec, Polska",
        "categories": [
          "tourism",
          "tourism.sights",
          "tourism.sights.memorial"
        ],
        "details": [
          "details.historic"
        ],
        "datasource": {
          "sourcename": "openstreetmap",
          "attribution": "© OpenStreetMap contributors",
          "license": "Open Database License",
          "url": "https://www.openstreetmap.org/copyright",
          "raw": {
            "lat": 49.9457138,
            "lon": 21.8357032,
            "city": "Czudec",
            "name": "Votum Jubileuszowe",
            "osm_id": 12465413017,
            "street": "Kościelna",
            "historic": "memorial",
            "memorial": "plaque",
            "osm_type": "n",
            "postcode": "38-120",
            "_inherited": "",
            "housenumber": 2
          }
        },
        "historic": {
          "type": "memorial",
          "memorial": "plaque"
        },
        "distance": 15772,
        "place_id": "519d2919a5f0d53540591d3059260df94840f00103f901991bffe602000000920312566f74756d204a7562696c6575737a6f7765"
      },
      "geometry": {
        "type": "Point",
        "coordinates": [
          21.8357032,
          49.9457138
        ]
      }
    },
    {
      "type": "Feature",
      "properties": {
        "name": "Jerzy Popiełuszko",
        "country": "Polska",
        "country_code": "pl",
        "state": "województwo podkarpackie",
        "county": "powiat strzyżowski",
        "city": "Czudec",
        "hamlet": "Grobla",
        "municipality": "gmina Czudec",
        "postcode": "38-120",
        "street": "Kościelna",
        "iso3166_2": "PL-18",
        "lon": 21.8355702,
        "lat": 49.945813,
        "state_code": "PK",
        "formatted": "Jerzy Popiełuszko, Kościelna, 38-120 Czudec, Polska",
        "address_line1": "Jerzy Popiełuszko",
        "address_line2": "Kościelna, 38-120 Czudec, Polska",
        "categories": [
          "tourism",
          "tourism.sights",
          "tourism.sights.memorial"
        ],
        "details": [],
        "datasource": {
          "sourcename": "openstreetmap",
          "attribution": "© OpenStreetMap contributors",
          "license": "Open Database License",
          "url": "https://www.openstreetmap.org/copyright",
          "raw": {
            "lat": 49.945813,
            "lon": 21.8355702,
            "name": "Jerzy Popiełuszko",
            "osm_id": 12465413018,
            "historic": "memorial",
            "osm_type": "n"
          }
        },
        "historic": {
          "type": "memorial"
        },
        "distance": 15772,
        "place_id": "511e83baede7d5354059da907f6610f94840f00103f9019a1bffe6020000009203124a65727a7920506f706965c58275737a6b6f"
      },
      "geometry": {
        "type": "Point",
        "coordinates": [
          21.8355702,
          49.945813
        ]
      }
    },
    {
      "type": "Feature",
      "properties": {
        "name": "Hołd Pomordowanym",
        "country": "Polska",
        "country_code": "pl",
        "state": "województwo podkarpackie",
        "county": "powiat rzeszowski",
        "city": "Sołonka",
        "hamlet": "Zakrąg",
        "municipality": "gmina Lubenia",
        "postcode": "36-043",
        "street": "Chłopski Most",
        "iso3166_2": "PL-18",
        "lon": 21.9529171,
        "lat": 49.8989881,
        "state_code": "PK",
        "formatted": "Hołd Pomordowanym, Chłopski Most, 36-043 Sołonka, Polska",
        "address_line1": "Hołd Pomordowanym",
        "address_line2": "Chłopski Most, 36-043 Sołonka, Polska",
        "categories": [
          "tourism",
          "tourism.sights",
          "tourism.sights.memorial"
        ],
        "details": [],
        "datasource": {
          "sourcename": "openstreetmap",
          "attribution": "© OpenStreetMap contributors",
          "license": "Open Database License",
          "url": "https://www.openstreetmap.org/copyright",
          "raw": {
            "lat": 49.8989881,
            "lon": 21.9529171,
            "name": "Hołd Pomordowanym",
            "osm_id": 2971213441,
            "historic": "memorial",
            "osm_type": "n"
          }
        },
        "historic": {
          "type": "memorial"
        },
        "distance": 15782,
        "place_id": "51964c0460f2f3354059207fc40a12f34840f00103f901811e19b100000000920312486fc5826420506f6d6f72646f77616e796d"
      },
      "geometry": {
        "type": "Point",
        "coordinates": [
          21.9529171,
          49.8989881
        ]
      }
    },
    {
      "type": "Feature",
      "properties": {
        "name": "Osada z epoki kamienia",
        "country": "Polska",
        "country_code": "pl",
        "state": "województwo podkarpackie",
        "county": "powiat łańcucki",
        "city": "Albigowa",
        "hamlet": "Skotnik",
        "municipality": "gmina Łańcut",
        "postcode": "37-122",
        "street": "877",
        "iso3166_2": "PL-18",
        "lon": 22.2249871,
        "lat": 50.0174578,
        "state_code": "PK",
        "formatted": "Osada z epoki kamienia, 877, 37-122 Albigowa, Polska",
        "address_line1": "Osada z epoki kamienia",
        "address_line2": "877, 37-122 Albigowa, Polska",
        "categories": [
          "heritage",
          "tourism",
          "tourism.sights",
          "tourism.sights.archaeological_site"
        ],
        "details": [
          "details",
          "details.heritage"
        ],
        "datasource": {
          "sourcename": "openstreetmap",
          "attribution": "© OpenStreetMap contributors",
          "license": "Open Database License",
          "url": "https://www.openstreetmap.org/copyright",
          "raw": {
            "lat": 50.0174578,
            "lon": 22.2249871,
            "name": "Osada z epoki kamienia",
            "osm_id": 5167005001,
            "ref:nid": "A-405",
            "heritage": 2,
            "historic": "archaeological_site",
            "osm_type": "n",
            "archaeological_site": "settlement"
          }
        },
        "ref_other": {
          "nid": "A-405"
        },
        "historic": {
          "type": "archaeological_site"
        },
        "heritage": {
          "level": 2,
          "ref": "A-405"
        },
        "distance": 15983,
        "place_id": "519a852cc19839364059b207a40e3c024940f00103f901493dfa33010000009203164f73616461207a2065706f6b69206b616d69656e6961"
      },
      "geometry": {
        "type": "Point",
        "coordinates": [
          22.2249871,
          50.0174578
        ]
      }
    },
    {
      "type": "Feature",
      "properties": {
        "name": "Krzyż milenijny",
        "country": "Polska",
        "country_code": "pl",
        "state": "województwo podkarpackie",
        "county": "powiat ropczycko-sędziszowski",
        "city": "Będziemyśl",
        "hamlet": "Kolonia",
        "municipality": "gmina Sędziszów Małopolski",
        "postcode": "39-127",
        "street": "Cicha",
        "iso3166_2": "PL-18",
        "lon": 21.7817474,
        "lat": 50.055688,
        "state_code": "PK",
        "formatted": "Krzyż milenijny, Cicha, 39-127 Będziemyśl, Polska",
        "address_line1": "Krzyż milenijny",
        "address_line2": "Cicha, 39-127 Będziemyśl, Polska",
        "categories": [
          "tourism",
          "tourism.sights",
          "tourism.sights.memorial",
          "tourism.sights.memorial.wayside_cross"
        ],
        "details": [
          "details.historic",
          "details.place_of_worship"
        ],
        "datasource": {
          "sourcename": "openstreetmap",
          "attribution": "© OpenStreetMap contributors",
          "license": "Open Database License",
          "url": "https://www.openstreetmap.org/copyright",
          "raw": {
            "lat": 50.055688,
            "lon": 21.7817474,
            "name": "Krzyż milenijny",
            "osm_id": 6781565787,
            "historic": "wayside_cross",
            "osm_type": "n",
            "religion": "christian",
            "start_date": 2000,
            "denomination": "catholic"
          }
        },
        "historic": {
          "type": "wayside_cross",
          "start_date": 2000
        },
        "place_of_worship": {
          "religion": "christian",
          "denomination": "catholic"
        },
        "distance": 16054,
        "place_id": "51a8bbfc9820c8354059cc63cdc820074940f00103f9015b7b3694010000009203104b727a79c5bc206d696c656e696a6e79"
      },
      "geometry": {
        "type": "Point",
        "coordinates": [
          21.7817474,
          50.055688
        ]
      }
    },
    {
      "type": "Feature",
      "properties": {
        "name": "Pomnik Pomordowanych Mieszkańców w czasie II Wojny Światowej",
        "country": "Polska",
        "country_code": "pl",
        "state": "województwo podkarpackie",
        "county": "powiat łańcucki",
        "city": "Medynia Głogowska",
        "hamlet": "Dół",
        "municipality": "gmina Czarna",
        "postcode": "37-126",
        "street": "881",
        "iso3166_2": "PL-18",
        "lon": 22.1345279,
        "lat": 50.1548138,
        "state_code": "PK",
        "formatted": "Pomnik Pomordowanych Mieszkańców w czasie II Wojny Światowej, 881, 37-126 Medynia Głogowska, Polska",
        "address_line1": "Pomnik Pomordowanych Mieszkańców w czasie II Wojny Światowej",
        "address_line2": "881, 37-126 Medynia Głogowska, Polska",
        "categories": [
          "tourism",
          "tourism.sights",
          "tourism.sights.memorial",
          "tourism.sights.memorial.monument"
        ],
        "details": [
          "details"
        ],
        "datasource": {
          "sourcename": "openstreetmap",
          "attribution": "© OpenStreetMap contributors",
          "license": "Open Database License",
          "url": "https://www.openstreetmap.org/copyright",
          "raw": {
            "lat": 50.1548138,
            "lon": 22.1345279,
            "name": "Pomnik Pomordowanych Mieszkańców w czasie II Wojny Światowej",
            "osm_id": 4509510292,
            "name:pl": "Pomnik Pomordowanych Mieszkańców w czasie II Wojny Światowej",
            "historic": "monument",
            "osm_type": "n"
          }
        },
        "name_international": {
          "pl": "Pomnik Pomordowanych Mieszkańców w czasie II Wojny Światowej"
        },
        "historic": {
          "type": "monument"
        },
        "distance": 16092,
        "place_id": "5149e6a26b702236405918fc47f0d0134940f00103f90194aac90c0100000092033f506f6d6e696b20506f6d6f72646f77616e796368204d6965737a6b61c58463c3b377207720637a6173696520494920576f6a6e7920c59a776961746f77656a"
      },
      "geometry": {
        "type": "Point",
        "coordinates": [
          22.1345279,
          50.1548138
        ]
      }
    },
    {
      "type": "Feature",
      "properties": {
        "name": "Egzekucja 5 III 1944",
        "country": "Polska",
        "country_code": "pl",
        "state": "województwo podkarpackie",
        "county": "powiat łańcucki",
        "city": "Łańcut",
        "postcode": "37-100",
        "street": "Bohaterów",
        "iso3166_2": "PL-18",
        "lon": 22.2254177,
        "lat": 50.0723385,
        "state_code": "PK",
        "formatted": "Egzekucja 5 III 1944, Bohaterów, 37-100 Łańcut, Polska",
        "address_line1": "Egzekucja 5 III 1944",
        "address_line2": "Bohaterów, 37-100 Łańcut, Polska",
        "categories": [
          "tourism",
          "tourism.sights",
          "tourism.sights.memorial"
        ],
        "details": [
          "details.historic"
        ],
        "datasource": {
          "sourcename": "openstreetmap",
          "attribution": "© OpenStreetMap contributors",
          "license": "Open Database License",
          "url": "https://www.openstreetmap.org/copyright",
          "raw": {
            "lat": 50.0723385,
            "lon": 22.2254177,
            "name": "Egzekucja 5 III 1944",
            "osm_id": 6591447641,
            "historic": "memorial",
            "material": "granite",
            "memorial": "war_memorial",
            "osm_type": "n",
            "architect": "Wrzesław Żurawski",
            "inscription": "W tym miejscu dnia 5 marca 1944 roku za przynależność do ruchu oporu zostali rozstrzelani przez niemieckiego okupanta polscy patrioci: (...) CHWAŁA BOHATEROM",
            "memorial:type": "plate",
            "openplaques:id": 51863,
            "subject:wikidata": "Q6983410"
          }
        },
        "historic": {
          "type": "memorial",
          "memorial": "war_memorial",
          "memorial_details": {
            "type": "plate"
          },
          "inscription": "W tym miejscu dnia 5 marca 1944 roku za przynależność do ruchu oporu zostali rozstrzelani przez niemieckiego okupanta polscy patrioci: (...) CHWAŁA BOHATEROM"
        },
        "distance": 16337,
        "place_id": "51867071f9b439364059f0de516342094940f00103f9015982e1880100000092031445677a656b75636a612035204949492031393434"
      },
      "geometry": {
        "type": "Point",
        "coordinates": [
          22.2254177,
          50.0723385
        ]
      }
    },
    {
      "type": "Feature",
      "properties": {
        "name": "Pomnik ofiar Holokaustu",
        "country": "Polska",
        "country_code": "pl",
        "state": "województwo podkarpackie",
        "county": "powiat łańcucki",
        "city": "Łańcut",
        "postcode": "37-100",
        "district": "Wisielówka",
        "street": "Romualda Traugutta",
        "iso3166_2": "PL-18",
        "lon": 22.2296598,
        "lat": 50.0615821,
        "state_code": "PK",
        "formatted": "Pomnik ofiar Holokaustu, Romualda Traugutta, 37-100 Łańcut, Polska",
        "address_line1": "Pomnik ofiar Holokaustu",
        "address_line2": "Romualda Traugutta, 37-100 Łańcut, Polska",
        "categories": [
          "tourism",
          "tourism.sights",
          "tourism.sights.memorial"
        ],
        "details": [],
        "datasource": {
          "sourcename": "openstreetmap",
          "attribution": "© OpenStreetMap contributors",
          "license": "Open Database License",
          "url": "https://www.openstreetmap.org/copyright",
          "raw": {
            "lat": 50.0615821,
            "lon": 22.2296598,
            "name": "Pomnik ofiar Holokaustu",
            "osm_id": 2043874353,
            "historic": "memorial",
            "osm_type": "n",
            "subject:wikidata": "Q2763"
          }
        },
        "historic": {
          "type": "memorial"
        },
        "distance": 16392,
        "place_id": "51b63412fcca3a3640596fc218ece1074940f00103f901310cd37900000000920317506f6d6e696b206f6669617220486f6c6f6b6175737475"
      },
      "geometry": {
        "type": "Point",
        "coordinates": [
          22.2296598,
          50.0615821
        ]
      }
    },
    {
      "type": "Feature",
      "properties": {
        "name": "Kamień upamiętniający lipę króla Jagiełły",
        "country": "Polska",
        "country_code": "pl",
        "state": "województwo podkarpackie",
        "county": "powiat łańcucki",
        "city": "Łańcut",
        "postcode": "37-100",
        "district": "Osiedle Generała Stanisława Maczka",
        "street": "Dominikańska",
        "iso3166_2": "PL-18",
        "lon": 22.2285987,
        "lat": 50.0714202,
        "state_code": "PK",
        "formatted": "Kamień upamiętniający lipę króla Jagiełły, Dominikańska, 37-100 Łańcut, Polska",
        "address_line1": "Kamień upamiętniający lipę króla Jagiełły",
        "address_line2": "Dominikańska, 37-100 Łańcut, Polska",
        "categories": [
          "tourism",
          "tourism.sights",
          "tourism.sights.memorial"
        ],
        "details": [
          "details.historic"
        ],
        "datasource": {
          "sourcename": "openstreetmap",
          "attribution": "© OpenStreetMap contributors",
          "license": "Open Database License",
          "url": "https://www.openstreetmap.org/copyright",
          "raw": {
            "lat": 50.0714202,
            "lon": 22.2285987,
            "name": "Kamień upamiętniający lipę króla Jagiełły",
            "osm_id": 11989938677,
            "historic": "memorial",
            "memorial": "stone",
            "osm_type": "n"
          }
        },
        "historic": {
          "type": "memorial",
          "memorial": "stone"
        },
        "distance": 16534,
        "place_id": "517a68c471853a3640590ba30f4c24094940f00103f901f5f1a7ca020000009203304b616d6965c584207570616d69c499746e69616ac4856379206c6970c499206b72c3b36c61204a61676965c582c58279"
      },
      "geometry": {
        "type": "Point",
        "coordinates": [
          22.2285987,
          50.0714202
        ]
      }
    },
    {
      "type": "Feature",
      "properties": {
        "name": "Osada z epoki kamienia",
        "country": "Polska",
        "country_code": "pl",
        "state": "województwo podkarpackie",
        "county": "powiat łańcucki",
        "city": "Albigowa",
        "hamlet": "Skotnik",
        "municipality": "gmina Łańcut",
        "postcode": "37-122",
        "street": "877",
        "iso3166_2": "PL-18",
        "lon": 22.2325525,
        "lat": 50.0153574,
        "state_code": "PK",
        "formatted": "Osada z epoki kamienia, 877, 37-122 Albigowa, Polska",
        "address_line1": "Osada z epoki kamienia",
        "address_line2": "877, 37-122 Albigowa, Polska",
        "categories": [
          "heritage",
          "tourism",
          "tourism.sights",
          "tourism.sights.archaeological_site"
        ],
        "details": [
          "details",
          "details.heritage"
        ],
        "datasource": {
          "sourcename": "openstreetmap",
          "attribution": "© OpenStreetMap contributors",
          "license": "Open Database License",
          "url": "https://www.openstreetmap.org/copyright",
          "raw": {
            "lat": 50.0153574,
            "lon": 22.2325525,
            "name": "Osada z epoki kamienia",
            "osm_id": 5167005002,
            "ref:nid": "A-841",
            "heritage": 2,
            "historic": "archaeological_site",
            "osm_type": "n",
            "archaeological_site": "settlement"
          }
        },
        "ref_other": {
          "nid": "A-841"
        },
        "historic": {
          "type": "archaeological_site"
        },
        "heritage": {
          "level": 2,
          "ref": "A-841"
        },
        "distance": 16553,
        "place_id": "51611a868f883b3640593460353bf7014940f00103f9014a3dfa33010000009203164f73616461207a2065706f6b69206b616d69656e6961"
      },
      "geometry": {
        "type": "Point",
        "coordinates": [
          22.2325525,
          50.0153574
        ]
      }
    },
    {
      "type": "Feature",
      "properties": {
        "name": "Grodzisko średniowieczne",
        "country": "Polska",
        "country_code": "pl",
        "state": "województwo podkarpackie",
        "county": "powiat łańcucki",
        "city": "Łańcut",
        "postcode": "37-100",
        "street": "Łysa Góra",
        "iso3166_2": "PL-18",
        "lon": 22.2291361,
        "lat": 50.0717074,
        "state_code": "PK",
        "formatted": "Grodzisko średniowieczne, Łysa Góra, 37-100 Łańcut, Polska",
        "address_line1": "Grodzisko średniowieczne",
        "address_line2": "Łysa Góra, 37-100 Łańcut, Polska",
        "categories": [
          "heritage",
          "tourism",
          "tourism.sights",
          "tourism.sights.archaeological_site"
        ],
        "details": [
          "details",
          "details.heritage"
        ],
        "datasource": {
          "sourcename": "openstreetmap",
          "attribution": "© OpenStreetMap contributors",
          "license": "Open Database License",
          "url": "https://www.openstreetmap.org/copyright",
          "raw": {
            "lat": 50.0717074,
            "lon": 22.2291361,
            "name": "Grodzisko średniowieczne",
            "osm_id": 5166517239,
            "ref:nid": "A-493; C-24",
            "heritage": 2,
            "historic": "archaeological_site",
            "osm_type": "n",
            "archaeological_site": "settlement"
          }
        },
        "ref_other": {
          "nid": "A-493; C-24"
        },
        "historic": {
          "type": "archaeological_site"
        },
        "heritage": {
          "level": 2,
          "ref": "A-493; C-24"
        },
        "distance": 16579,
        "place_id": "513fd5d7a9a83a364059cbf044b52d094940f00103f901f7cbf2330100000092031947726f647a69736b6f20c59b7265646e696f776965637a6e65"
      },
      "geometry": {
        "type": "Point",
        "coordinates": [
          22.2291361,
          50.0717074
        ]
      }
    },
    {
      "type": "Feature",
      "properties": {
        "name": "Grodzisko średniowieczne",
        "country": "Polska",
        "country_code": "pl",
        "state": "województwo podkarpackie",
        "county": "powiat łańcucki",
        "city": "Łańcut",
        "postcode": "37-100",
        "street": "Łysa Góra",
        "iso3166_2": "PL-18",
        "lon": 22.2295178,
        "lat": 50.0726508,
        "state_code": "PK",
        "formatted": "Grodzisko średniowieczne, Łysa Góra, 37-100 Łańcut, Polska",
        "address_line1": "Grodzisko średniowieczne",
        "address_line2": "Łysa Góra, 37-100 Łańcut, Polska",
        "categories": [
          "tourism",
          "tourism.sights",
          "tourism.sights.archaeological_site"
        ],
        "details": [
          "details"
        ],
        "datasource": {
          "sourcename": "openstreetmap",
          "attribution": "© OpenStreetMap contributors",
          "license": "Open Database License",
          "url": "https://www.openstreetmap.org/copyright",
          "raw": {
            "lat": 50.0726508,
            "lon": 22.2295178,
            "name": "Grodzisko średniowieczne",
            "osm_id": 5166517238,
            "ref:nid": "A-862",
            "historic": "archaeological_site",
            "osm_type": "n",
            "archaeological_site": "settlement"
          }
        },
        "ref_other": {
          "nid": "A-862"
        },
        "historic": {
          "type": "archaeological_site"
        },
        "distance": 16630,
        "place_id": "5191d9b4adc13a3640599d03159f4c094940f00103f901f6cbf2330100000092031947726f647a69736b6f20c59b7265646e696f776965637a6e65"
      },
      "geometry": {
        "type": "Point",
        "coordinates": [
          22.2295178,
          50.0726508
        ]
      }
    },
    {
      "type": "Feature",
      "properties": {
        "name": "Josip Jelačić",
        "country": "Polska",
        "country_code": "pl",
        "state": "województwo podkarpackie",
        "county": "powiat łańcucki",
        "city": "Łańcut",
        "postcode": "37-100",
        "district": "Trześnik",
        "street": "Zamkowa",
        "iso3166_2": "PL-18",
        "lon": 22.2313469,
        "lat": 50.0683863,
        "state_code": "PK",
        "formatted": "Josip Jelačić, Zamkowa, 37-100 Łańcut, Polska",
        "address_line1": "Josip Jelačić",
        "address_line2": "Zamkowa, 37-100 Łańcut, Polska",
        "categories": [
          "tourism",
          "tourism.sights",
          "tourism.sights.memorial"
        ],
        "details": [
          "details.historic"
        ],
        "datasource": {
          "sourcename": "openstreetmap",
          "attribution": "© OpenStreetMap contributors",
          "license": "Open Database License",
          "url": "https://www.openstreetmap.org/copyright",
          "raw": {
            "lat": 50.0683863,
            "lon": 22.2313469,
            "name": "Josip Jelačić",
            "osm_id": 13737490705,
            "historic": "memorial",
            "memorial": "plaque",
            "osm_type": "n"
          }
        },
        "historic": {
          "type": "memorial",
          "memorial": "plaque"
        },
        "distance": 16652,
        "place_id": "51ee87e98c393b3640594affdce1c0084940f00103f9011179d1320300000092030f4a6f736970204a656c61c48d69c487"
      },
      "geometry": {
        "type": "Point",
        "coordinates": [
          22.2313469,
          50.0683863
        ]
      }
    },
    {
      "type": "Feature",
      "properties": {
        "name": "10 Pułk Strzelców Konnych",
        "country": "Polska",
        "country_code": "pl",
        "state": "województwo podkarpackie",
        "county": "powiat łańcucki",
        "city": "Łańcut",
        "postcode": "37-100",
        "district": "Trześnik",
        "street": "Zamkowa",
        "iso3166_2": "PL-18",
        "lon": 22.2313892,
        "lat": 50.0684267,
        "state_code": "PK",
        "formatted": "10 Pułk Strzelców Konnych, Zamkowa, 37-100 Łańcut, Polska",
        "address_line1": "10 Pułk Strzelców Konnych",
        "address_line2": "Zamkowa, 37-100 Łańcut, Polska",
        "categories": [
          "tourism",
          "tourism.sights",
          "tourism.sights.memorial"
        ],
        "details": [
          "details",
          "details.historic",
          "details.wiki_and_media"
        ],
        "datasource": {
          "sourcename": "openstreetmap",
          "attribution": "© OpenStreetMap contributors",
          "license": "Open Database License",
          "url": "https://www.openstreetmap.org/copyright",
          "raw": {
            "lat": 50.0684267,
            "lon": 22.2313892,
            "name": "10 Pułk Strzelców Konnych",
            "image": "https://photos.app.goo.gl/A2zoRynJjWHnxp9WA",
            "osm_id": 13092095136,
            "historic": "memorial",
            "memorial": "plaque",
            "osm_type": "n",
            "description": "W 100. rocznicę utworzenia i przybycia do Łańcuta 10. Pułku Strzelców Konnych."
          }
        },
        "description": "W 100. rocznicę utworzenia i przybycia do Łańcuta 10. Pułku Strzelców Konnych.",
        "wiki_and_media": {
          "image": "https://photos.app.goo.gl/A2zoRynJjWHnxp9WA"
        },
        "historic": {
          "type": "memorial",
          "memorial": "plaque"
        },
        "distance": 16656,
        "place_id": "51c9a596523c3b3640592c56c334c2084940f00103f901a084590c0300000092031b3130205075c5826b205374727a656c63c3b377204b6f6e6e796368"
      },
      "geometry": {
        "type": "Point",
        "coordinates": [
          22.2313892,
          50.0684267
        ]
      }
    },
    {
      "type": "Feature",
      "properties": {
        "name": "Osada z epoki kamienia",
        "country": "Polska",
        "country_code": "pl",
        "state": "województwo podkarpackie",
        "county": "powiat łańcucki",
        "city": "Łańcut",
        "postcode": "37-100",
        "district": "Osiedle Wschód",
        "street": "Tadeusza Kościuszki",
        "housenumber": "7",
        "iso3166_2": "PL-18",
        "lon": 22.2315816,
        "lat": 50.0687771,
        "state_code": "PK",
        "formatted": "Osada z epoki kamienia, Tadeusza Kościuszki 7, 37-100 Łańcut, Polska",
        "address_line1": "Osada z epoki kamienia",
        "address_line2": "Tadeusza Kościuszki 7, 37-100 Łańcut, Polska",
        "categories": [
          "heritage",
          "tourism",
          "tourism.sights",
          "tourism.sights.archaeological_site"
        ],
        "details": [
          "details",
          "details.heritage"
        ],
        "datasource": {
          "sourcename": "openstreetmap",
          "attribution": "© OpenStreetMap contributors",
          "license": "Open Database License",
          "url": "https://www.openstreetmap.org/copyright",
          "raw": {
            "lat": 50.0687771,
            "lon": 22.2315816,
            "city": "Łańcut",
            "name": "Osada z epoki kamienia",
            "osm_id": 5165792004,
            "street": "Tadeusza Kościuszki",
            "ref:nid": "A-407",
            "heritage": 2,
            "historic": "archaeological_site",
            "osm_type": "n",
            "postcode": "37-100",
            "_inherited": "",
            "housenumber": 7,
            "archaeological_site": "settlement"
          }
        },
        "ref_other": {
          "nid": "A-407"
        },
        "historic": {
          "type": "archaeological_site"
        },
        "heritage": {
          "level": 2,
          "ref": "A-407"
        },
        "distance": 16678,
        "place_id": "51f85a86ee483b3640595b9b21b0cd084940f00103f90104bbe733010000009203164f73616461207a2065706f6b69206b616d69656e6961"
      },
      "geometry": {
        "type": "Point",
        "coordinates": [
          22.2315816,
          50.0687771
        ]
      }
    },
    {
      "type": "Feature",
      "properties": {
        "name": "Grunwald",
        "country": "Polska",
        "country_code": "pl",
        "state": "województwo podkarpackie",
        "county": "powiat łańcucki",
        "city": "Handzlówka",
        "hamlet": "Skotnik",
        "municipality": "gmina Łańcut",
        "postcode": "37-123",
        "street": "Kościelna",
        "iso3166_2": "PL-18",
        "lon": 22.2244272,
        "lat": 49.9878641,
        "state_code": "PK",
        "formatted": "Grunwald, Kościelna, 37-123 Handzlówka, Polska",
        "address_line1": "Grunwald",
        "address_line2": "Kościelna, 37-123 Handzlówka, Polska",
        "categories": [
          "tourism",
          "tourism.sights",
          "tourism.sights.memorial",
          "tourism.sights.memorial.monument"
        ],
        "details": [],
        "datasource": {
          "sourcename": "openstreetmap",
          "attribution": "© OpenStreetMap contributors",
          "license": "Open Database License",
          "url": "https://www.openstreetmap.org/copyright",
          "raw": {
            "lat": 49.9878641,
            "lon": 22.2244272,
            "name": "Grunwald",
            "osm_id": 2585811352,
            "historic": "monument",
            "osm_type": "n",
            "subject:wikidata": "Q33570"
          }
        },
        "historic": {
          "type": "monument"
        },
        "distance": 16718,
        "place_id": "5136559c0f74393640593d32b15472fe4840f00103f9019859209a000000009203084772756e77616c64"
      },
      "geometry": {
        "type": "Point",
        "coordinates": [
          22.2244272,
          49.9878641
        ]
      }
    },
    {
      "type": "Feature",
      "properties": {
        "name": "Wiesław Krawczyński",
        "country": "Polska",
        "country_code": "pl",
        "state": "województwo podkarpackie",
        "county": "powiat łańcucki",
        "city": "Łańcut",
        "postcode": "37-100",
        "street": "3 Maja",
        "iso3166_2": "PL-18",
        "lon": 22.2327636,
        "lat": 50.0671919,
        "state_code": "PK",
        "formatted": "Wiesław Krawczyński, 3 Maja, 37-100 Łańcut, Polska",
        "address_line1": "Wiesław Krawczyński",
        "address_line2": "3 Maja, 37-100 Łańcut, Polska",
        "categories": [
          "tourism",
          "tourism.sights",
          "tourism.sights.memorial"
        ],
        "details": [
          "details.historic"
        ],
        "datasource": {
          "sourcename": "openstreetmap",
          "attribution": "© OpenStreetMap contributors",
          "license": "Open Database License",
          "url": "https://www.openstreetmap.org/copyright",
          "raw": {
            "lat": 50.0671919,
            "lon": 22.2327636,
            "name": "Wiesław Krawczyński",
            "osm_id": 13737088850,
            "historic": "memorial",
            "material": "stone",
            "memorial": "stele",
            "osm_type": "n"
          }
        },
        "historic": {
          "type": "memorial",
          "memorial": "stele"
        },
        "distance": 16724,
        "place_id": "5100b33165963b3640592e8782be99084940f00103f9015257cb320300000092031557696573c5826177204b726177637a79c584736b69"
      },
      "geometry": {
        "type": "Point",
        "coordinates": [
          22.2327636,
          50.0671919
        ]
      }
    },
    {
      "type": "Feature",
      "properties": {
        "name": "Pomnik gen. Władysława Sikorskiego",
        "country": "Polska",
        "country_code": "pl",
        "state": "województwo podkarpackie",
        "county": "powiat rzeszowski",
        "city": "Hyżne",
        "hamlet": "Mały Dół",
        "municipality": "gmina Hyżne",
        "postcode": "36-024",
        "street": "Skwer im. gen. Władysława Sikorskiego",
        "iso3166_2": "PL-18",
        "lon": 22.1637936,
        "lat": 49.923745,
        "state_code": "PK",
        "formatted": "Pomnik gen. Władysława Sikorskiego, Skwer im. gen. Władysława Sikorskiego, 36-024 Hyżne, Polska",
        "address_line1": "Pomnik gen. Władysława Sikorskiego",
        "address_line2": "Skwer im. gen. Władysława Sikorskiego, 36-024 Hyżne, Polska",
        "categories": [
          "tourism",
          "tourism.sights",
          "tourism.sights.memorial"
        ],
        "details": [
          "details.historic"
        ],
        "datasource": {
          "sourcename": "openstreetmap",
          "attribution": "© OpenStreetMap contributors",
          "license": "Open Database License",
          "url": "https://www.openstreetmap.org/copyright",
          "raw": {
            "lat": 49.923745,
            "lon": 22.1637936,
            "name": "Pomnik gen. Władysława Sikorskiego",
            "osm_id": 11067767470,
            "historic": "memorial",
            "memorial": "sculpture",
            "osm_type": "n",
            "inscription": "„Pozdrowienia dla Polaków i Polek z pięknych i drogich mojemu sercu okolic Hyżnego, Grzegorzówki i Dylągówki”\ngen. Władysław Sikorski, 20 kwietnia 1941r."
          }
        },
        "historic": {
          "type": "memorial",
          "memorial": "sculpture",
          "inscription": "„Pozdrowienia dla Polaków i Polek z pięknych i drogich mojemu sercu okolic Hyżnego, Grzegorzówki i Dylągówki”\ngen. Władysław Sikorski, 20 kwietnia 1941r."
        },
        "distance": 17031,
        "place_id": "514b4b9b60ee29364059f86bb2463df64840f00103f901aebab09302000000920324506f6d6e696b2067656e2e2057c58261647973c5826177612053696b6f72736b6965676f"
      },
      "geometry": {
        "type": "Point",
        "coordinates": [
          22.1637936,
          49.923745
        ]
      }
    },
    {
      "type": "Feature",
      "properties": {
        "name": "Pomnik Czynu Chłopskiego",
        "country": "Polska",
        "country_code": "pl",
        "state": "województwo podkarpackie",
        "county": "powiat ropczycko-sędziszowski",
        "city": "Będziemyśl",
        "hamlet": "Kolonia",
        "municipality": "gmina Sędziszów Małopolski",
        "postcode": "39-127",
        "street": "Krótka",
        "iso3166_2": "PL-18",
        "lon": 21.7668323,
        "lat": 50.0266001,
        "state_code": "PK",
        "formatted": "Pomnik Czynu Chłopskiego, Krótka, 39-127 Będziemyśl, Polska",
        "address_line1": "Pomnik Czynu Chłopskiego",
        "address_line2": "Krótka, 39-127 Będziemyśl, Polska",
        "categories": [
          "tourism",
          "tourism.sights",
          "tourism.sights.memorial"
        ],
        "details": [],
        "datasource": {
          "sourcename": "openstreetmap",
          "attribution": "© OpenStreetMap contributors",
          "license": "Open Database License",
          "url": "https://www.openstreetmap.org/copyright",
          "raw": {
            "lat": 50.0266001,
            "lon": 21.7668323,
            "name": "Pomnik Czynu Chłopskiego",
            "osm_id": 8069201560,
            "historic": "memorial",
            "osm_type": "n"
          }
        },
        "historic": {
          "type": "memorial"
        },
        "distance": 17032,
        "place_id": "513704221f4fc435405901c9cfa167034940f00103f901983ef6e001000000920319506f6d6e696b20437a796e75204368c5826f70736b6965676f"
      },
      "geometry": {
        "type": "Point",
        "coordinates": [
          21.7668323,
          50.0266001
        ]
      }
    },
    {
      "type": "Feature",
      "properties": {
        "name": "Tablica pamięci ofiar terroru hitlerowskiego",
        "country": "Polska",
        "country_code": "pl",
        "state": "województwo podkarpackie",
        "county": "powiat rzeszowski",
        "city": "Głogów Małopolski",
        "municipality": "gmina Głogów Małopolski",
        "postcode": "36-003",
        "district": "Annopol",
        "suburb": "Styków",
        "street": "Świętego Michała Archanioła",
        "iso3166_2": "PL-18",
        "lon": 21.9471803,
        "lat": 50.1862703,
        "state_code": "PK",
        "formatted": "Tablica pamięci ofiar terroru hitlerowskiego, Świętego Michała Archanioła, 36-003 Głogów Małopolski, Polska",
        "address_line1": "Tablica pamięci ofiar terroru hitlerowskiego",
        "address_line2": "Świętego Michała Archanioła, 36-003 Głogów Małopolski, Polska",
        "categories": [
          "tourism",
          "tourism.sights",
          "tourism.sights.memorial"
        ],
        "details": [
          "details.historic"
        ],
        "datasource": {
          "sourcename": "openstreetmap",
          "attribution": "© OpenStreetMap contributors",
          "license": "Open Database License",
          "url": "https://www.openstreetmap.org/copyright",
          "raw": {
            "lat": 50.1862703,
            "lon": 21.9471803,
            "name": "Tablica pamięci ofiar terroru hitlerowskiego",
            "osm_id": 11631633064,
            "historic": "memorial",
            "memorial": "plaque",
            "osm_type": "n",
            "start_date": 2014
          }
        },
        "historic": {
          "type": "memorial",
          "start_date": 2014,
          "memorial": "plaque"
        },
        "distance": 17094,
        "place_id": "515cea7b687af2354059a95b87b4d7174940f00103f901a8a24cb50200000092032d5461626c6963612070616d69c4996369206f6669617220746572726f7275206869746c65726f77736b6965676f"
      },
      "geometry": {
        "type": "Point",
        "coordinates": [
          21.9471803,
          50.1862703
        ]
      }
    },
    {
      "type": "Feature",
      "properties": {
        "name": "Teodor Leszetycki",
        "country": "Polska",
        "country_code": "pl",
        "state": "województwo podkarpackie",
        "county": "powiat łańcucki",
        "city": "Łańcut",
        "postcode": "37-100",
        "street": "Trakt Honorowych Obywateli Miasta Łańcuta",
        "iso3166_2": "PL-18",
        "lon": 22.2386097,
        "lat": 50.0668758,
        "state_code": "PK",
        "formatted": "Teodor Leszetycki, Trakt Honorowych Obywateli Miasta Łańcuta, 37-100 Łańcut, Polska",
        "address_line1": "Teodor Leszetycki",
        "address_line2": "Trakt Honorowych Obywateli Miasta Łańcuta, 37-100 Łańcut, Polska",
        "categories": [
          "tourism",
          "tourism.sights",
          "tourism.sights.memorial"
        ],
        "details": [
          "details.historic"
        ],
        "datasource": {
          "sourcename": "openstreetmap",
          "attribution": "© OpenStreetMap contributors",
          "license": "Open Database License",
          "url": "https://www.openstreetmap.org/copyright",
          "raw": {
            "lat": 50.0668758,
            "lon": 22.2386097,
            "name": "Teodor Leszetycki",
            "osm_id": 13737407950,
            "historic": "memorial",
            "memorial": "plaque",
            "osm_type": "n"
          }
        },
        "historic": {
          "type": "memorial",
          "memorial": "plaque"
        },
        "distance": 17128,
        "place_id": "5125027a86153d36405969f2de628f084940f00103f901ce35d0320300000092031154656f646f72204c65737a657479636b69"
      },
      "geometry": {
        "type": "Point",
        "coordinates": [
          22.2386097,
          50.0668758
        ]
      }
    },
    {
      "type": "Feature",
      "properties": {
        "name": "Historyczna granica gmin",
        "country": "Polska",
        "country_code": "pl",
        "state": "województwo podkarpackie",
        "county": "powiat strzyżowski",
        "city": "Czudec",
        "hamlet": "Rzeki",
        "municipality": "gmina Czudec",
        "postcode": "28-120",
        "street": "Strumykowa",
        "iso3166_2": "PL-18",
        "lon": 21.7737119,
        "lat": 49.971475,
        "state_code": "PK",
        "formatted": "Historyczna granica gmin, Strumykowa, 28-120 Czudec, Polska",
        "address_line1": "Historyczna granica gmin",
        "address_line2": "Strumykowa, 28-120 Czudec, Polska",
        "categories": [
          "tourism",
          "tourism.sights",
          "tourism.sights.memorial",
          "tourism.sights.memorial.boundary_stone"
        ],
        "details": [],
        "datasource": {
          "sourcename": "openstreetmap",
          "attribution": "© OpenStreetMap contributors",
          "license": "Open Database License",
          "url": "https://www.openstreetmap.org/copyright",
          "raw": {
            "lat": 49.971475,
            "lon": 21.7737119,
            "name": "Historyczna granica gmin",
            "osm_id": 3686982191,
            "historic": "boundary_stone",
            "osm_type": "n"
          }
        },
        "historic": {
          "type": "boundary_stone"
        },
        "distance": 18046,
        "place_id": "51a906abfb11c6354059d8f0f44a59fc4840f00103f9012fe2c2db00000000920318486973746f7279637a6e61206772616e69636120676d696e"
      },
      "geometry": {
        "type": "Point",
        "coordinates": [
          21.7737119,
          49.971475
        ]
      }
    },
    {
      "type": "Feature",
      "properties": {
        "name": "Krzyż żołnierza",
        "country": "Polska",
        "country_code": "pl",
        "state": "województwo podkarpackie",
        "county": "powiat łańcucki",
        "city": "Łańcut",
        "postcode": "37-100",
        "district": "Osiedle Wschód",
        "street": "Lipowa",
        "iso3166_2": "PL-18",
        "lon": 22.2485,
        "lat": 50.0790464,
        "state_code": "PK",
        "formatted": "Krzyż żołnierza, Lipowa, 37-100 Łańcut, Polska",
        "address_line1": "Krzyż żołnierza",
        "address_line2": "Lipowa, 37-100 Łańcut, Polska",
        "categories": [
          "tourism",
          "tourism.sights",
          "tourism.sights.memorial"
        ],
        "details": [],
        "datasource": {
          "sourcename": "openstreetmap",
          "attribution": "© OpenStreetMap contributors",
          "license": "Open Database License",
          "url": "https://www.openstreetmap.org/copyright",
          "raw": {
            "lat": 50.0790464,
            "lon": 22.2485,
            "name": "Krzyż żołnierza",
            "osm_id": 2163616369,
            "historic": "memorial",
            "osm_type": "n",
            "subject:wikidata": "Q9377431"
          }
        },
        "historic": {
          "type": "memorial"
        },
        "distance": 18122,
        "place_id": "51560e2db29d3f364059eb6e43311e0a4940f00103f901712af680000000009203124b727a79c5bc20c5bc6fc5826e6965727a61"
      },
      "geometry": {
        "type": "Point",
        "coordinates": [
          22.2485,
          50.0790464
        ]
      }
    },
    {
      "type": "Feature",
      "properties": {
        "name": "Pomnik ks. Adolfa Kowala",
        "country": "Polska",
        "country_code": "pl",
        "state": "województwo podkarpackie",
        "county": "powiat rzeszowski",
        "city": "Błażowa",
        "municipality": "gmina Błażowa",
        "postcode": "36-030",
        "district": "Miasto",
        "street": "Armii Krajowej",
        "iso3166_2": "PL-18",
        "lon": 22.1004196,
        "lat": 49.8861498,
        "state_code": "PK",
        "formatted": "Pomnik ks. Adolfa Kowala, Armii Krajowej, 36-030 Błażowa, Polska",
        "address_line1": "Pomnik ks. Adolfa Kowala",
        "address_line2": "Armii Krajowej, 36-030 Błażowa, Polska",
        "categories": [
          "tourism",
          "tourism.sights",
          "tourism.sights.memorial",
          "tourism.sights.memorial.monument"
        ],
        "details": [],
        "datasource": {
          "sourcename": "openstreetmap",
          "attribution": "© OpenStreetMap contributors",
          "license": "Open Database License",
          "url": "https://www.openstreetmap.org/copyright",
          "raw": {
            "lat": 49.8861498,
            "lon": 22.1004196,
            "name": "Pomnik ks. Adolfa Kowala",
            "osm_id": 2958634096,
            "historic": "monument",
            "osm_type": "n"
          }
        },
        "historic": {
          "type": "monument"
        },
        "distance": 18149,
        "place_id": "519de05119b519364059b02d4d5b6df14840f00103f901702c59b000000000920318506f6d6e696b206b732e2041646f6c6661204b6f77616c61"
      },
      "geometry": {
        "type": "Point",
        "coordinates": [
          22.1004196,
          49.8861498
        ]
      }
    }
  ]
}