{
  "type": "FeatureCollection",
  "features": [
    {
      "type": "Feature",
      "properties": {
        "name": "Juliusz Słowacki",
        "country": "Polska",
        "country_code": "pl",
        "state": "województwo podkarpackie",
        "city": "Rzeszów",
        "postcode": "35-064",
        "district": "Baldachówka",
        "suburb": "Śródmieście",
        "street": "Rynek",
        "housenumber": "1",
        "iso3166_2": "PL-18",
        "lon": 22.0038046,
        "lat": 50.0373607,
        "state_code": "PK",
        "formatted": "Juliusz Słowacki, Rynek 1, 35-064 Rzeszów, Polska",
        "address_line1": "Juliusz Słowacki",
        "address_line2": "Rynek 1, 35-064 Rzeszów, Polska",
        "categories": [
          "tourism",
          "tourism.sights",
          "tourism.sights.memorial"
        ],
        "details": [
          "details.historic"
        ],
        "datasource": {
          "sourcename": "openstreetmap",
          "attribution": "© OpenStreetMap contributors",
          "license": "Open Database License",
          "url": "https://www.openstreetmap.org/copyright",
          "raw": {
            "lat": 50.0373607,
            "lon": 22.0038046,
            "city": "Rzeszów",
            "name": "Juliusz Słowacki",
            "osm_id": 13732947564,
            "street": "Rynek",
            "historic": "memorial",
            "memorial": "plaque",
            "osm_type": "n",
            "postcode": "35-064",
            "_inherited": "",
            "housenumber": 1
          }
        },
        "historic": {
          "type": "memorial",
          "memorial": "plaque"
        },
        "distance": 42,
        "place_id": "5109939856f900364059ed53443cc8044940f00103f9016c268c32030000009203114a756c6975737a2053c5826f7761636b69"
      },
      "geometry": {
        "type": "Point",
        "coordinates": [
          22.0038046,
          50.0373607
        ]
      }
    },
    {
      "type": "Feature",
      "properties": {
        "name": "Tadeusz Kościuszko",
        "country": "Polska",
        "country_code": "pl",
        "state": "województwo podkarpackie",
        "city": "Rzeszów",
        "postcode": "35-061",
        "district": "Baldachówka",
        "suburb": "Śródmieście",
        "street": "Rynek",
        "housenumber": "6",
        "iso3166_2": "PL-18",
        "lon": 22.0046596,
        "lat": 50.037181,
        "state_code": "PK",
        "formatted": "Tadeusz Kościuszko, Rynek 6, 35-061 Rzeszów, Polska",
        "address_line1": "Tadeusz Kościuszko",
        "address_line2": "Rynek 6, 35-061 Rzeszów, Polska",
        "categories": [
          "tourism",
          "tourism.sights",
          "tourism.sights.memorial"
        ],
        "details": [
          "details.historic"
        ],
        "datasource": {
          "sourcename": "openstreetmap",
          "attribution": "© OpenStreetMap contributors",
          "license": "Open Database License",
          "url": "https://www.openstreetmap.org/copyright",
          "raw": {
            "lat": 50.037181,
            "lon": 22.0046596,
            "city": "Rzeszów",
            "name": "Tadeusz Kościuszko",
            "osm_id": 13732985353,
            "street": "Rynek",
            "historic": "memorial",
            "memorial": "plaque",
            "osm_type": "n",
            "_inherited": "",
            "housenumber": 6
          }
        },
        "historic": {
          "type": "memorial",
          "memorial": "plaque"
        },
        "distance": 51,
        "place_id": "51c99c1d5f31013640592b84d558c2044940f00103f90109ba8c32030000009203135461646575737a204b6fc59b636975737a6b6f"
      },
      "geometry": {
        "type": "Point",
        "coordinates": [
          22.0046596,
          50.037181
        ]
      }
    },
    {
      "type": "Feature",
      "properties": {
        "name": "Ignacy Łukasiewicz",
        "country": "Polska",
        "country_code": "pl",
        "state": "województwo podkarpackie",
        "city": "Rzeszów",
        "postcode": "35-060",
        "district": "Baldachówka",
        "suburb": "Śródmieście",
        "street": "Juliusza Słowackiego",
        "housenumber": "4",
        "iso3166_2": "PL-18",
        "lon": 22.0035809,
        "lat": 50.037403,
        "state_code": "PK",
        "formatted": "Ignacy Łukasiewicz, Juliusza Słowackiego 4, 35-060 Rzeszów, Polska",
        "address_line1": "Ignacy Łukasiewicz",
        "address_line2": "Juliusza Słowackiego 4, 35-060 Rzeszów, Polska",
        "categories": [
          "tourism",
          "tourism.sights",
          "tourism.sights.memorial"
        ],
        "details": [
          "details.historic"
        ],
        "datasource": {
          "sourcename": "openstreetmap",
          "attribution": "© OpenStreetMap contributors",
          "license": "Open Database License",
          "url": "https://www.openstreetmap.org/copyright",
          "raw": {
            "lat": 50.037403,
            "lon": 22.0035809,
            "city": "Rzeszów",
            "name": "Ignacy Łukasiewicz",
            "osm_id": 13732947563,
            "street": "Juliusza Słowackiego",
            "historic": "memorial",
            "memorial": "plaque",
            "osm_type": "n",
            "_inherited": "",
            "housenumber": 4
          }
        },
        "historic": {
          "type": "memorial",
          "memorial": "plaque"
        },
        "distance": 54,
        "place_id": "51e76388adea00364059dae21a9fc9044940f00103f9016b268c320300000092031349676e61637920c581756b617369657769637a"
      },
      "geometry": {
        "type": "Point",
        "coordinates": [
          22.0035809,
          50.037403
        ]
      }
    },
    {
      "type": "Feature",
      "properties": {
        "name": "Pomnik Tadeusza Kościuszki",
        "country": "Polska",
        "country_code": "pl",
        "state": "województwo podkarpackie",
        "city": "Rzeszów",
        "postcode": "35-061",
        "district": "Baldachówka",
        "suburb": "Śródmieście",
        "street": "Rynek",
        "iso3166_2": "PL-18",
        "lon": 22.004934,
        "lat": 50.0373549,
        "state_code": "PK",
        "formatted": "Pomnik Tadeusza Kościuszki, Rynek, 35-061 Rzeszów, Polska",
        "address_line1": "Pomnik Tadeusza Kościuszki",
        "address_line2": "Rynek, 35-061 Rzeszów, Polska",
        "categories": [
          "tourism",
          "tourism.sights",
          "tourism.sights.memorial",
          "wheelchair",
          "wheelchair.yes"
        ],
        "details": [
          "details",
          "details.facilities",
          "details.historic",
          "details.wiki_and_media"
        ],
        "datasource": {
          "sourcename": "openstreetmap",
          "attribution": "© OpenStreetMap contributors",
          "license": "Open Database License",
          "url": "https://www.openstreetmap.org/copyright",
          "raw": {
            "lat": 50.03735485000001,
            "lon": 22.004934000000002,
            "url": "https://fotopolska.eu/Pomnik_gen._Tadeusza_Kosciuszki_Rzeszow?map_z=18",
            "name": "Pomnik Tadeusza Kościuszki",
            "image": "https://photos.app.goo.gl/Q13woniTwExFtKSo6",
            "url:0": "https://polska-org.pl/7200174,Rzeszow,Pomnik_gen_Tadeusza_Kosciuszki.html",
            "osm_id": 1104195415,
            "historic": "memorial",
            "material": "bronze",
            "memorial": "statue",
            "osm_type": "w",
            "wikidata": "Q113137527",
            "wheelchair": "yes",
            "subject:wikidata": "Q191479"
          }
        },
        "website": "https://fotopolska.eu/Pomnik_gen._Tadeusza_Kosciuszki_Rzeszow?map_z=18",
        "facilities": {
          "wheelchair": true
        },
        "wiki_and_media": {
          "wikidata": "Q113137527",
          "image": "https://photos.app.goo.gl/Q13woniTwExFtKSo6"
        },
        "historic": {
          "type": "memorial",
          "memorial": "statue"
        },
        "distance": 78,
        "place_id": "5173a3c85a43013640596b8c310bc8044940f00102f90157afd0410000000092031b506f6d6e696b205461646575737a61204b6fc59b636975737a6b69"
      },
      "geometry": {
        "type": "Point",
        "coordinates": [
          22.004934000000002,
          50.03735485000001
        ]
      }
    },
    {
      "type": "Feature",
      "properties": {
        "name": "Rynek",
        "country": "Polska",
        "country_code": "pl",
        "state": "województwo podkarpackie",
        "city": "Rzeszów",
        "district": "Baldachówka",
        "suburb": "Śródmieście",
        "iso3166_2": "PL-18",
        "lon": 22.0049608,
        "lat": 50.0374884,
        "state_code": "PK",
        "formatted": "Śródmieście, Rzeszów, Baldachówka, Polska",
        "address_line1": "Śródmieście",
        "address_line2": "Rzeszów, Baldachówka, Polska",
        "categories": [
          "tourism",
          "tourism.sights",
          "tourism.sights.square"
        ],
        "details": [
          "details",
          "details.wiki_and_media"
        ],
        "datasource": {
          "sourcename": "openstreetmap",
          "attribution": "© OpenStreetMap contributors",
          "license": "Open Database License",
          "url": "https://www.openstreetmap.org/copyright",
          "raw": {
            "lat": 50.03745163199681,
            "lon": 22.00491411438933,
            "name": "Rynek",
            "place": "square",
            "osm_id": 149933479,
            "name:cs": "Trh",
            "name:de": "Marktplatz",
            "name:pl": "Rynek",
            "osm_type": "w",
            "wikidata": "Q9324508",
            "wikipedia": "pl:Rynek w Rzeszowie"
          }
        },
        "name_international": {
          "cs": "Trh",
          "de": "Marktplatz",
          "pl": "Rynek"
        },
        "wiki_and_media": {
          "wikidata": "Q9324508",
          "wikipedia": "pl:Rynek w Rzeszowie"
        },
        "distance": 83,
        "place_id": "514a97280d4201364059d74d0f37cb044940f00102f901a7cdef080000000092030552796e656b"
      },
      "geometry": {
        "type": "Point",
        "coordinates": [
          22.00491411438933,
          50.03745163199681
        ]
      }
    },
    {
      "type": "Feature",
      "properties": {
        "name": "Feliks Michał Wygrzywalski",
        "country": "Polska",
        "country_code": "pl",
        "state": "województwo podkarpackie",
        "city": "Rzeszów",
        "postcode": "35-069",
        "district": "Baldachówka",
        "suburb": "Śródmieście",
        "street": "Grunwaldzka",
        "iso3166_2": "PL-18",
        "lon": 22.0028677,
        "lat": 50.0381142,
        "state_code": "PK",
        "formatted": "Feliks Michał Wygrzywalski, Grunwaldzka, 35-069 Rzeszów, Polska",
        "address_line1": "Feliks Michał Wygrzywalski",
        "address_line2": "Grunwaldzka, 35-069 Rzeszów, Polska",
        "categories": [
          "tourism",
          "tourism.sights",
          "tourism.sights.memorial"
        ],
        "details": [
          "details.historic"
        ],
        "datasource": {
          "sourcename": "openstreetmap",
          "attribution": "© OpenStreetMap contributors",
          "license": "Open Database License",
          "url": "https://www.openstreetmap.org/copyright",
          "raw": {
            "lat": 50.0381142,
            "lon": 22.0028677,
            "name": "Feliks Michał Wygrzywalski",
            "osm_id": 13733039959,
            "historic": "memorial",
            "memorial": "plaque",
            "osm_type": "n"
          }
        },
        "historic": {
          "type": "memorial",
          "memorial": "plaque"
        },
        "distance": 148,
        "place_id": "51f9b605f0bb00364059b14115ede0044940f00103f901578f8d320300000092031b46656c696b73204d69636861c58220577967727a7977616c736b69"
      },
      "geometry": {
        "type": "Point",
        "coordinates": [
          22.0028677,
          50.0381142
        ]
      }
    },
    {
      "type": "Feature",
      "properties": {
        "name": "Wojciech Kilar",
        "country": "Polska",
        "country_code": "pl",
        "state": "województwo podkarpackie",
        "city": "Rzeszów",
        "postcode": "35-069",
        "district": "Baldachówka",
        "suburb": "Śródmieście",
        "street": "Grunwaldzka",
        "iso3166_2": "PL-18",
        "lon": 22.0028672,
        "lat": 50.0381338,
        "state_code": "PK",
        "formatted": "Wojciech Kilar, Grunwaldzka, 35-069 Rzeszów, Polska",
        "address_line1": "Wojciech Kilar",
        "address_line2": "Grunwaldzka, 35-069 Rzeszów, Polska",
        "categories": [
          "tourism",
          "tourism.sights",
          "tourism.sights.memorial"
        ],
        "details": [
          "details.historic"
        ],
        "datasource": {
          "sourcename": "openstreetmap",
          "attribution": "© OpenStreetMap contributors",
          "license": "Open Database License",
          "url": "https://www.openstreetmap.org/copyright",
          "raw": {
            "lat": 50.0381338,
            "lon": 22.0028672,
            "name": "Wojciech Kilar",
            "osm_id": 13733039958,
            "historic": "memorial",
            "memorial": "plaque",
            "osm_type": "n"
          }
        },
        "historic": {
          "type": "memorial",
          "memorial": "plaque"
        },
        "distance": 150,
        "place_id": "51293ba2e7bb00364059a4ef7f91e1044940f00103f901568f8d320300000092030e576f6a6369656368204b696c6172"
      },
      "geometry": {
        "type": "Point",
        "coordinates": [
          22.0028672,
          50.0381338
        ]
      }
    },
    {
      "type": "Feature",
      "properties": {
        "name": "Konfederacja Barska",
        "country": "Polska",
        "country_code": "pl",
        "state": "województwo podkarpackie",
        "city": "Rzeszów",
        "postcode": "35-069",
        "district": "Baldachówka",
        "suburb": "Śródmieście",
        "street": "Plac Biskupów Janów z Rzeszowa",
        "iso3166_2": "PL-18",
        "lon": 22.0020517,
        "lat": 50.0376738,
        "state_code": "PK",
        "formatted": "Konfederacja Barska, Plac Biskupów Janów z Rzeszowa, 35-069 Rzeszów, Polska",
        "address_line1": "Konfederacja Barska",
        "address_line2": "Plac Biskupów Janów z Rzeszowa, 35-069 Rzeszów, Polska",
        "categories": [
          "tourism",
          "tourism.sights",
          "tourism.sights.memorial"
        ],
        "details": [
          "details.historic",
          "details.wiki_and_media"
        ],
        "datasource": {
          "sourcename": "openstreetmap",
          "attribution": "© OpenStreetMap contributors",
          "license": "Open Database License",
          "url": "https://www.openstreetmap.org/copyright",
          "raw": {
            "lat": 50.0376738,
            "lon": 22.0020517,
            "name": "Konfederacja Barska",
            "image": "https://photos.app.goo.gl/JMMaJHK4iihHCDJb7",
            "osm_id": 13089094125,
            "historic": "memorial",
            "memorial": "plaque",
            "osm_type": "n"
          }
        },
        "wiki_and_media": {
          "image": "https://photos.app.goo.gl/JMMaJHK4iihHCDJb7"
        },
        "historic": {
          "type": "memorial",
          "memorial": "plaque"
        },
        "distance": 158,
        "place_id": "51b566d07586003640594175bd7ed2044940f00103f901edb92b0c030000009203134b6f6e666564657261636a6120426172736b61"
      },
      "geometry": {
        "type": "Point",
        "coordinates": [
          22.0020517,
          50.0376738
        ]
      }
    },
    {
      "type": "Feature",
      "properties": {
        "name": "Marcin „Lelewel” Borelowski",
        "country": "Polska",
        "country_code": "pl",
        "state": "województwo podkarpackie",
        "city": "Rzeszów",
        "postcode": "35-069",
        "district": "Baldachówka",
        "suburb": "Śródmieście",
        "street": "Tadeusza Kościuszki",
        "iso3166_2": "PL-18",
        "lon": 22.0018293,
        "lat": 50.0373852,
        "state_code": "PK",
        "formatted": "Marcin „Lelewel” Borelowski, Tadeusza Kościuszki, 35-069 Rzeszów, Polska",
        "address_line1": "Marcin „Lelewel” Borelowski",
        "address_line2": "Tadeusza Kościuszki, 35-069 Rzeszów, Polska",
        "categories": [
          "tourism",
          "tourism.sights",
          "tourism.sights.memorial"
        ],
        "details": [
          "details.historic",
          "details.wiki_and_media"
        ],
        "datasource": {
          "sourcename": "openstreetmap",
          "attribution": "© OpenStreetMap contributors",
          "license": "Open Database License",
          "url": "https://www.openstreetmap.org/copyright",
          "raw": {
            "lat": 50.0373852,
            "lon": 22.0018293,
            "name": "Marcin „Lelewel” Borelowski",
            "image": "https://photos.app.goo.gl/REaYeP4iZUmsr3RU7",
            "osm_id": 11832500588,
            "historic": "memorial",
            "memorial": "plaque",
            "osm_type": "n"
          }
        },
        "wiki_and_media": {
          "image": "https://photos.app.goo.gl/REaYeP4iZUmsr3RU7"
        },
        "historic": {
          "type": "memorial",
          "memorial": "plaque"
        },
        "distance": 161,
        "place_id": "51b1ac8fe277003640595eadc909c9044940f00103f9016ca145c10200000092031f4d617263696e20e2809e4c656c6577656ce2809d20426f72656c6f77736b69"
      },
      "geometry": {
        "type": "Point",
        "coordinates": [
          22.0018293,
          50.0373852
        ]
      }
    },
    {
      "type": "Feature",
      "properties": {
        "name": "Jan z Rzeszowa",
        "country": "Polska",
        "country_code": "pl",
        "state": "województwo podkarpackie",
        "city": "Rzeszów",
        "postcode": "35-069",
        "district": "Baldachówka",
        "suburb": "Śródmieście",
        "street": "Plac Biskupów Janów z Rzeszowa",
        "iso3166_2": "PL-18",
        "lon": 22.0018707,
        "lat": 50.0375893,
        "state_code": "PK",
        "formatted": "Jan z Rzeszowa, Plac Biskupów Janów z Rzeszowa, 35-069 Rzeszów, Polska",
        "address_line1": "Jan z Rzeszowa",
        "address_line2": "Plac Biskupów Janów z Rzeszowa, 35-069 Rzeszów, Polska",
        "categories": [
          "tourism",
          "tourism.sights",
          "tourism.sights.memorial"
        ],
        "details": [
          "details.historic",
          "details.wiki_and_media"
        ],
        "datasource": {
          "sourcename": "openstreetmap",
          "attribution": "© OpenStreetMap contributors",
          "license": "Open Database License",
          "url": "https://www.openstreetmap.org/copyright",
          "raw": {
            "lat": 50.0375893,
            "lon": 22.0018707,
            "name": "Jan z Rzeszowa",
            "image": "https://photos.app.goo.gl/tq74gvMr4utQuJaB9",
            "osm_id": 13089094126,
            "historic": "memorial",
            "memorial": "plaque",
            "osm_type": "n"
          }
        },
        "wiki_and_media": {
          "image": "https://photos.app.goo.gl/tq74gvMr4utQuJaB9"
        },
        "historic": {
          "type": "memorial",
          "memorial": "plaque"
        },
        "distance": 166,
        "place_id": "51155223997a00364059fb16e7b9cf044940f00103f901eeb92b0c0300000092030e4a616e207a20527a65737a6f7761"
      },
      "geometry": {
        "type": "Point",
        "coordinates": [
          22.0018707,
          50.0375893
        ]
      }
    },
    {
      "type": "Feature",
      "properties": {
        "name": "Ormianom",
        "country": "Polska",
        "country_code": "pl",
        "state": "województwo podkarpackie",
        "city": "Rzeszów",
        "postcode": "35-010",
        "suburb": "Śródmieście",
        "street": "Plac Farny",
        "housenumber": "1/3",
        "iso3166_2": "PL-18",
        "lon": 22.0019381,
        "lat": 50.0376859,
        "state_code": "PK",
        "formatted": "Ormianom, Plac Farny 1/3, 35-010 Rzeszów, Polska",
        "address_line1": "Ormianom",
        "address_line2": "Plac Farny 1/3, 35-010 Rzeszów, Polska",
        "categories": [
          "tourism",
          "tourism.sights",
          "tourism.sights.memorial"
        ],
        "details": [
          "details.historic",
          "details.wiki_and_media"
        ],
        "datasource": {
          "sourcename": "openstreetmap",
          "attribution": "© OpenStreetMap contributors",
          "license": "Open Database License",
          "url": "https://www.openstreetmap.org/copyright",
          "raw": {
            "lat": 50.0376859,
            "lon": 22.0019381,
            "city": "Rzeszów",
            "name": "Ormianom",
            "image": "https://photos.app.goo.gl/vaSrsUqbw25CsNbaA",
            "osm_id": 13089094123,
            "street": "Plac Farny",
            "country": "PL",
            "historic": "memorial",
            "memorial": "plaque",
            "osm_type": "n",
            "postcode": "35-010",
            "_inherited": "",
            "housenumber": "1/3"
          }
        },
        "wiki_and_media": {
          "image": "https://photos.app.goo.gl/vaSrsUqbw25CsNbaA"
        },
        "historic": {
          "type": "memorial",
          "memorial": "plaque"
        },
        "distance": 166,
        "place_id": "51cb1dec037f003640599a023ee4d2044940f00103f901ebb92b0c030000009203084f726d69616e6f6d"
      },
      "geometry": {
        "type": "Point",
        "coordinates": [
          22.0019381,
          50.0376859
        ]
      }
    },
    {
      "type": "Feature",
      "properties": {
        "name": "Legionom Polskim",
        "country": "Polska",
        "country_code": "pl",
        "state": "województwo podkarpackie",
        "city": "Rzeszów",
        "postcode": "35-069",
        "district": "Baldachówka",
        "suburb": "Śródmieście",
        "street": "Plac Biskupów Janów z Rzeszowa",
        "iso3166_2": "PL-18",
        "lon": 22.0017928,
        "lat": 50.037569,
        "state_code": "PK",
        "formatted": "Legionom Polskim, Plac Biskupów Janów z Rzeszowa, 35-069 Rzeszów, Polska",
        "address_line1": "Legionom Polskim",
        "address_line2": "Plac Biskupów Janów z Rzeszowa, 35-069 Rzeszów, Polska",
        "categories": [
          "tourism",
          "tourism.sights",
          "tourism.sights.memorial"
        ],
        "details": [
          "details.historic",
          "details.wiki_and_media"
        ],
        "datasource": {
          "sourcename": "openstreetmap",
          "attribution": "© OpenStreetMap contributors",
          "license": "Open Database License",
          "url": "https://www.openstreetmap.org/copyright",
          "raw": {
            "lat": 50.037569,
            "lon": 22.0017928,
            "name": "Legionom Polskim",
            "image": "https://photos.app.goo.gl/xqtAV8aDkzKM2kDD6",
            "osm_id": 13089094128,
            "historic": "memorial",
            "memorial": "plaque",
            "osm_type": "n"
          }
        },
        "wiki_and_media": {
          "image": "https://photos.app.goo.gl/xqtAV8aDkzKM2kDD6"
        },
        "historic": {
          "type": "memorial",
          "memorial": "plaque"
        },
        "distance": 170,
        "place_id": "51475e317e7500364059f52b9d0fcf044940f00103f901f0b92b0c030000009203104c6567696f6e6f6d20506f6c736b696d"
      },
      "geometry": {
        "type": "Point",
        "coordinates": [
          22.0017928,
          50.037569
        ]
      }
    },
    {
      "type": "Feature",
      "properties": {
        "name": "Ziemi Wileńskiej",
        "country": "Polska",
        "country_code": "pl",
        "state": "województwo podkarpackie",
        "city": "Rzeszów",
        "postcode": "35-069",
        "district": "Baldachówka",
        "suburb": "Śródmieście",
        "street": "Plac Biskupów Janów z Rzeszowa",
        "iso3166_2": "PL-18",
        "lon": 22.0018732,
        "lat": 50.0376911,
        "state_code": "PK",
        "formatted": "Ziemi Wileńskiej, Plac Biskupów Janów z Rzeszowa, 35-069 Rzeszów, Polska",
        "address_line1": "Ziemi Wileńskiej",
        "address_line2": "Plac Biskupów Janów z Rzeszowa, 35-069 Rzeszów, Polska",
        "categories": [
          "tourism",
          "tourism.sights",
          "tourism.sights.memorial"
        ],
        "details": [
          "details.historic",
          "details.wiki_and_media"
        ],
        "datasource": {
          "sourcename": "openstreetmap",
          "attribution": "© OpenStreetMap contributors",
          "license": "Open Database License",
          "url": "https://www.openstreetmap.org/copyright",
          "raw": {
            "lat": 50.0376911,
            "lon": 22.0018732,
            "name": "Ziemi Wileńskiej",
            "image": "https://photos.app.goo.gl/Srf911oatrckzBA46",
            "osm_id": 13089094122,
            "historic": "memorial",
            "memorial": "plaque",
            "osm_type": "n"
          }
        },
        "wiki_and_media": {
          "image": "https://photos.app.goo.gl/Srf911oatrckzBA46"
        },
        "historic": {
          "type": "memorial",
          "memorial": "plaque"
        },
        "distance": 171,
        "place_id": "5126bd14c37a00364059d6ecdc0fd3044940f00103f901eab92b0c030000009203115a69656d692057696c65c584736b69656a"
      },
      "geometry": {
        "type": "Point",
        "coordinates": [
          22.0018732,
          50.0376911
        ]
      }
    },
    {
      "type": "Feature",
      "properties": {
        "name": "17 Pułk Piechoty Ziemi Rzeszowskiej",
        "country": "Polska",
        "country_code": "pl",
        "state": "województwo podkarpackie",
        "city": "Rzeszów",
        "postcode": "35-515",
        "district": "Baldachówka",
        "suburb": "Śródmieście",
        "street": "Plac Farny",
        "iso3166_2": "PL-18",
        "lon": 22.0017897,
        "lat": 50.0377283,
        "state_code": "PK",
        "formatted": "17 Pułk Piechoty Ziemi Rzeszowskiej, Plac Farny, 35-515 Rzeszów, Polska",
        "address_line1": "17 Pułk Piechoty Ziemi Rzeszowskiej",
        "address_line2": "Plac Farny, 35-515 Rzeszów, Polska",
        "categories": [
          "tourism",
          "tourism.sights",
          "tourism.sights.memorial"
        ],
        "details": [
          "details.historic",
          "details.wiki_and_media"
        ],
        "datasource": {
          "sourcename": "openstreetmap",
          "attribution": "© OpenStreetMap contributors",
          "license": "Open Database License",
          "url": "https://www.openstreetmap.org/copyright",
          "raw": {
            "lat": 50.0377283,
            "lon": 22.0017897,
            "name": "17 Pułk Piechoty Ziemi Rzeszowskiej",
            "image": "https://photos.app.goo.gl/AURhjk9BQM5L1iLQ8",
            "osm_id": 13089094120,
            "historic": "memorial",
            "memorial": "plaque",
            "osm_type": "n"
          }
        },
        "wiki_and_media": {
          "image": "https://photos.app.goo.gl/AURhjk9BQM5L1iLQ8"
        },
        "historic": {
          "type": "memorial",
          "memorial": "plaque"
        },
        "distance": 178,
        "place_id": "513bf82e4a75003640591c51eb47d4044940f00103f901e8b92b0c030000009203243137205075c5826b2050696563686f7479205a69656d6920527a65737a6f77736b69656a"
      },
      "geometry": {
        "type": "Point",
        "coordinates": [
          22.0017897,
          50.0377283
        ]
      }
    },
    {
      "type": "Feature",
      "properties": {
        "name": "Tadeusz Nalepa",
        "country": "Polska",
        "country_code": "pl",
        "state": "województwo podkarpackie",
        "city": "Rzeszów",
        "postcode": "35-030",
        "district": "Baldachówka",
        "suburb": "Śródmieście",
        "street": "3 Maja",
        "iso3166_2": "PL-18",
        "lon": 22.0015229,
        "lat": 50.0371971,
        "state_code": "PK",
        "formatted": "Tadeusz Nalepa, 3 Maja, 35-030 Rzeszów, Polska",
        "address_line1": "Tadeusz Nalepa",
        "address_line2": "3 Maja, 35-030 Rzeszów, Polska",
        "categories": [
          "tourism",
          "tourism.sights",
          "tourism.sights.memorial"
        ],
        "details": [
          "details",
          "details.historic",
          "details.wiki_and_media"
        ],
        "datasource": {
          "sourcename": "openstreetmap",
          "attribution": "© OpenStreetMap contributors",
          "license": "Open Database License",
          "url": "https://www.openstreetmap.org/copyright",
          "raw": {
            "lat": 50.0371971,
            "lon": 22.0015229,
            "url": "https://fotopolska.eu/322934,obiekt.html?map_z=19",
            "name": "Tadeusz Nalepa",
            "image": "https://photos.app.goo.gl/WKXGeQyhf5vZjPkt7",
            "url:0": "https://polska-org.pl/8359863,Rzeszow,Pomnik_Tadeusza_Nalepy.html",
            "osm_id": 5306985205,
            "historic": "memorial",
            "memorial": "statue",
            "osm_type": "n",
            "wikidata": "Q121845938",
            "subject:wikidata": "Q721006"
          }
        },
        "website": "https://fotopolska.eu/322934,obiekt.html?map_z=19",
        "wiki_and_media": {
          "wikidata": "Q121845938",
          "image": "https://photos.app.goo.gl/WKXGeQyhf5vZjPkt7"
        },
        "historic": {
          "type": "memorial",
          "memorial": "statue"
        },
        "distance": 179,
        "place_id": "51f1b105ce6300364059c600e4dfc2044940f00103f901f52a523c0100000092030e5461646575737a204e616c657061"
      },
      "geometry": {
        "type": "Point",
        "coordinates": [
          22.0015229,
          50.0371971
        ]
      }
    },
    {
      "type": "Feature",
      "properties": {
        "name": "Michał Stasiuk",
        "country": "Polska",
        "country_code": "pl",
        "state": "województwo podkarpackie",
        "city": "Rzeszów",
        "postcode": "35-061",
        "district": "Baldachówka",
        "suburb": "Śródmieście",
        "street": "Berka Joselewicza",
        "iso3166_2": "PL-18",
        "lon": 22.0065009,
        "lat": 50.037026,
        "state_code": "PK",
        "formatted": "Michał Stasiuk, Berka Joselewicza, 35-061 Rzeszów, Polska",
        "address_line1": "Michał Stasiuk",
        "address_line2": "Berka Joselewicza, 35-061 Rzeszów, Polska",
        "categories": [
          "tourism",
          "tourism.sights",
          "tourism.sights.memorial"
        ],
        "details": [
          "details.historic",
          "details.wiki_and_media"
        ],
        "datasource": {
          "sourcename": "openstreetmap",
          "attribution": "© OpenStreetMap contributors",
          "license": "Open Database License",
          "url": "https://www.openstreetmap.org/copyright",
          "raw": {
            "lat": 50.037026,
            "lon": 22.0065009,
            "name": "Michał Stasiuk",
            "image": "https://photos.app.goo.gl/zhqv6j3GU4YfxE44A",
            "osm_id": 12128492742,
            "historic": "memorial",
            "memorial": "stone",
            "osm_type": "n",
            "wikidata": "Q110849769",
            "wikipedia": "pl:Michał Stasiuk"
          }
        },
        "wiki_and_media": {
          "wikidata": "Q110849769",
          "wikipedia": "pl:Michał Stasiuk",
          "image": "https://photos.app.goo.gl/zhqv6j3GU4YfxE44A"
        },
        "historic": {
          "type": "memorial",
          "memorial": "stone"
        },
        "distance": 179,
        "place_id": "5102e5000baa01364059048d9944bd044940f00103f901c61cead20200000092030f4d69636861c582205374617369756b"
      },
      "geometry": {
        "type": "Point",
        "coordinates": [
          22.0065009,
          50.037026
        ]
      }
    },
    {
      "type": "Feature",
      "properties": {
        "name": "Pomieci 40 mieszkańców Rzeszowa aresztowanych 1 maja 1940 roku i przewiezionych 14 czerwca 1940 roku z Tarnowa pierwszym transportem do niemieckiego obozu koncentracyjnego Auschwitz.",
        "country": "Polska",
        "country_code": "pl",
        "state": "województwo podkarpackie",
        "city": "Rzeszów",
        "postcode": "35-055",
        "district": "Baldachówka",
        "suburb": "Śródmieście",
        "street": "Ludwika Zamenhofa",
        "iso3166_2": "PL-18",
        "lon": 22.0066065,
        "lat": 50.0370336,
        "state_code": "PK",
        "formatted": "Pomieci 40 mieszkańców Rzeszowa aresztowanych 1 maja 1940 roku i przewiezionych 14 czerwca 1940 roku z Tarnowa pierwszym transportem do niemieckiego obozu koncentracyjnego Auschwitz., Ludwika Zamenhofa, 35-055 Rzeszów, Polska",
        "address_line1": "Pomieci 40 mieszkańców Rzeszowa aresztowanych 1 maja 1940 roku i przewiezionych 14 czerwca 1940 roku z Tarnowa pierwszym transportem do niemieckiego obozu koncentracyjnego Auschwitz.",
        "address_line2": "Ludwika Zamenhofa, 35-055 Rzeszów, Polska",
        "categories": [
          "tourism",
          "tourism.sights",
          "tourism.sights.memorial"
        ],
        "details": [
          "details.historic",
          "details.wiki_and_media"
        ],
        "datasource": {
          "sourcename": "openstreetmap",
          "attribution": "© OpenStreetMap contributors",
          "license": "Open Database License",
          "url": "https://www.openstreetmap.org/copyright",
          "raw": {
            "lat": 50.0370336,
            "lon": 22.0066065,
            "name": "Pomieci 40 mieszkańców Rzeszowa aresztowanych 1 maja 1940 roku i przewiezionych 14 czerwca 1940 roku z Tarnowa pierwszym transportem do niemieckiego obozu koncentracyjnego Auschwitz.",
            "image": "https://photos.app.goo.gl/q1H7UBpt2TmHShZM8",
            "osm_id": 13089800069,
            "historic": "memorial",
            "memorial": "stone",
            "osm_type": "n"
          }
        },
        "wiki_and_media": {
          "image": "https://photos.app.goo.gl/q1H7UBpt2TmHShZM8"
        },
        "historic": {
          "type": "memorial",
          "memorial": "stone"
        },
        "distance": 187,
        "place_id": "51e770adf6b001364059346d5a84bd044940f00103f901857f360c030000009203b801506f6d69656369203430206d6965737a6b61c58463c3b37720527a65737a6f776120617265737a746f77616e7963682031206d616a61203139343020726f6b7520692070727a657769657a696f6e79636820313420637a6572776361203139343020726f6b75207a205461726e6f7761207069657277737a796d207472616e73706f7274656d20646f206e69656d6965636b6965676f206f626f7a75206b6f6e63656e74726163796a6e65676f2041757363687769747a2e"
      },
      "geometry": {
        "type": "Point",
        "coordinates": [
          22.0066065,
          50.0370336
        ]
      }
    },
    {
      "type": "Feature",
      "properties": {
        "name": "Leopold Lis-Kula",
        "country": "Polska",
        "country_code": "pl",
        "state": "województwo podkarpackie",
        "city": "Rzeszów",
        "postcode": "35-515",
        "district": "Baldachówka",
        "suburb": "Śródmieście",
        "street": "Plac Farny",
        "iso3166_2": "PL-18",
        "lon": 22.0018249,
        "lat": 50.0379286,
        "state_code": "PK",
        "formatted": "Leopold Lis-Kula, Plac Farny, 35-515 Rzeszów, Polska",
        "address_line1": "Leopold Lis-Kula",
        "address_line2": "Plac Farny, 35-515 Rzeszów, Polska",
        "categories": [
          "tourism",
          "tourism.sights",
          "tourism.sights.memorial"
        ],
        "details": [
          "details.historic",
          "details.wiki_and_media"
        ],
        "datasource": {
          "sourcename": "openstreetmap",
          "attribution": "© OpenStreetMap contributors",
          "license": "Open Database License",
          "url": "https://www.openstreetmap.org/copyright",
          "raw": {
            "lat": 50.0379286,
            "lon": 22.0018249,
            "name": "Leopold Lis-Kula",
            "image": "https://photos.app.goo.gl/hb84LHn7hzPaZocZ6",
            "osm_id": 13089094121,
            "historic": "memorial",
            "memorial": "plaque",
            "osm_type": "n",
            "wikidata": "Q11026230",
            "wikipedia": "pl:Leopold Lis-Kula"
          }
        },
        "wiki_and_media": {
          "wikidata": "Q11026230",
          "wikipedia": "pl:Leopold Lis-Kula",
          "image": "https://photos.app.goo.gl/hb84LHn7hzPaZocZ6"
        },
        "historic": {
          "type": "memorial",
          "memorial": "plaque"
        },
        "distance": 187,
        "place_id": "5187d1bd987700364059a24a28d8da044940f00103f901e9b92b0c030000009203104c656f706f6c64204c69732d4b756c61"
      },
      "geometry": {
        "type": "Point",
        "coordinates": [
          22.0018249,
          50.0379286
        ]
      }
    },
    {
      "type": "Feature",
      "properties": {
        "name": "Miejsce pomnika Bitwy Grunwaldzkiej",
        "country": "Polska",
        "country_code": "pl",
        "state": "województwo podkarpackie",
        "city": "Rzeszów",
        "postcode": "35-069",
        "district": "Baldachówka",
        "suburb": "Śródmieście",
        "street": "Bernardyńska",
        "iso3166_2": "PL-18",
        "lon": 22.0026001,
        "lat": 50.0386571,
        "state_code": "PK",
        "formatted": "Miejsce pomnika Bitwy Grunwaldzkiej, Bernardyńska, 35-069 Rzeszów, Polska",
        "address_line1": "Miejsce pomnika Bitwy Grunwaldzkiej",
        "address_line2": "Bernardyńska, 35-069 Rzeszów, Polska",
        "categories": [
          "tourism",
          "tourism.sights",
          "tourism.sights.memorial"
        ],
        "details": [
          "details.historic"
        ],
        "datasource": {
          "sourcename": "openstreetmap",
          "attribution": "© OpenStreetMap contributors",
          "license": "Open Database License",
          "url": "https://www.openstreetmap.org/copyright",
          "raw": {
            "lat": 50.0386571,
            "lon": 22.0026001,
            "name": "Miejsce pomnika Bitwy Grunwaldzkiej",
            "osm_id": 12368909080,
            "historic": "memorial",
            "memorial": "plaque",
            "osm_type": "n"
          }
        },
        "historic": {
          "type": "memorial",
          "memorial": "plaque"
        },
        "distance": 210,
        "place_id": "5161777066aa003640590d2142b7f2044940f00103f90118933ee1020000009203234d69656a73636520706f6d6e696b61204269747779204772756e77616c647a6b69656a"
      },
      "geometry": {
        "type": "Point",
        "coordinates": [
          22.0026001,
          50.0386571
        ]
      }
    },
    {
      "type": "Feature",
      "properties": {
        "name": "Władysław Sikorski",
        "country": "Polska",
        "country_code": "pl",
        "state": "województwo podkarpackie",
        "city": "Rzeszów",
        "postcode": "35-030",
        "district": "Baldachówka",
        "suburb": "Śródmieście",
        "street": "3 Maja",
        "iso3166_2": "PL-18",
        "lon": 22.0011967,
        "lat": 50.0358611,
        "state_code": "PK",
        "formatted": "Władysław Sikorski, 3 Maja, 35-030 Rzeszów, Polska",
        "address_line1": "Władysław Sikorski",
        "address_line2": "3 Maja, 35-030 Rzeszów, Polska",
        "categories": [
          "tourism",
          "tourism.sights",
          "tourism.sights.memorial"
        ],
        "details": [
          "details.historic",
          "details.wiki_and_media"
        ],
        "datasource": {
          "sourcename": "openstreetmap",
          "attribution": "© OpenStreetMap contributors",
          "license": "Open Database License",
          "url": "https://www.openstreetmap.org/copyright",
          "raw": {
            "lat": 50.0358611,
            "lon": 22.0011967,
            "name": "Władysław Sikorski",
            "image": "https://photos.app.goo.gl/W6hrQ5HykUrovVDdA",
            "osm_id": 13089094132,
            "historic": "memorial",
            "memorial": "plaque",
            "osm_type": "n",
            "wikidata": "Q153132",
            "wikipedia": "pl:Władysław Sikorski"
          }
        },
        "wiki_and_media": {
          "wikidata": "Q153132",
          "wikipedia": "pl:Władysław Sikorski",
          "image": "https://photos.app.goo.gl/W6hrQ5HykUrovVDdA"
        },
        "historic": {
          "type": "memorial",
          "memorial": "plaque"
        },
        "distance": 237,
        "place_id": "51f65c4b6d4e003640596bd9b51897044940f00103f901f4b92b0c0300000092031457c58261647973c58261772053696b6f72736b69"
      },
      "geometry": {
        "type": "Point",
        "coordinates": [
          22.0011967,
          50.0358611
        ]
      }
    },
    {
      "type": "Feature",
      "properties": {
        "name": "Ignacy Łukasiewicz",
        "country": "Polska",
        "country_code": "pl",
        "state": "województwo podkarpackie",
        "city": "Rzeszów",
        "postcode": "35-030",
        "district": "Baldachówka",
        "suburb": "Śródmieście",
        "street": "3 Maja",
        "iso3166_2": "PL-18",
        "lon": 22.0011959,
        "lat": 50.0358398,
        "state_code": "PK",
        "formatted": "Ignacy Łukasiewicz, 3 Maja, 35-030 Rzeszów, Polska",
        "address_line1": "Ignacy Łukasiewicz",
        "address_line2": "3 Maja, 35-030 Rzeszów, Polska",
        "categories": [
          "tourism",
          "tourism.sights",
          "tourism.sights.memorial"
        ],
        "details": [
          "details.historic"
        ],
        "datasource": {
          "sourcename": "openstreetmap",
          "attribution": "© OpenStreetMap contributors",
          "license": "Open Database License",
          "url": "https://www.openstreetmap.org/copyright",
          "raw": {
            "lat": 50.0358398,
            "lon": 22.0011959,
            "name": "Ignacy Łukasiewicz",
            "osm_id": 13730260166,
            "historic": "memorial",
            "memorial": "plaque",
            "osm_type": "n"
          }
        },
        "historic": {
          "type": "memorial",
          "memorial": "plaque"
        },
        "distance": 239,
        "place_id": "51a863df5f4e003640599572086696044940f00103f901c62463320300000092031349676e61637920c581756b617369657769637a"
      },
      "geometry": {
        "type": "Point",
        "coordinates": [
          22.0011959,
          50.0358398
        ]
      }
    },
    {
      "type": "Feature",
      "properties": {
        "name": "Pomnik Leopolda Lisa-Kuli",
        "country": "Polska",
        "country_code": "pl",
        "state": "województwo podkarpackie",
        "city": "Rzeszów",
        "postcode": "35-069",
        "district": "Baldachówka",
        "suburb": "Śródmieście",
        "street": "Mikołaja Kopernika",
        "iso3166_2": "PL-18",
        "lon": 22.0013221,
        "lat": 50.0382864,
        "state_code": "PK",
        "formatted": "Pomnik Leopolda Lisa-Kuli, Mikołaja Kopernika, 35-069 Rzeszów, Polska",
        "address_line1": "Pomnik Leopolda Lisa-Kuli",
        "address_line2": "Mikołaja Kopernika, 35-069 Rzeszów, Polska",
        "categories": [
          "tourism",
          "tourism.sights",
          "tourism.sights.memorial"
        ],
        "details": [
          "details",
          "details.historic",
          "details.wiki_and_media"
        ],
        "datasource": {
          "sourcename": "openstreetmap",
          "attribution": "© OpenStreetMap contributors",
          "license": "Open Database License",
          "url": "https://www.openstreetmap.org/copyright",
          "raw": {
            "lat": 50.0382864,
            "lon": 22.0013221,
            "url": "https://fotopolska.eu/Pomnik_plk._Leopolda_Lisa-Kuli_Rzeszow?map_z=19",
            "name": "Pomnik Leopolda Lisa-Kuli",
            "image": "https://photos.app.goo.gl/KGnVYYEyjvdBdHHL8",
            "url:0": "https://polska-org.pl/8341805,Rzeszow,Pomnik_plk_Leopolda_Lisa_Kuli.html",
            "osm_id": 1927326438,
            "historic": "memorial",
            "memorial": "statue",
            "osm_type": "n",
            "wikidata": "Q121845310",
            "wikipedia": "pl:Leopold Lis-Kula"
          }
        },
        "website": "https://fotopolska.eu/Pomnik_plk._Leopolda_Lisa-Kuli_Rzeszow?map_z=19",
        "wiki_and_media": {
          "wikidata": "Q121845310",
          "wikipedia": "pl:Leopold Lis-Kula",
          "image": "https://photos.app.goo.gl/KGnVYYEyjvdBdHHL8"
        },
        "historic": {
          "type": "memorial",
          "memorial": "statue"
        },
        "distance": 239,
        "place_id": "51154328a55600364059d7f09991e6044940f00103f901e6aae07200000000920319506f6d6e696b204c656f706f6c6461204c6973612d4b756c69"
      },
      "geometry": {
        "type": "Point",
        "coordinates": [
          22.0013221,
          50.0382864
        ]
      }
    },
    {
      "type": "Feature",
      "properties": {
        "name": "W 80. rocznicę obrony Lwowa i Kresów Wschodnich",
        "country": "Polska",
        "country_code": "pl",
        "state": "województwo podkarpackie",
        "city": "Rzeszów",
        "postcode": "35-030",
        "district": "Baldachówka",
        "suburb": "Śródmieście",
        "street": "3 Maja",
        "iso3166_2": "PL-18",
        "lon": 22.0011878,
        "lat": 50.0356877,
        "state_code": "PK",
        "formatted": "W 80. rocznicę obrony Lwowa i Kresów Wschodnich, 3 Maja, 35-030 Rzeszów, Polska",
        "address_line1": "W 80. rocznicę obrony Lwowa i Kresów Wschodnich",
        "address_line2": "3 Maja, 35-030 Rzeszów, Polska",
        "categories": [
          "tourism",
          "tourism.sights",
          "tourism.sights.memorial"
        ],
        "details": [
          "details.historic",
          "details.wiki_and_media"
        ],
        "datasource": {
          "sourcename": "openstreetmap",
          "attribution": "© OpenStreetMap contributors",
          "license": "Open Database License",
          "url": "https://www.openstreetmap.org/copyright",
          "raw": {
            "lat": 50.0356877,
            "lon": 22.0011878,
            "name": "W 80. rocznicę obrony Lwowa i Kresów Wschodnich",
            "image": "https://photos.app.goo.gl/6syZ9PqLsgHPqy4GA",
            "osm_id": 13089094149,
            "historic": "memorial",
            "memorial": "plaque",
            "osm_type": "n"
          }
        },
        "wiki_and_media": {
          "image": "https://photos.app.goo.gl/6syZ9PqLsgHPqy4GA"
        },
        "historic": {
          "type": "memorial",
          "memorial": "plaque"
        },
        "distance": 249,
        "place_id": "517927fad74d003640594a2f206a91044940f00103f90105ba2b0c03000000920331572038302e20726f637a6e6963c499206f62726f6e79204c776f77612069204b726573c3b37720577363686f646e696368"
      },
      "geometry": {
        "type": "Point",
        "coordinates": [
          22.0011878,
          50.0356877
        ]
      }
    },
    {
      "type": "Feature",
      "properties": {
        "name": "W tym budynku mieściła się Synagoga Staromiejska",
        "country": "Polska",
        "country_code": "pl",
        "state": "województwo podkarpackie",
        "city": "Rzeszów",
        "postcode": "35-002",
        "district": "Baldachówka",
        "suburb": "Śródmieście",
        "street": "Bożnicza",
        "iso3166_2": "PL-18",
        "lon": 22.0071502,
        "lat": 50.037996,
        "state_code": "PK",
        "formatted": "W tym budynku mieściła się Synagoga Staromiejska, Bożnicza, 35-002 Rzeszów, Polska",
        "address_line1": "W tym budynku mieściła się Synagoga Staromiejska",
        "address_line2": "Bożnicza, 35-002 Rzeszów, Polska",
        "categories": [
          "tourism",
          "tourism.sights",
          "tourism.sights.memorial"
        ],
        "details": [
          "details.historic",
          "details.wiki_and_media"
        ],
        "datasource": {
          "sourcename": "openstreetmap",
          "attribution": "© OpenStreetMap contributors",
          "license": "Open Database License",
          "url": "https://www.openstreetmap.org/copyright",
          "raw": {
            "lat": 50.037996,
            "lon": 22.0071502,
            "name": "W tym budynku mieściła się Synagoga Staromiejska",
            "image": "https://photos.app.goo.gl/N4Gzc54cziJjNedj7",
            "osm_id": 13090513664,
            "historic": "memorial",
            "memorial": "plaque",
            "osm_type": "n"
          }
        },
        "wiki_and_media": {
          "image": "https://photos.app.goo.gl/N4Gzc54cziJjNedj7"
        },
        "historic": {
          "type": "memorial",
          "memorial": "plaque"
        },
        "distance": 251,
        "place_id": "51ed287398d4013640597db08c0ddd044940f00103f9010063410c03000000920333572074796d20627564796e6b75206d6965c59b6369c58261207369c4992053796e61676f676120537461726f6d69656a736b61"
      },
      "geometry": {
        "type": "Point",
        "coordinates": [
          22.0071502,
          50.037996
        ]
      }
    },
    {
      "type": "Feature",
      "properties": {
        "name": "Profesorom Lwowskich Uczelni",
        "country": "Polska",
        "country_code": "pl",
        "state": "województwo podkarpackie",
        "city": "Rzeszów",
        "postcode": "35-030",
        "district": "Baldachówka",
        "suburb": "Śródmieście",
        "street": "3 Maja",
        "iso3166_2": "PL-18",
        "lon": 22.001185,
        "lat": 50.0356486,
        "state_code": "PK",
        "formatted": "Profesorom Lwowskich Uczelni, 3 Maja, 35-030 Rzeszów, Polska",
        "address_line1": "Profesorom Lwowskich Uczelni",
        "address_line2": "3 Maja, 35-030 Rzeszów, Polska",
        "categories": [
          "tourism",
          "tourism.sights",
          "tourism.sights.memorial"
        ],
        "details": [
          "details.historic",
          "details.wiki_and_media"
        ],
        "datasource": {
          "sourcename": "openstreetmap",
          "attribution": "© OpenStreetMap contributors",
          "license": "Open Database License",
          "url": "https://www.openstreetmap.org/copyright",
          "raw": {
            "lat": 50.0356486,
            "lon": 22.001185,
            "name": "Profesorom Lwowskich Uczelni",
            "image": "https://photos.app.goo.gl/7AxfAFecLBjHrM1b9",
            "osm_id": 13089094148,
            "historic": "memorial",
            "memorial": "plaque",
            "osm_type": "n",
            "wikidata": "Q697763",
            "wikipedia": "pl:Mord profesorów lwowskich"
          }
        },
        "wiki_and_media": {
          "wikidata": "Q697763",
          "wikipedia": "pl:Mord profesorów lwowskich",
          "image": "https://photos.app.goo.gl/7AxfAFecLBjHrM1b9"
        },
        "historic": {
          "type": "memorial",
          "memorial": "plaque"
        },
        "distance": 252,
        "place_id": "51ea3e00a94d00364059f892212290044940f00103f90104ba2b0c0300000092031c50726f6665736f726f6d204c776f77736b6963682055637a656c6e69"
      },
      "geometry": {
        "type": "Point",
        "coordinates": [
          22.001185,
          50.0356486
        ]
      }
    },
    {
      "type": "Feature",
      "properties": {
        "name": "Tablica pamiątkowa w miejscu kirkutu;XVI-wieczny Cmentarz Żydowski",
        "country": "Polska",
        "country_code": "pl",
        "state": "województwo podkarpackie",
        "city": "Rzeszów",
        "postcode": "35-002",
        "district": "Baldachówka",
        "suburb": "Śródmieście",
        "street": "Bożnicza",
        "iso3166_2": "PL-18",
        "lon": 22.0068932,
        "lat": 50.0382848,
        "state_code": "PK",
        "formatted": "Tablica pamiątkowa w miejscu kirkutu;XVI-wieczny Cmentarz Żydowski, Bożnicza, 35-002 Rzeszów, Polska",
        "address_line1": "Tablica pamiątkowa w miejscu kirkutu;XVI-wieczny Cmentarz Żydowski",
        "address_line2": "Bożnicza, 35-002 Rzeszów, Polska",
        "categories": [
          "tourism",
          "tourism.sights",
          "tourism.sights.memorial"
        ],
        "details": [
          "details.historic",
          "details.wiki_and_media"
        ],
        "datasource": {
          "sourcename": "openstreetmap",
          "attribution": "© OpenStreetMap contributors",
          "license": "Open Database License",
          "url": "https://www.openstreetmap.org/copyright",
          "raw": {
            "lat": 50.0382848,
            "lon": 22.0068932,
            "name": "Tablica pamiątkowa w miejscu kirkutu;XVI-wieczny Cmentarz Żydowski",
            "image": "https://photos.app.goo.gl/y1iN7E3frPKLAntB9",
            "osm_id": 5167714953,
            "historic": "memorial",
            "memorial": "plaque;stone",
            "osm_type": "n",
            "wikidata": "Q9194614",
            "wikipedia": "pl:Cmentarz żydowski w Rzeszowie",
            "subject:wikidata": "Q9194614"
          }
        },
        "wiki_and_media": {
          "wikidata": "Q9194614",
          "wikipedia": "pl:Cmentarz żydowski w Rzeszowie",
          "image": "https://photos.app.goo.gl/y1iN7E3frPKLAntB9"
        },
        "historic": {
          "type": "memorial",
          "memorial": "plaque;stone"
        },
        "distance": 252,
        "place_id": "519690b4c0c3013640598af72d84e6044940f00103f90189120534010000009203445461626c6963612070616d69c485746b6f77612077206d69656a736375206b69726b7574753b5856492d776965637a6e7920436d656e7461727a20c5bb79646f77736b69"
      },
      "geometry": {
        "type": "Point",
        "coordinates": [
          22.0068932,
          50.0382848
        ]
      }
    },
    {
      "type": "Feature",
      "properties": {
        "name": "Instruktorek ZHP",
        "country": "Polska",
        "country_code": "pl",
        "state": "województwo podkarpackie",
        "city": "Rzeszów",
        "postcode": "35-069",
        "district": "Baldachówka",
        "suburb": "Śródmieście",
        "street": "Bernardyńska",
        "iso3166_2": "PL-18",
        "lon": 22.0020256,
        "lat": 50.0388733,
        "state_code": "PK",
        "formatted": "Instruktorek ZHP, Bernardyńska, 35-069 Rzeszów, Polska",
        "address_line1": "Instruktorek ZHP",
        "address_line2": "Bernardyńska, 35-069 Rzeszów, Polska",
        "categories": [
          "tourism",
          "tourism.sights",
          "tourism.sights.memorial"
        ],
        "details": [
          "details.historic"
        ],
        "datasource": {
          "sourcename": "openstreetmap",
          "attribution": "© OpenStreetMap contributors",
          "license": "Open Database License",
          "url": "https://www.openstreetmap.org/copyright",
          "raw": {
            "lat": 50.0388733,
            "lon": 22.0020256,
            "name": "Instruktorek ZHP",
            "osm_id": 13735352903,
            "historic": "memorial",
            "memorial": "plaque",
            "osm_type": "n"
          }
        },
        "historic": {
          "type": "memorial",
          "memorial": "plaque"
        },
        "distance": 252,
        "place_id": "5139c1edbf84003640590318e0ccf9044940f00103f90147dab03203000000920310496e737472756b746f72656b205a4850"
      },
      "geometry": {
        "type": "Point",
        "coordinates": [
          22.0020256,
          50.0388733
        ]
      }
    },
    {
      "type": "Feature",
      "properties": {
        "name": "SYNAGOGA STAROMIEJSKA ZWANA MAŁĄ",
        "country": "Polska",
        "country_code": "pl",
        "state": "województwo podkarpackie",
        "city": "Rzeszów",
        "postcode": "35-002",
        "district": "Baldachówka",
        "suburb": "Śródmieście",
        "street": "Bożnicza",
        "iso3166_2": "PL-18",
        "lon": 22.0071917,
        "lat": 50.0379859,
        "state_code": "PK",
        "formatted": "SYNAGOGA STAROMIEJSKA ZWANA MAŁĄ, Bożnicza, 35-002 Rzeszów, Polska",
        "address_line1": "SYNAGOGA STAROMIEJSKA ZWANA MAŁĄ",
        "address_line2": "Bożnicza, 35-002 Rzeszów, Polska",
        "categories": [
          "tourism",
          "tourism.sights",
          "tourism.sights.memorial"
        ],
        "details": [
          "details.historic",
          "details.wiki_and_media"
        ],
        "datasource": {
          "sourcename": "openstreetmap",
          "attribution": "© OpenStreetMap contributors",
          "license": "Open Database License",
          "url": "https://www.openstreetmap.org/copyright",
          "raw": {
            "lat": 50.0379859,
            "lon": 22.0071917,
            "name": "SYNAGOGA STAROMIEJSKA ZWANA MAŁĄ",
            "image": "https://photos.app.goo.gl/sxA8kjZKaFZY4EbN9",
            "osm_id": 13090513663,
            "historic": "memorial",
            "memorial": "plaque",
            "osm_type": "n"
          }
        },
        "wiki_and_media": {
          "image": "https://photos.app.goo.gl/sxA8kjZKaFZY4EbN9"
        },
        "historic": {
          "type": "memorial",
          "memorial": "plaque"
        },
        "distance": 254,
        "place_id": "517a4db450d701364059c51ad3b8dc044940f00103f901ff62410c0300000092032253594e41474f474120535441524f4d49454a534b41205a57414e41204d41c581c484"
      },
      "geometry": {
        "type": "Point",
        "coordinates": [
          22.0071917,
          50.0379859
        ]
      }
    },
    {
      "type": "Feature",
      "properties": {
        "name": "Tablica upamiętnia ofiary Holokaustu z Rzeszowa.",
        "country": "Polska",
        "country_code": "pl",
        "state": "województwo podkarpackie",
        "city": "Rzeszów",
        "postcode": "35-002",
        "district": "Baldachówka",
        "suburb": "Śródmieście",
        "street": "Bożnicza",
        "iso3166_2": "PL-18",
        "lon": 22.0071549,
        "lat": 50.0380442,
        "state_code": "PK",
        "formatted": "Tablica upamiętnia ofiary Holokaustu z Rzeszowa., Bożnicza, 35-002 Rzeszów, Polska",
        "address_line1": "Tablica upamiętnia ofiary Holokaustu z Rzeszowa.",
        "address_line2": "Bożnicza, 35-002 Rzeszów, Polska",
        "categories": [
          "tourism",
          "tourism.sights",
          "tourism.sights.memorial"
        ],
        "details": [
          "details.historic",
          "details.wiki_and_media"
        ],
        "datasource": {
          "sourcename": "openstreetmap",
          "attribution": "© OpenStreetMap contributors",
          "license": "Open Database License",
          "url": "https://www.openstreetmap.org/copyright",
          "raw": {
            "lat": 50.0380442,
            "lon": 22.0071549,
            "name": "Tablica upamiętnia ofiary Holokaustu z Rzeszowa.",
            "image": "https://photos.app.goo.gl/7UoTPKF4G9MvdR2BA",
            "osm_id": 13090513661,
            "historic": "memorial",
            "memorial": "plaque",
            "osm_type": "n"
          }
        },
        "wiki_and_media": {
          "image": "https://photos.app.goo.gl/7UoTPKF4G9MvdR2BA"
        },
        "historic": {
          "type": "memorial",
          "memorial": "plaque"
        },
        "distance": 254,
        "place_id": "5193814de7d401364059b866e1a1de044940f00103f901fd62410c030000009203315461626c696361207570616d69c499746e6961206f666961727920486f6c6f6b6175737475207a20527a65737a6f77612e"
      },
      "geometry": {
        "type": "Point",
        "coordinates": [
          22.0071549,
          50.0380442
        ]
      }
    },
    {
      "type": "Feature",
      "properties": {
        "name": "Katarzyna Wiśniowska i Antoni Gromski",
        "country": "Polska",
        "country_code": "pl",
        "state": "województwo podkarpackie",
        "city": "Rzeszów",
        "postcode": "35-069",
        "district": "Baldachówka",
        "suburb": "Śródmieście",
        "street": "Bernardyńska",
        "iso3166_2": "PL-18",
        "lon": 22.0019909,
        "lat": 50.038884,
        "state_code": "PK",
        "formatted": "Katarzyna Wiśniowska i Antoni Gromski, Bernardyńska, 35-069 Rzeszów, Polska",
        "address_line1": "Katarzyna Wiśniowska i Antoni Gromski",
        "address_line2": "Bernardyńska, 35-069 Rzeszów, Polska",
        "categories": [
          "tourism",
          "tourism.sights",
          "tourism.sights.memorial"
        ],
        "details": [
          "details.historic"
        ],
        "datasource": {
          "sourcename": "openstreetmap",
          "attribution": "© OpenStreetMap contributors",
          "license": "Open Database License",
          "url": "https://www.openstreetmap.org/copyright",
          "raw": {
            "lat": 50.038884,
            "lon": 22.0019909,
            "name": "Katarzyna Wiśniowska i Antoni Gromski",
            "osm_id": 13735352904,
            "historic": "memorial",
            "memorial": "plaque",
            "osm_type": "n"
          }
        },
        "historic": {
          "type": "memorial",
          "memorial": "plaque"
        },
        "distance": 254,
        "place_id": "51bd63c2798200364059392ba226fa044940f00103f90148dab032030000009203264b617461727a796e61205769c59b6e696f77736b61206920416e746f6e692047726f6d736b69"
      },
      "geometry": {
        "type": "Point",
        "coordinates": [
          22.0019909,
          50.038884
        ]
      }
    },
    {
      "type": "Feature",
      "properties": {
        "name": "W 192 rocznicę uchwalenia Konstytucji 3 Maja",
        "country": "Polska",
        "country_code": "pl",
        "state": "województwo podkarpackie",
        "city": "Rzeszów",
        "postcode": "35-030",
        "district": "Baldachówka",
        "suburb": "Śródmieście",
        "street": "3 Maja",
        "iso3166_2": "PL-18",
        "lon": 22.0008858,
        "lat": 50.0358157,
        "state_code": "PK",
        "formatted": "W 192 rocznicę uchwalenia Konstytucji 3 Maja, 3 Maja, 35-030 Rzeszów, Polska",
        "address_line1": "W 192 rocznicę uchwalenia Konstytucji 3 Maja",
        "address_line2": "3 Maja, 35-030 Rzeszów, Polska",
        "categories": [
          "tourism",
          "tourism.sights",
          "tourism.sights.memorial"
        ],
        "details": [
          "details.historic",
          "details.wiki_and_media"
        ],
        "datasource": {
          "sourcename": "openstreetmap",
          "attribution": "© OpenStreetMap contributors",
          "license": "Open Database License",
          "url": "https://www.openstreetmap.org/copyright",
          "raw": {
            "lat": 50.0358157,
            "lon": 22.0008858,
            "name": "W 192 rocznicę uchwalenia Konstytucji 3 Maja",
            "image": "https://photos.app.goo.gl/Jn7mDdMTcFM3G3wf8",
            "osm_id": 11832521117,
            "historic": "memorial",
            "memorial": "plaque",
            "osm_type": "n"
          }
        },
        "wiki_and_media": {
          "image": "https://photos.app.goo.gl/Jn7mDdMTcFM3G3wf8"
        },
        "historic": {
          "type": "memorial",
          "memorial": "plaque"
        },
        "distance": 259,
        "place_id": "51e207420d3a003640597817de9b95044940f00103f9019df145c10200000092032d572031393220726f637a6e6963c4992075636877616c656e6961204b6f6e7374797475636a692033204d616a61"
      },
      "geometry": {
        "type": "Point",
        "coordinates": [
          22.0008858,
          50.0358157
        ]
      }
    },
    {
      "type": "Feature",
      "properties": {
        "name": "Pomnik Wdzięczności Armii Czerwonej",
        "country": "Polska",
        "country_code": "pl",
        "state": "województwo podkarpackie",
        "city": "Rzeszów",
        "postcode": "35-002",
        "suburb": "Śródmieście",
        "street": "Jana III Sobieskiego",
        "iso3166_2": "PL-18",
        "lon": 22.006184,
        "lat": 50.0388639,
        "state_code": "PK",
        "formatted": "Pomnik Wdzięczności Armii Czerwonej, Jana III Sobieskiego, 35-002 Rzeszów, Polska",
        "address_line1": "Pomnik Wdzięczności Armii Czerwonej",
        "address_line2": "Jana III Sobieskiego, 35-002 Rzeszów, Polska",
        "categories": [
          "tourism",
          "tourism.sights",
          "tourism.sights.memorial"
        ],
        "details": [
          "details",
          "details.historic",
          "details.wiki_and_media"
        ],
        "datasource": {
          "sourcename": "openstreetmap",
          "attribution": "© OpenStreetMap contributors",
          "license": "Open Database License",
          "url": "https://www.openstreetmap.org/copyright",
          "raw": {
            "lat": 50.0388639,
            "lon": 22.006184,
            "url": "https://fotopolska.eu/298828,obiekt.html?map_z=19",
            "name": "Pomnik Wdzięczności Armii Czerwonej",
            "image": "https://photos.app.goo.gl/83G7JoBmKe1MQ2WM8",
            "url:0": "https://polska-org.pl/8492425,Rzeszow,Pomnik_wdziecznosci_Armii_Radzieckiej_w_Rzeszowie.html",
            "osm_id": 2085421643,
            "name:en": "Monument of Gratitude to Red Army",
            "name:pl": "Pomnik Wdzięczności Armii Czerwonej",
            "name:ru": "Памятник Благодарности Красной Армии",
            "historic": "memorial",
            "memorial": "obelisk",
            "osm_type": "n",
            "wikidata": "Q20032854",
            "wikipedia": "pl:Pomnik Wdzięczności Armii Czerwonej w Rzeszowie",
            "subject:wikidata": "Q251395"
          }
        },
        "website": "https://fotopolska.eu/298828,obiekt.html?map_z=19",
        "name_international": {
          "en": "Monument of Gratitude to Red Army",
          "pl": "Pomnik Wdzięczności Armii Czerwonej",
          "ru": "Памятник Благодарности Красной Армии"
        },
        "wiki_and_media": {
          "wikidata": "Q20032854",
          "wikipedia": "pl:Pomnik Wdzięczności Armii Czerwonej w Rzeszowie",
          "image": "https://photos.app.goo.gl/83G7JoBmKe1MQ2WM8"
        },
        "historic": {
          "type": "memorial",
          "memorial": "obelisk"
        },
        "distance": 260,
        "place_id": "512bc24d4695013640595dbf057ef9044940f00103f9014b024d7c00000000920325506f6d6e696b2057647a69c499637a6e6fc59b63692041726d696920437a6572776f6e656a"
      },
      "geometry": {
        "type": "Point",
        "coordinates": [
          22.006184,
          50.0388639
        ]
      }
    },
    {
      "type": "Feature",
      "properties": {
        "name": "Pamięci Dawida Altera Kurzmanna",
        "country": "Polska",
        "country_code": "pl",
        "state": "województwo podkarpackie",
        "city": "Rzeszów",
        "postcode": "35-002",
        "district": "Baldachówka",
        "suburb": "Śródmieście",
        "street": "Bożnicza",
        "iso3166_2": "PL-18",
        "lon": 22.0072073,
        "lat": 50.0381515,
        "state_code": "PK",
        "formatted": "Pamięci Dawida Altera Kurzmanna, Bożnicza, 35-002 Rzeszów, Polska",
        "address_line1": "Pamięci Dawida Altera Kurzmanna",
        "address_line2": "Bożnicza, 35-002 Rzeszów, Polska",
        "categories": [
          "tourism",
          "tourism.sights",
          "tourism.sights.memorial"
        ],
        "details": [
          "details.historic",
          "details.wiki_and_media"
        ],
        "datasource": {
          "sourcename": "openstreetmap",
          "attribution": "© OpenStreetMap contributors",
          "license": "Open Database License",
          "url": "https://www.openstreetmap.org/copyright",
          "raw": {
            "lat": 50.0381515,
            "lon": 22.0072073,
            "name": "Pamięci Dawida Altera Kurzmanna",
            "image": "https://photos.app.goo.gl/DL6QgnbhasuSBDkx5",
            "osm_id": 13090513660,
            "historic": "memorial",
            "memorial": "plaque",
            "osm_type": "n",
            "wikidata": "Q23943457",
            "wikipedia": "pl:Dawid Alter Kurzmann"
          }
        },
        "wiki_and_media": {
          "wikidata": "Q23943457",
          "wikipedia": "pl:Dawid Alter Kurzmann",
          "image": "https://photos.app.goo.gl/DL6QgnbhasuSBDkx5"
        },
        "historic": {
          "type": "memorial",
          "memorial": "plaque"
        },
        "distance": 263,
        "place_id": "51dfca6d56d8013640598c65fa25e2044940f00103f901fc62410c0300000092032050616d69c49963692044617769646120416c74657261204b75727a6d616e6e61"
      },
      "geometry": {
        "type": "Point",
        "coordinates": [
          22.0072073,
          50.0381515
        ]
      }
    },
    {
      "type": "Feature",
      "properties": {
        "name": "Tablica pamiątkowa upamiętnia darowiznę domu dla parafii pw. Świętego Krzyża.",
        "country": "Polska",
        "country_code": "pl",
        "state": "województwo podkarpackie",
        "city": "Rzeszów",
        "postcode": "35-030",
        "district": "Baldachówka",
        "suburb": "Śródmieście",
        "street": "3 Maja",
        "iso3166_2": "PL-18",
        "lon": 22.0008615,
        "lat": 50.0355831,
        "state_code": "PK",
        "formatted": "Tablica pamiątkowa upamiętnia darowiznę domu dla parafii pw. Świętego Krzyża., 3 Maja, 35-030 Rzeszów, Polska",
        "address_line1": "Tablica pamiątkowa upamiętnia darowiznę domu dla parafii pw. Świętego Krzyża.",
        "address_line2": "3 Maja, 35-030 Rzeszów, Polska",
        "categories": [
          "tourism",
          "tourism.sights",
          "tourism.sights.memorial"
        ],
        "details": [
          "details.historic",
          "details.wiki_and_media"
        ],
        "datasource": {
          "sourcename": "openstreetmap",
          "attribution": "© OpenStreetMap contributors",
          "license": "Open Database License",
          "url": "https://www.openstreetmap.org/copyright",
          "raw": {
            "lat": 50.0355831,
            "lon": 22.0008615,
            "name": "Tablica pamiątkowa upamiętnia darowiznę domu dla parafii pw. Świętego Krzyża.",
            "image": "https://photos.app.goo.gl/XqazEXGoaWKXQy7PA",
            "osm_id": 11694893181,
            "historic": "memorial",
            "memorial": "plaque",
            "osm_type": "n"
          }
        },
        "wiki_and_media": {
          "image": "https://photos.app.goo.gl/XqazEXGoaWKXQy7PA"
        },
        "historic": {
          "type": "memorial",
          "memorial": "plaque"
        },
        "distance": 275,
        "place_id": "515453927538003640592865adfc8d044940f00103f9017de811b9020000009203535461626c6963612070616d69c485746b6f7761207570616d69c499746e6961206461726f77697a6ec49920646f6d7520646c6120706172616669692070772e20c59a7769c4997465676f204b727a79c5bc612e"
      },
      "geometry": {
        "type": "Point",
        "coordinates": [
          22.0008615,
          50.0355831
        ]
      }
    },
    {
      "type": "Feature",
      "properties": {
        "name": "Izba Rzemieślnicza",
        "country": "Polska",
        "country_code": "pl",
        "state": "województwo podkarpackie",
        "city": "Rzeszów",
        "postcode": "35-030",
        "district": "Baldachówka",
        "suburb": "Śródmieście",
        "street": "3 Maja",
        "housenumber": "26",
        "iso3166_2": "PL-18",
        "lon": 22.0008665,
        "lat": 50.0352218,
        "state_code": "PK",
        "formatted": "Izba Rzemieślnicza, 3 Maja 26, 35-030 Rzeszów, Polska",
        "address_line1": "Izba Rzemieślnicza",
        "address_line2": "3 Maja 26, 35-030 Rzeszów, Polska",
        "categories": [
          "tourism",
          "tourism.sights",
          "tourism.sights.memorial"
        ],
        "details": [
          "details.historic"
        ],
        "datasource": {
          "sourcename": "openstreetmap",
          "attribution": "© OpenStreetMap contributors",
          "license": "Open Database License",
          "url": "https://www.openstreetmap.org/copyright",
          "raw": {
            "lat": 50.0352218,
            "lon": 22.0008665,
            "city": "Rzeszów",
            "name": "Izba Rzemieślnicza",
            "photo": "https://photos.app.goo.gl/6scVKPBYqkwojmEZ7",
            "osm_id": 11832521120,
            "street": "3 Maja",
            "historic": "memorial",
            "memorial": "plaque",
            "osm_type": "n",
            "_inherited": "",
            "housenumber": 26,
            "inscription": "W budynku tym w dniu 4 lutego 1945 r. odbyło się zebranie organizacyjne izby rzemieślniczej w Rzeszowie Rzeszów 1985 r."
          }
        },
        "historic": {
          "type": "memorial",
          "memorial": "plaque",
          "inscription": "W budynku tym w dniu 4 lutego 1945 r. odbyło się zebranie organizacyjne izby rzemieślniczej w Rzeszowie Rzeszów 1985 r."
        },
        "distance": 299,
        "place_id": "51782975c938003640599a8ddf2582044940f00103f901a0f145c102000000920313497a626120527a656d6965c59b6c6e69637a61"
      },
      "geometry": {
        "type": "Point",
        "coordinates": [
          22.0008665,
          50.0352218
        ]
      }
    },
    {
      "type": "Feature",
      "properties": {
        "name": "Pomnik Adama Mickiewicza",
        "country": "Polska",
        "country_code": "pl",
        "state": "województwo podkarpackie",
        "city": "Rzeszów",
        "postcode": "35-065",
        "district": "Baldachówka",
        "suburb": "Śródmieście",
        "street": "Adama Mickiewicza",
        "iso3166_2": "PL-18",
        "lon": 22.0083839,
        "lat": 50.0374849,
        "state_code": "PK",
        "formatted": "Pomnik Adama Mickiewicza, Adama Mickiewicza, 35-065 Rzeszów, Polska",
        "address_line1": "Pomnik Adama Mickiewicza",
        "address_line2": "Adama Mickiewicza, 35-065 Rzeszów, Polska",
        "categories": [
          "tourism",
          "tourism.sights",
          "tourism.sights.memorial"
        ],
        "details": [
          "details.historic"
        ],
        "datasource": {
          "sourcename": "openstreetmap",
          "attribution": "© OpenStreetMap contributors",
          "license": "Open Database License",
          "url": "https://www.openstreetmap.org/copyright",
          "raw": {
            "lat": 50.0374849,
            "lon": 22.0083839,
            "name": "Pomnik Adama Mickiewicza",
            "osm_id": 3086835127,
            "historic": "memorial",
            "memorial": "statue",
            "osm_type": "n",
            "subject:wikidata": "Q79822"
          }
        },
        "historic": {
          "type": "memorial",
          "memorial": "statue"
        },
        "distance": 319,
        "place_id": "511c508072250236405903cc214ecc044940f00103f901b75dfdb700000000920318506f6d6e696b204164616d61204d69636b69657769637a61"
      },
      "geometry": {
        "type": "Point",
        "coordinates": [
          22.0083839,
          50.0374849
        ]
      }
    },
    {
      "type": "Feature",
      "properties": {
        "name": "Syn agoga Nowomieska zwana Dużą",
        "country": "Polska",
        "country_code": "pl",
        "state": "województwo podkarpackie",
        "city": "Rzeszów",
        "postcode": "35-002",
        "suburb": "Śródmieście",
        "street": "Jana III Sobieskiego",
        "housenumber": "18",
        "iso3166_2": "PL-18",
        "lon": 22.0076336,
        "lat": 50.0387755,
        "state_code": "PK",
        "formatted": "Syn agoga Nowomieska zwana Dużą, Jana III Sobieskiego 18, 35-002 Rzeszów, Polska",
        "address_line1": "Syn agoga Nowomieska zwana Dużą",
        "address_line2": "Jana III Sobieskiego 18, 35-002 Rzeszów, Polska",
        "categories": [
          "tourism",
          "tourism.sights",
          "tourism.sights.memorial"
        ],
        "details": [
          "details.historic"
        ],
        "datasource": {
          "sourcename": "openstreetmap",
          "attribution": "© OpenStreetMap contributors",
          "license": "Open Database License",
          "url": "https://www.openstreetmap.org/copyright",
          "raw": {
            "lat": 50.0387755,
            "lon": 22.0076336,
            "city": "Rzeszów",
            "name": "Syn agoga Nowomieska zwana Dużą",
            "osm_id": 10292948196,
            "street": "Jana III Sobieskiego",
            "historic": "memorial",
            "memorial": "plaque",
            "osm_type": "n",
            "_inherited": "",
            "housenumber": 18,
            "inscription": "SYNAGOGA NOWOMIEJSKA zw.DUŻĄ - Wzniesiona pod koniec XVIIw., pierwotnie obrona, barokoa, przebudowana 1705-1712 przez architekta J.Ch.Belottiego oraz w I poł, XIX w. Spalona w 1944r. Odbudowana 1954-1965. Górna część nadbudowana podczas odbudowy."
          }
        },
        "historic": {
          "type": "memorial",
          "memorial": "plaque",
          "inscription": "SYNAGOGA NOWOMIEJSKA zw.DUŻĄ - Wzniesiona pod koniec XVIIw., pierwotnie obrona, barokoa, przebudowana 1705-1712 przez architekta J.Ch.Belottiego oraz w I poł, XIX w. Spalona w 1944r. Odbudowana 1954-1965. Górna część nadbudowana podczas odbudowy."
        },
        "distance": 327,
        "place_id": "51ca598e46f4013640596a317898f6044940f00103f901e4ec81650200000092032153796e2061676f6761204e6f776f6d6965736b61207a77616e61204475c5bcc485"
      },
      "geometry": {
        "type": "Point",
        "coordinates": [
          22.0076336,
          50.0387755
        ]
      }
    },
    {
      "type": "Feature",
      "properties": {
        "name": "Jan Stefan Kotowicz",
        "country": "Polska",
        "country_code": "pl",
        "state": "województwo podkarpackie",
        "city": "Rzeszów",
        "postcode": "35-060",
        "district": "Baldachówka",
        "suburb": "Śródmieście",
        "street": "Jana Dekerta",
        "iso3166_2": "PL-18",
        "lon": 22.0031937,
        "lat": 50.0340835,
        "state_code": "PK",
        "formatted": "Jan Stefan Kotowicz, Jana Dekerta, 35-060 Rzeszów, Polska",
        "address_line1": "Jan Stefan Kotowicz",
        "address_line2": "Jana Dekerta, 35-060 Rzeszów, Polska",
        "categories": [
          "tourism",
          "tourism.sights",
          "tourism.sights.memorial"
        ],
        "details": [
          "details.historic",
          "details.wiki_and_media"
        ],
        "datasource": {
          "sourcename": "openstreetmap",
          "attribution": "© OpenStreetMap contributors",
          "license": "Open Database License",
          "url": "https://www.openstreetmap.org/copyright",
          "raw": {
            "lat": 50.0340835,
            "lon": 22.0031937,
            "name": "Jan Stefan Kotowicz",
            "image": "https://photos.app.goo.gl/QGiNdfJErhyZxZ559",
            "osm_id": 11832531186,
            "historic": "memorial",
            "material": "metal",
            "memorial": "plaque",
            "osm_type": "n",
            "inscription": "W tm domu mieszkał płk Jan Stefan Kotowicz 1890-1963 Oficer legionów i W.P. czestni wojen 1918-1920-1939 Dowódca 3 Brygady Górskiej Ostatni D-ca 27 WołyńskiejBrygady Piechoty A.K. Odznaczony krzyżem Virtuti Militari i Krzyżem Oficerskim OOP."
          }
        },
        "wiki_and_media": {
          "image": "https://photos.app.goo.gl/QGiNdfJErhyZxZ559"
        },
        "historic": {
          "type": "memorial",
          "memorial": "plaque",
          "inscription": "W tm domu mieszkał płk Jan Stefan Kotowicz 1890-1963 Oficer legionów i W.P. czestni wojen 1918-1920-1939 Dowódca 3 Brygady Górskiej Ostatni D-ca 27 WołyńskiejBrygady Piechoty A.K. Odznaczony krzyżem Virtuti Militari i Krzyżem Oficerskim OOP."
        },
        "distance": 330,
        "place_id": "51a10d654dd100364059a7ea1ed95c044940f00103f901f21846c1020000009203134a616e2053746566616e204b6f746f7769637a"
      },
      "geometry": {
        "type": "Point",
        "coordinates": [
          22.0031937,
          50.0340835
        ]
      }
    },
    {
      "type": "Feature",
      "properties": {
        "name": "Pałac letni Lubomirskich",
        "country": "Polska",
        "country_code": "pl",
        "state": "województwo podkarpackie",
        "city": "Rzeszów",
        "postcode": "35-060",
        "district": "Baldachówka",
        "suburb": "Śródmieście",
        "street": "Jana Dekerta",
        "iso3166_2": "PL-18",
        "lon": 22.0026186,
        "lat": 50.0341641,
        "state_code": "PK",
        "formatted": "Pałac letni Lubomirskich, Jana Dekerta, 35-060 Rzeszów, Polska",
        "address_line1": "Pałac letni Lubomirskich",
        "address_line2": "Jana Dekerta, 35-060 Rzeszów, Polska",
        "categories": [
          "tourism",
          "tourism.sights",
          "tourism.sights.memorial"
        ],
        "details": [
          "details.historic",
          "details.wiki_and_media"
        ],
        "datasource": {
          "sourcename": "openstreetmap",
          "attribution": "© OpenStreetMap contributors",
          "license": "Open Database License",
          "url": "https://www.openstreetmap.org/copyright",
          "raw": {
            "lat": 50.0341641,
            "lon": 22.0026186,
            "name": "Pałac letni Lubomirskich",
            "image": "https://photos.app.goo.gl/9bw2oMPcuJ74VTD36",
            "osm_id": 13090513683,
            "historic": "memorial",
            "memorial": "plaque",
            "osm_type": "n"
          }
        },
        "wiki_and_media": {
          "image": "https://photos.app.goo.gl/9bw2oMPcuJ74VTD36"
        },
        "historic": {
          "type": "memorial",
          "memorial": "plaque"
        },
        "distance": 331,
        "place_id": "517f5cd19cab0036405940193e7d5f044940f00103f9011363410c030000009203195061c5826163206c65746e69204c75626f6d6972736b696368"
      },
      "geometry": {
        "type": "Point",
        "coordinates": [
          22.0026186,
          50.0341641
        ]
      }
    },
    {
      "type": "Feature",
      "properties": {
        "name": "POW",
        "country": "Polska",
        "country_code": "pl",
        "state": "województwo podkarpackie",
        "city": "Rzeszów",
        "postcode": "35-030",
        "district": "Baldachówka",
        "suburb": "Śródmieście",
        "street": "3 Maja",
        "housenumber": "23",
        "iso3166_2": "PL-18",
        "lon": 22.001182,
        "lat": 50.0344353,
        "state_code": "PK",
        "formatted": "POW, 3 Maja 23, 35-030 Rzeszów, Polska",
        "address_line1": "POW",
        "address_line2": "3 Maja 23, 35-030 Rzeszów, Polska",
        "categories": [
          "tourism",
          "tourism.sights",
          "tourism.sights.memorial"
        ],
        "details": [
          "details.historic"
        ],
        "datasource": {
          "sourcename": "openstreetmap",
          "attribution": "© OpenStreetMap contributors",
          "license": "Open Database License",
          "url": "https://www.openstreetmap.org/copyright",
          "raw": {
            "lat": 50.0344353,
            "lon": 22.001182,
            "city": "Rzeszów",
            "name": "POW",
            "osm_id": 11832546177,
            "street": "3 Maja",
            "historic": "memorial",
            "memorial": "plaque",
            "osm_type": "n",
            "_inherited": "",
            "check_date": "2024-03-31",
            "start_date": "2012-11-05",
            "housenumber": 23,
            "inscription": "Pamięci Strzelców, Legionistów, konspiratorów polskiej organizacji wojskowej z Rzeszowa i podkarpacia w 100 rocznicę powstania związku strzeleckiego w Rzeszowie."
          }
        },
        "historic": {
          "type": "memorial",
          "start_date": "2012-11-05",
          "memorial": "plaque",
          "inscription": "Pamięci Strzelców, Legionistów, konspiratorów polskiej organizacji wojskowej z Rzeszowa i podkarpacia w 100 rocznicę powstania związku strzeleckiego w Rzeszowie."
        },
        "distance": 349,
        "place_id": "510858ab764d00364059faa93b6068044940f00103f901815346c102000000920303504f57"
      },
      "geometry": {
        "type": "Point",
        "coordinates": [
          22.001182,
          50.0344353
        ]
      }
    },
    {
      "type": "Feature",
      "properties": {
        "name": "Teatr Narodowyhttps://photos.app.goo.gl/jzYfiFd4xDfzZPjTA w Rzeszowie",
        "country": "Polska",
        "country_code": "pl",
        "state": "województwo podkarpackie",
        "city": "Rzeszów",
        "postcode": "35-001",
        "suburb": "Śródmieście",
        "street": "Sokoła",
        "iso3166_2": "PL-18",
        "lon": 21.9998767,
        "lat": 50.0390616,
        "state_code": "PK",
        "formatted": "Teatr Narodowyhttps://photos.app.goo.gl/jzYfiFd4xDfzZPjTA w Rzeszowie, Sokoła, 35-001 Rzeszów, Polska",
        "address_line1": "Teatr Narodowyhttps://photos.app.goo.gl/jzYfiFd4xDfzZPjTA w Rzeszowie",
        "address_line2": "Sokoła, 35-001 Rzeszów, Polska",
        "categories": [
          "tourism",
          "tourism.sights",
          "tourism.sights.memorial"
        ],
        "details": [
          "details.historic",
          "details.wiki_and_media"
        ],
        "datasource": {
          "sourcename": "openstreetmap",
          "attribution": "© OpenStreetMap contributors",
          "license": "Open Database License",
          "url": "https://www.openstreetmap.org/copyright",
          "raw": {
            "lat": 50.0390616,
            "lon": 21.9998767,
            "name": "Teatr Narodowyhttps://photos.app.goo.gl/jzYfiFd4xDfzZPjTA w Rzeszowie",
            "image": "https://photos.app.goo.gl/FSKffJJw7gc7fD4n7",
            "osm_id": 13089800083,
            "historic": "memorial",
            "memorial": "plaque",
            "osm_type": "n"
          }
        },
        "wiki_and_media": {
          "image": "https://photos.app.goo.gl/FSKffJJw7gc7fD4n7"
        },
        "historic": {
          "type": "memorial",
          "memorial": "plaque"
        },
        "distance": 374,
        "place_id": "514c885eebf7ff354059c44373f8ff044940f00103f901937f360c030000009203455465617472204e61726f646f777968747470733a2f2f70686f746f732e6170702e676f6f2e676c2f6a7a5966694664347844667a5a506a5441207720527a65737a6f776965"
      },
      "geometry": {
        "type": "Point",
        "coordinates": [
          21.9998767,
          50.0390616
        ]
      }
    },
    {
      "type": "Feature",
      "properties": {
        "name": "Tablica upamiętnia założenie Stronnictwa Ludowego w Rzeszowie, które miało miejsce 28 lipca 1895 roku podczas zjazdu chłopskieg",
        "country": "Polska",
        "country_code": "pl",
        "state": "województwo podkarpackie",
        "city": "Rzeszów",
        "postcode": "35-001",
        "suburb": "Śródmieście",
        "street": "Sokoła",
        "iso3166_2": "PL-18",
        "lon": 21.9998822,
        "lat": 50.0390904,
        "state_code": "PK",
        "formatted": "Tablica upamiętnia założenie Stronnictwa Ludowego w Rzeszowie, które miało miejsce 28 lipca 1895 roku podczas zjazdu chłopskieg, Sokoła, 35-001 Rzeszów, Polska",
        "address_line1": "Tablica upamiętnia założenie Stronnictwa Ludowego w Rzeszowie, które miało miejsce 28 lipca 1895 roku podczas zjazdu chłopskieg",
        "address_line2": "Sokoła, 35-001 Rzeszów, Polska",
        "categories": [
          "tourism",
          "tourism.sights",
          "tourism.sights.memorial"
        ],
        "details": [
          "details.historic",
          "details.wiki_and_media"
        ],
        "datasource": {
          "sourcename": "openstreetmap",
          "attribution": "© OpenStreetMap contributors",
          "license": "Open Database License",
          "url": "https://www.openstreetmap.org/copyright",
          "raw": {
            "lat": 50.0390904,
            "lon": 21.9998822,
            "name": "Tablica upamiętnia założenie Stronnictwa Ludowego w Rzeszowie, które miało miejsce 28 lipca 1895 roku podczas zjazdu chłopskieg",
            "image": "https://photos.app.goo.gl/zR4oYs8NR8NXf3qi6",
            "osm_id": 13089800084,
            "historic": "memorial",
            "memorial": "plaque",
            "osm_type": "n"
          }
        },
        "wiki_and_media": {
          "image": "https://photos.app.goo.gl/zR4oYs8NR8NXf3qi6"
        },
        "historic": {
          "type": "memorial",
          "memorial": "plaque"
        },
        "distance": 376,
        "place_id": "513fdaa447f8ff35405935cb0aea00054940f00103f901947f360c03000000920385015461626c696361207570616d69c499746e6961207a61c5826fc5bc656e6965205374726f6e6e6963747761204c75646f7765676f207720527a65737a6f7769652c206b74c3b37265206d6961c5826f206d69656a736365203238206c69706361203138393520726f6b7520706f64637a6173207a6a617a6475206368c5826f70736b696567"
      },
      "geometry": {
        "type": "Point",
        "coordinates": [
          21.9998822,
          50.0390904
        ]
      }
    },
    {
      "type": "Feature",
      "properties": {
        "name": "Piotr Emilewicz",
        "country": "Polska",
        "country_code": "pl",
        "state": "województwo podkarpackie",
        "city": "Rzeszów",
        "postcode": "35-025",
        "suburb": "Śródmieście",
        "street": "Zygmuntowska",
        "housenumber": "2",
        "iso3166_2": "PL-18",
        "lon": 22.0002305,
        "lat": 50.0345419,
        "state_code": "PK",
        "formatted": "Piotr Emilewicz, Zygmuntowska 2, 35-025 Rzeszów, Polska",
        "address_line1": "Piotr Emilewicz",
        "address_line2": "Zygmuntowska 2, 35-025 Rzeszów, Polska",
        "categories": [
          "tourism",
          "tourism.sights",
          "tourism.sights.memorial"
        ],
        "details": [
          "details.historic"
        ],
        "datasource": {
          "sourcename": "openstreetmap",
          "attribution": "© OpenStreetMap contributors",
          "license": "Open Database License",
          "url": "https://www.openstreetmap.org/copyright",
          "raw": {
            "lat": 50.0345419,
            "lon": 22.0002305,
            "city": "Rzeszów",
            "name": "Piotr Emilewicz",
            "osm_id": 11064016321,
            "street": "Zygmuntowska",
            "historic": "memorial",
            "memorial": "plaque",
            "osm_type": "n",
            "_inherited": "",
            "housenumber": 2
          }
        },
        "historic": {
          "type": "memorial",
          "memorial": "plaque"
        },
        "distance": 384,
        "place_id": "5134f6251b0f00364059bd6b75de6b044940f00103f901c17d77930200000092030f50696f747220456d696c657769637a"
      },
      "geometry": {
        "type": "Point",
        "coordinates": [
          22.0002305,
          50.0345419
        ]
      }
    },
    {
      "type": "Feature",
      "properties": {
        "name": "Dzwon Niepodległości",
        "country": "Polska",
        "country_code": "pl",
        "state": "województwo podkarpackie",
        "city": "Rzeszów",
        "postcode": "35-002",
        "suburb": "Śródmieście",
        "street": "Jana III Sobieskiego",
        "iso3166_2": "PL-18",
        "lon": 22.008435,
        "lat": 50.039292,
        "state_code": "PK",
        "formatted": "Dzwon Niepodległości, Jana III Sobieskiego, 35-002 Rzeszów, Polska",
        "address_line1": "Dzwon Niepodległości",
        "address_line2": "Jana III Sobieskiego, 35-002 Rzeszów, Polska",
        "categories": [
          "tourism",
          "tourism.sights",
          "tourism.sights.memorial"
        ],
        "details": [
          "details.historic",
          "details.wiki_and_media"
        ],
        "datasource": {
          "sourcename": "openstreetmap",
          "attribution": "© OpenStreetMap contributors",
          "license": "Open Database License",
          "url": "https://www.openstreetmap.org/copyright",
          "raw": {
            "lat": 50.039292,
            "lon": 22.008435,
            "name": "Dzwon Niepodległości",
            "image": "https://photos.app.goo.gl/a1CX9TYcNDy4gSif6",
            "osm_id": 12792201339,
            "historic": "memorial",
            "memorial": "bell",
            "osm_type": "n"
          }
        },
        "wiki_and_media": {
          "image": "https://photos.app.goo.gl/a1CX9TYcNDy4gSif6"
        },
        "historic": {
          "type": "memorial",
          "memorial": "bell"
        },
        "distance": 407,
        "place_id": "514a24d1cb28023640594a7f2f8507054940f00103f9017b8079fa02000000920316447a776f6e204e6965706f646c6567c5826fc59b6369"
      },
      "geometry": {
        "type": "Point",
        "coordinates": [
          22.008435,
          50.039292
        ]
      }
    },
    {
      "type": "Feature",
      "properties": {
        "name": "Henryk Dobrzański „Hubal”",
        "country": "Polska",
        "country_code": "pl",
        "state": "województwo podkarpackie",
        "city": "Rzeszów",
        "postcode": "35-056",
        "district": "Baldachówka",
        "suburb": "Śródmieście",
        "street": "Fryderyka Szopena",
        "housenumber": "21",
        "iso3166_2": "PL-18",
        "lon": 22.0078983,
        "lat": 50.0341512,
        "state_code": "PK",
        "formatted": "Henryk Dobrzański „Hubal”, Fryderyka Szopena 21, 35-056 Rzeszów, Polska",
        "address_line1": "Henryk Dobrzański „Hubal”",
        "address_line2": "Fryderyka Szopena 21, 35-056 Rzeszów, Polska",
        "categories": [
          "tourism",
          "tourism.sights",
          "tourism.sights.memorial"
        ],
        "details": [
          "details.historic"
        ],
        "datasource": {
          "sourcename": "openstreetmap",
          "attribution": "© OpenStreetMap contributors",
          "license": "Open Database License",
          "url": "https://www.openstreetmap.org/copyright",
          "raw": {
            "lat": 50.0341512,
            "lon": 22.0078983,
            "city": "Rzeszów",
            "name": "Henryk Dobrzański „Hubal”",
            "osm_id": 13734502926,
            "street": "Fryderyka Szopena",
            "historic": "memorial",
            "memorial": "plaque",
            "osm_type": "n",
            "_inherited": "",
            "housenumber": 21
          }
        },
        "historic": {
          "type": "memorial",
          "memorial": "plaque"
        },
        "distance": 422,
        "place_id": "51aa317c9f0502364059408f07115f044940f00103f9010ee2a3320300000092031e48656e72796b20446f62727a61c584736b6920e2809e487562616ce2809d"
      },
      "geometry": {
        "type": "Point",
        "coordinates": [
          22.0078983,
          50.0341512
        ]
      }
    },
    {
      "type": "Feature",
      "properties": {
        "name": "Pomnik Józefa Piłsudskiego",
        "country": "Polska",
        "country_code": "pl",
        "state": "województwo podkarpackie",
        "city": "Rzeszów",
        "postcode": "35-002",
        "suburb": "Śródmieście",
        "street": "Jana III Sobieskiego",
        "iso3166_2": "PL-18",
        "lon": 22.0085916,
        "lat": 50.0394487,
        "state_code": "PK",
        "formatted": "Pomnik Józefa Piłsudskiego, Jana III Sobieskiego, 35-002 Rzeszów, Polska",
        "address_line1": "Pomnik Józefa Piłsudskiego",
        "address_line2": "Jana III Sobieskiego, 35-002 Rzeszów, Polska",
        "categories": [
          "tourism",
          "tourism.sights",
          "tourism.sights.memorial",
          "tourism.sights.memorial.monument"
        ],
        "details": [
          "details",
          "details.wiki_and_media"
        ],
        "datasource": {
          "sourcename": "openstreetmap",
          "attribution": "© OpenStreetMap contributors",
          "license": "Open Database License",
          "url": "https://www.openstreetmap.org/copyright",
          "raw": {
            "lat": 50.0394487,
            "lon": 22.0085916,
            "url": "https://fotopolska.eu/384984,obiekt.html?map_z=19",
            "name": "Pomnik Józefa Piłsudskiego",
            "image": "https://photos.app.goo.gl/H94gxxYLisfdDAbs9",
            "osm_id": 6672596932,
            "historic": "monument",
            "osm_type": "n",
            "wikidata": "Q121073728",
            "subject:wikidata": "Q885"
          }
        },
        "website": "https://fotopolska.eu/384984,obiekt.html?map_z=19",
        "wiki_and_media": {
          "wikidata": "Q121073728",
          "image": "https://photos.app.goo.gl/H94gxxYLisfdDAbs9"
        },
        "historic": {
          "type": "monument"
        },
        "distance": 427,
        "place_id": "513305210f3302364059532faea70c054940f00103f901c4bfb78d0100000092031c506f6d6e696b204ac3b37a656661205069c582737564736b6965676f"
      },
      "geometry": {
        "type": "Point",
        "coordinates": [
          22.0085916,
          50.0394487
        ]
      }
    },
    {
      "type": "Feature",
      "properties": {
        "name": "Św. Jan z Dukli",
        "country": "Polska",
        "country_code": "pl",
        "state": "województwo podkarpackie",
        "city": "Rzeszów",
        "postcode": "35-001",
        "suburb": "Śródmieście",
        "street": "Skwer im. św. Jana z Dukli",
        "iso3166_2": "PL-18",
        "lon": 21.9994161,
        "lat": 50.0396166,
        "state_code": "PK",
        "formatted": "Św. Jan z Dukli, Skwer im. św. Jana z Dukli, 35-001 Rzeszów, Polska",
        "address_line1": "Św. Jan z Dukli",
        "address_line2": "Skwer im. św. Jana z Dukli, 35-001 Rzeszów, Polska",
        "categories": [
          "tourism",
          "tourism.sights",
          "tourism.sights.memorial"
        ],
        "details": [
          "details.historic",
          "details.wiki_and_media"
        ],
        "datasource": {
          "sourcename": "openstreetmap",
          "attribution": "© OpenStreetMap contributors",
          "license": "Open Database License",
          "url": "https://www.openstreetmap.org/copyright",
          "raw": {
            "lat": 50.0396166,
            "lon": 21.9994161,
            "name": "Św. Jan z Dukli",
            "osm_id": 7412211230,
            "historic": "memorial",
            "memorial": "statue",
            "osm_type": "n",
            "wikimedia_commons": "File:Jana z Dukli.jpg"
          }
        },
        "wiki_and_media": {
          "wikimedia_commons": "File:Jana z Dukli.jpg"
        },
        "historic": {
          "type": "memorial",
          "memorial": "statue"
        },
        "distance": 439,
        "place_id": "518b98c8bbd9ff3540597ab0202812054940f00103f9011e5ecdb901000000920310c59a772e204a616e207a2044756b6c69"
      },
      "geometry": {
        "type": "Point",
        "coordinates": [
          21.9994161,
          50.0396166
        ]
      }
    },
    {
      "type": "Feature",
      "properties": {
        "name": "Pomnik Łukasza Cieplińskiego",
        "country": "Polska",
        "country_code": "pl",
        "state": "województwo podkarpackie",
        "city": "Rzeszów",
        "postcode": "35-015",
        "suburb": "Śródmieście",
        "street": "Stanisława Moniuszki",
        "iso3166_2": "PL-18",
        "lon": 21.997742,
        "lat": 50.0370953,
        "state_code": "PK",
        "formatted": "Pomnik Łukasza Cieplińskiego, Stanisława Moniuszki, 35-015 Rzeszów, Polska",
        "address_line1": "Pomnik Łukasza Cieplińskiego",
        "address_line2": "Stanisława Moniuszki, 35-015 Rzeszów, Polska",
        "categories": [
          "tourism",
          "tourism.sights",
          "tourism.sights.memorial",
          "tourism.sights.memorial.monument"
        ],
        "details": [
          "details",
          "details.wiki_and_media"
        ],
        "datasource": {
          "sourcename": "openstreetmap",
          "attribution": "© OpenStreetMap contributors",
          "license": "Open Database License",
          "url": "https://www.openstreetmap.org/copyright",
          "raw": {
            "lat": 50.0370953,
            "lon": 21.997742,
            "url": "https://fotopolska.eu/Pomnik_Zolnierzy_Wykletych_Rzeszow?map_z=18",
            "name": "Pomnik Łukasza Cieplińskiego",
            "image": "https://photos.app.goo.gl/k9fyF58Bjtb4NqBd6",
            "osm_id": 9366077390,
            "historic": "monument",
            "osm_type": "n",
            "wikidata": "Q20033172",
            "wikipedia": "pl:Pomnik Żołnierzy Wyklętych w Rzeszowie"
          }
        },
        "website": "https://fotopolska.eu/Pomnik_Zolnierzy_Wykletych_Rzeszow?map_z=18",
        "wiki_and_media": {
          "wikidata": "Q20033172",
          "wikipedia": "pl:Pomnik Żołnierzy Wyklętych w Rzeszowie",
          "image": "https://photos.app.goo.gl/k9fyF58Bjtb4NqBd6"
        },
        "historic": {
          "type": "monument"
        },
        "distance": 448,
        "place_id": "517bd80b056cff354059eb2aee89bf044940f00103f901ceff422e0200000092031e506f6d6e696b20c581756b61737a6120436965706c69c584736b6965676f"
      },
      "geometry": {
        "type": "Point",
        "coordinates": [
          21.997742,
          50.0370953
        ]
      }
    },
    {
      "type": "Feature",
      "properties": {
        "name": "Stanisław Nowakowski",
        "country": "Polska",
        "country_code": "pl",
        "state": "województwo podkarpackie",
        "city": "Rzeszów",
        "postcode": "35-064",
        "district": "Baldachówka",
        "suburb": "Śródmieście",
        "street": "Adama Stanisława Naruszewicza",
        "housenumber": "13",
        "iso3166_2": "PL-18",
        "lon": 22.0101014,
        "lat": 50.0359235,
        "state_code": "PK",
        "formatted": "Stanisław Nowakowski, Adama Stanisława Naruszewicza 13, 35-064 Rzeszów, Polska",
        "address_line1": "Stanisław Nowakowski",
        "address_line2": "Adama Stanisława Naruszewicza 13, 35-064 Rzeszów, Polska",
        "categories": [
          "tourism",
          "tourism.sights",
          "tourism.sights.memorial"
        ],
        "details": [
          "details.historic"
        ],
        "datasource": {
          "sourcename": "openstreetmap",
          "attribution": "© OpenStreetMap contributors",
          "license": "Open Database License",
          "url": "https://www.openstreetmap.org/copyright",
          "raw": {
            "lat": 50.0359235,
            "lon": 22.0101014,
            "city": "Rzeszów",
            "name": "Stanisław Nowakowski",
            "osm_id": 13734502537,
            "street": "Adama Stanisława Naruszewicza",
            "historic": "memorial",
            "memorial": "plaque",
            "osm_type": "n",
            "_inherited": "",
            "housenumber": 13
          }
        },
        "historic": {
          "type": "memorial",
          "memorial": "plaque"
        },
        "distance": 453,
        "place_id": "51d1a45e01960236405935d4282499044940f00103f90189e0a332030000009203155374616e6973c5826177204e6f77616b6f77736b69"
      },
      "geometry": {
        "type": "Point",
        "coordinates": [
          22.0101014,
          50.0359235
        ]
      }
    },
    {
      "type": "Feature",
      "properties": {
        "name": "Figura Matki Boskiej Rzeszowskiej",
        "country": "Polska",
        "country_code": "pl",
        "state": "województwo podkarpackie",
        "city": "Rzeszów",
        "postcode": "35-001",
        "suburb": "Śródmieście",
        "street": "Skwer im. św. Jana z Dukli",
        "iso3166_2": "PL-18",
        "lon": 21.9989163,
        "lat": 50.0397661,
        "state_code": "PK",
        "formatted": "Figura Matki Boskiej Rzeszowskiej, Skwer im. św. Jana z Dukli, 35-001 Rzeszów, Polska",
        "address_line1": "Figura Matki Boskiej Rzeszowskiej",
        "address_line2": "Skwer im. św. Jana z Dukli, 35-001 Rzeszów, Polska",
        "categories": [
          "tourism",
          "tourism.sights",
          "tourism.sights.memorial"
        ],
        "details": [
          "details",
          "details.historic",
          "details.wiki_and_media"
        ],
        "datasource": {
          "sourcename": "openstreetmap",
          "attribution": "© OpenStreetMap contributors",
          "license": "Open Database License",
          "url": "https://www.openstreetmap.org/copyright",
          "raw": {
            "lat": 50.0397661,
            "lon": 21.9989163,
            "url": "https://fotopolska.eu/Figura-Matki-Boskiej-Rzeszowskiej-Rzeszow?map_z=19",
            "name": "Figura Matki Boskiej Rzeszowskiej",
            "image": "https://photos.app.goo.gl/SbEguH49kqhHv29E8",
            "osm_id": 5961890792,
            "historic": "memorial",
            "memorial": "statue",
            "osm_type": "n",
            "wikidata": "Q121844843",
            "subject:wikidata": "Q345"
          }
        },
        "website": "https://fotopolska.eu/Figura-Matki-Boskiej-Rzeszowskiej-Rzeszow?map_z=19",
        "wiki_and_media": {
          "wikidata": "Q121844843",
          "image": "https://photos.app.goo.gl/SbEguH49kqhHv29E8"
        },
        "historic": {
          "type": "memorial",
          "memorial": "statue"
        },
        "distance": 477,
        "place_id": "51fbf087fab8ff354059a77e390e17054940f00103f901e83b5b6301000000920321466967757261204d61746b6920426f736b69656a20527a65737a6f77736b69656a"
      },
      "geometry": {
        "type": "Point",
        "coordinates": [
          21.9989163,
          50.0397661
        ]
      }
    },
    {
      "type": "Feature",
      "properties": {
        "name": "Pomnik Chwały Żołnierzy Armii Krajowej Podokręgu Rzeszów AK",
        "country": "Polska",
        "country_code": "pl",
        "state": "województwo podkarpackie",
        "city": "Rzeszów",
        "postcode": "35-032",
        "district": "Baldachówka",
        "suburb": "Śródmieście",
        "street": "Fryderyka Szopena",
        "iso3166_2": "PL-18",
        "lon": 22.0025147,
        "lat": 50.0324997,
        "state_code": "PK",
        "formatted": "Pomnik Chwały Żołnierzy Armii Krajowej Podokręgu Rzeszów AK, Fryderyka Szopena, 35-032 Rzeszów, Polska",
        "address_line1": "Pomnik Chwały Żołnierzy Armii Krajowej Podokręgu Rzeszów AK",
        "address_line2": "Fryderyka Szopena, 35-032 Rzeszów, Polska",
        "categories": [
          "tourism",
          "tourism.sights",
          "tourism.sights.memorial"
        ],
        "details": [
          "details",
          "details.historic",
          "details.wiki_and_media"
        ],
        "datasource": {
          "sourcename": "openstreetmap",
          "attribution": "© OpenStreetMap contributors",
          "license": "Open Database License",
          "url": "https://www.openstreetmap.org/copyright",
          "raw": {
            "lat": 50.0324997,
            "lon": 22.0025147,
            "url": "https://fotopolska.eu/Pomnik_Chwaly_Zolnierzy_AK_Rzeszow?map_z=18",
            "name": "Pomnik Chwały Żołnierzy Armii Krajowej Podokręgu Rzeszów AK",
            "image": "https://photos.app.goo.gl/6iwxCLzwxQHqj6bG7",
            "url:0": "https://polska-org.pl/8388198,Rzeszow,Pomnik_Chwaly_Zolnierzy_Armii_Krajowej_Podokregu_Rzeszow.html",
            "osm_id": 2721317571,
            "website": "https://akrzeszow.pl/wp/?p=1473",
            "historic": "memorial",
            "osm_type": "n",
            "start_date": "11.01.2001",
            "subject:wikidata": "Q152529"
          }
        },
        "website": "https://akrzeszow.pl/wp/?p=1473",
        "website_other": [
          "https://fotopolska.eu/Pomnik_Chwaly_Zolnierzy_AK_Rzeszow?map_z=18"
        ],
        "wiki_and_media": {
          "image": "https://photos.app.goo.gl/6iwxCLzwxQHqj6bG7"
        },
        "historic": {
          "type": "memorial",
          "start_date": "11.01.2001"
        },
        "distance": 512,
        "place_id": "515e42aacda4003640599e503ef328044940f00103f901c30234a200000000920340506f6d6e696b2043687761c5827920c5bb6fc5826e6965727a792041726d6969204b72616a6f77656a20506f646f6b72c499677520527a65737ac3b37720414b"
      },
      "geometry": {
        "type": "Point",
        "coordinates": [
          22.0025147,
          50.0324997
        ]
      }
    },
    {
      "type": "Feature",
      "properties": {
        "name": "Jan Pakosławic",
        "country": "Polska",
        "country_code": "pl",
        "state": "województwo podkarpackie",
        "city": "Rzeszów",
        "postcode": "35-032",
        "district": "Baldachówka",
        "suburb": "Śródmieście",
        "street": "Aleja Pod Kasztanami",
        "iso3166_2": "PL-18",
        "lon": 21.9993883,
        "lat": 50.0333335,
        "state_code": "PK",
        "formatted": "Jan Pakosławic, Aleja Pod Kasztanami, 35-032 Rzeszów, Polska",
        "address_line1": "Jan Pakosławic",
        "address_line2": "Aleja Pod Kasztanami, 35-032 Rzeszów, Polska",
        "categories": [
          "tourism",
          "tourism.sights",
          "tourism.sights.memorial"
        ],
        "details": [
          "details.historic"
        ],
        "datasource": {
          "sourcename": "openstreetmap",
          "attribution": "© OpenStreetMap contributors",
          "license": "Open Database License",
          "url": "https://www.openstreetmap.org/copyright",
          "raw": {
            "lat": 50.0333335,
            "lon": 21.9993883,
            "name": "Jan Pakosławic",
            "osm_id": 3216752629,
            "historic": "memorial",
            "material": "metal",
            "memorial": "statue",
            "osm_type": "n",
            "inscription": "Dyplomata i rycerz króla Kazimierza Wielkiego. Za zasługi dla korony 19.I.1354 rok otrzymał przywilej lokacjny m iasta Rzeszoa."
          }
        },
        "historic": {
          "type": "memorial",
          "memorial": "statue",
          "inscription": "Dyplomata i rycerz króla Kazimierza Wielkiego. Za zasługi dla korony 19.I.1354 rok otrzymał przywilej lokacjny m iasta Rzeszoa."
        },
        "distance": 525,
        "place_id": "514a8160e9d7ff3540593c2eaa4544044940f00103f901f5bfbbbf0000000092030f4a616e2050616b6f73c58261776963"
      },
      "geometry": {
        "type": "Point",
        "coordinates": [
          21.9993883,
          50.0333335
        ]
      }
    },
    {
      "type": "Feature",
      "properties": {
        "name": "Poległym Pracownikom Łączności",
        "country": "Polska",
        "country_code": "pl",
        "state": "województwo podkarpackie",
        "city": "Rzeszów",
        "postcode": "35-068",
        "suburb": "Śródmieście",
        "street": "Adama Asnyka",
        "iso3166_2": "PL-18",
        "lon": 22.0049448,
        "lat": 50.0417862,
        "state_code": "PK",
        "formatted": "Poległym Pracownikom Łączności, Adama Asnyka, 35-068 Rzeszów, Polska",
        "address_line1": "Poległym Pracownikom Łączności",
        "address_line2": "Adama Asnyka, 35-068 Rzeszów, Polska",
        "categories": [
          "tourism",
          "tourism.sights",
          "tourism.sights.memorial"
        ],
        "details": [
          "details.historic"
        ],
        "datasource": {
          "sourcename": "openstreetmap",
          "attribution": "© OpenStreetMap contributors",
          "license": "Open Database License",
          "url": "https://www.openstreetmap.org/copyright",
          "raw": {
            "lat": 50.0417862,
            "lon": 22.0049448,
            "name": "Poległym Pracownikom Łączności",
            "osm_id": 13731803259,
            "historic": "memorial",
            "memorial": "plaque",
            "osm_type": "n"
          }
        },
        "historic": {
          "type": "memorial",
          "memorial": "plaque"
        },
        "distance": 537,
        "place_id": "510749fa0f440136405949360d4059054940f00103f9017bb07a3203000000920322506f6c6567c582796d20507261636f776e696b6f6d20c581c485637a6e6fc59b6369"
      },
      "geometry": {
        "type": "Point",
        "coordinates": [
          22.0049448,
          50.0417862
        ]
      }
    },
    {
      "type": "Feature",
      "properties": {
        "name": "Pomnik gen. Władysława Sikorskiego został wzniesiony staraniem społeczeństwa miasta Rzeszowa i Polonii w 1993 roku",
        "country": "Polska",
        "country_code": "pl",
        "state": "województwo podkarpackie",
        "city": "Rzeszów",
        "postcode": "35-015",
        "suburb": "Pułaskiego",
        "street": "Aleja Gwiazd Sportowców Polonijnych",
        "iso3166_2": "PL-18",
        "lon": 21.9964534,
        "lat": 50.0383579,
        "state_code": "PK",
        "formatted": "Pomnik gen. Władysława Sikorskiego został wzniesiony staraniem społeczeństwa miasta Rzeszowa i Polonii w 1993 roku, Aleja Gwiazd Sportowców Polonijnych, 35-015 Rzeszów, Polska",
        "address_line1": "Pomnik gen. Władysława Sikorskiego został wzniesiony staraniem społeczeństwa miasta Rzeszowa i Polonii w 1993 roku",
        "address_line2": "Aleja Gwiazd Sportowców Polonijnych, 35-015 Rzeszów, Polska",
        "categories": [
          "tourism",
          "tourism.sights",
          "tourism.sights.memorial"
        ],
        "details": [
          "details.historic"
        ],
        "datasource": {
          "sourcename": "openstreetmap",
          "attribution": "© OpenStreetMap contributors",
          "license": "Open Database License",
          "url": "https://www.openstreetmap.org/copyright",
          "raw": {
            "lat": 50.0383579,
            "lon": 21.9964534,
            "name": "Pomnik gen. Władysława Sikorskiego został wzniesiony staraniem społeczeństwa miasta Rzeszowa i Polonii w 1993 roku",
            "osm_id": 13089800075,
            "historic": "memorial",
            "memorial": "plaque",
            "osm_type": "n"
          }
        },
        "historic": {
          "type": "memorial",
          "memorial": "plaque"
        },
        "distance": 561,
        "place_id": "51eefcec9117ff354059890563e9e8044940f00103f9018b7f360c03000000920377506f6d6e696b2067656e2e2057c58261647973c5826177612053696b6f72736b6965676f207a6f737461c58220777a6e696573696f6e792073746172616e69656d2073706fc58265637a65c58473747761206d696173746120527a65737a6f7761206920506f6c6f6e69692077203139393320726f6b75"
      },
      "geometry": {
        "type": "Point",
        "coordinates": [
          21.9964534,
          50.0383579
        ]
      }
    },
    {
      "type": "Feature",
      "properties": {
        "name": "Pomnik Generała Władysława Sikorskiego",
        "country": "Polska",
        "country_code": "pl",
        "state": "województwo podkarpackie",
        "city": "Rzeszów",
        "postcode": "35-015",
        "suburb": "Pułaskiego",
        "street": "Aleja Gwiazd Sportowców Polonijnych",
        "iso3166_2": "PL-18",
        "lon": 21.9963748,
        "lat": 50.0384114,
        "state_code": "PK",
        "formatted": "Pomnik Generała Władysława Sikorskiego, Aleja Gwiazd Sportowców Polonijnych, 35-015 Rzeszów, Polska",
        "address_line1": "Pomnik Generała Władysława Sikorskiego",
        "address_line2": "Aleja Gwiazd Sportowców Polonijnych, 35-015 Rzeszów, Polska",
        "categories": [
          "tourism",
          "tourism.sights",
          "tourism.sights.memorial"
        ],
        "details": [
          "details.historic",
          "details.wiki_and_media"
        ],
        "datasource": {
          "sourcename": "openstreetmap",
          "attribution": "© OpenStreetMap contributors",
          "license": "Open Database License",
          "url": "https://www.openstreetmap.org/copyright",
          "raw": {
            "lat": 50.0384114,
            "lon": 21.9963748,
            "name": "Pomnik Generała Władysława Sikorskiego",
            "image": "https://photos.app.goo.gl/AeG66etS5163rgLL6",
            "osm_id": 1927318831,
            "historic": "memorial",
            "memorial": "statue",
            "osm_type": "n",
            "subject:wikidata": "Q153132"
          }
        },
        "wiki_and_media": {
          "image": "https://photos.app.goo.gl/AeG66etS5163rgLL6"
        },
        "historic": {
          "type": "memorial",
          "memorial": "statue"
        },
        "distance": 568,
        "place_id": "51fd8e3c6b12ff35405994652daaea044940f00103f9012f8de07200000000920329506f6d6e696b2047656e657261c582612057c58261647973c5826177612053696b6f72736b6965676f"
      },
      "geometry": {
        "type": "Point",
        "coordinates": [
          21.9963748,
          50.0384114
        ]
      }
    },
    {
      "type": "Feature",
      "properties": {
        "name": "Menelobica",
        "country": "Polska",
        "country_code": "pl",
        "state": "województwo podkarpackie",
        "city": "Rzeszów",
        "postcode": "35-056",
        "district": "Baldachówka",
        "suburb": "Śródmieście",
        "street": "Tetmajerów",
        "iso3166_2": "PL-18",
        "lon": 22.0082265,
        "lat": 50.0324975,
        "state_code": "PK",
        "formatted": "Menelobica, Tetmajerów, 35-056 Rzeszów, Polska",
        "address_line1": "Menelobica",
        "address_line2": "Tetmajerów, 35-056 Rzeszów, Polska",
        "categories": [
          "tourism",
          "tourism.sights",
          "tourism.sights.memorial"
        ],
        "details": [
          "details",
          "details.wiki_and_media"
        ],
        "datasource": {
          "sourcename": "openstreetmap",
          "attribution": "© OpenStreetMap contributors",
          "license": "Open Database License",
          "url": "https://www.openstreetmap.org/copyright",
          "raw": {
            "lat": 50.0324975,
            "lon": 22.0082265,
            "name": "Menelobica",
            "image": "https://rzeszow-news.pl/wp-content/uploads/2019/07/osrodek.png",
            "osm_id": 13915509216,
            "name:pl": "Menelobica",
            "historic": "memorial",
            "osm_type": "n",
            "description": "Miejsce zbrodni w którym Mateusz D. dokonał pobicia nietrzeźwego bezdomnego.",
            "official_name": "Miejsce pobicia menela przez Kiszaka"
          }
        },
        "description": "Miejsce zbrodni w którym Mateusz D. dokonał pobicia nietrzeźwego bezdomnego.",
        "name_other": {
          "official_name": "Miejsce pobicia menela przez Kiszaka"
        },
        "name_international": {
          "pl": "Menelobica"
        },
        "wiki_and_media": {
          "image": "https://rzeszow-news.pl/wp-content/uploads/2019/07/osrodek.png"
        },
        "historic": {
          "type": "memorial"
        },
        "distance": 585,
        "place_id": "51e675c4211b02364059d3d9c9e028044940f00103f901e0d16d3d0300000092030a4d656e656c6f62696361"
      },
      "geometry": {
        "type": "Point",
        "coordinates": [
          22.0082265,
          50.0324975
        ]
      }
    },
    {
      "type": "Feature",
      "properties": {
        "name": "Wincenty Witos",
        "country": "Polska",
        "country_code": "pl",
        "state": "województwo podkarpackie",
        "city": "Rzeszów",
        "postcode": "35-032",
        "district": "Baldachówka",
        "suburb": "Śródmieście",
        "street": "Aleja Pod Kasztanami",
        "iso3166_2": "PL-18",
        "lon": 22.0000614,
        "lat": 50.032383,
        "state_code": "PK",
        "formatted": "Wincenty Witos, Aleja Pod Kasztanami, 35-032 Rzeszów, Polska",
        "address_line1": "Wincenty Witos",
        "address_line2": "Aleja Pod Kasztanami, 35-032 Rzeszów, Polska",
        "categories": [
          "tourism",
          "tourism.sights",
          "tourism.sights.memorial"
        ],
        "details": [
          "details.historic"
        ],
        "datasource": {
          "sourcename": "openstreetmap",
          "attribution": "© OpenStreetMap contributors",
          "license": "Open Database License",
          "url": "https://www.openstreetmap.org/copyright",
          "raw": {
            "lat": 50.032383,
            "lon": 22.0000614,
            "name": "Wincenty Witos",
            "osm_id": 13734645586,
            "historic": "memorial",
            "memorial": "plaque",
            "osm_type": "n"
          }
        },
        "historic": {
          "type": "memorial",
          "memorial": "plaque"
        },
        "distance": 586,
        "place_id": "51f2fd1e06040036405923f94a2025044940f00103f901520fa6320300000092030e57696e63656e7479205769746f73"
      },
      "geometry": {
        "type": "Point",
        "coordinates": [
          22.0000614,
          50.032383
        ]
      }
    },
    {
      "type": "Feature",
      "properties": {
        "name": "Katastrofa smoleńska",
        "country": "Polska",
        "country_code": "pl",
        "state": "województwo podkarpackie",
        "city": "Rzeszów",
        "postcode": "35-010",
        "suburb": "Pułaskiego",
        "street": "Aleja Józefa Piłsudskiego",
        "iso3166_2": "PL-18",
        "lon": 21.9981685,
        "lat": 50.0409089,
        "state_code": "PK",
        "formatted": "Katastrofa smoleńska, Aleja Józefa Piłsudskiego, 35-010 Rzeszów, Polska",
        "address_line1": "Katastrofa smoleńska",
        "address_line2": "Aleja Józefa Piłsudskiego, 35-010 Rzeszów, Polska",
        "categories": [
          "tourism",
          "tourism.sights",
          "tourism.sights.memorial"
        ],
        "details": [
          "details.wiki_and_media"
        ],
        "datasource": {
          "sourcename": "openstreetmap",
          "attribution": "© OpenStreetMap contributors",
          "license": "Open Database License",
          "url": "https://www.openstreetmap.org/copyright",
          "raw": {
            "lat": 50.0409089,
            "lon": 21.9981685,
            "name": "Katastrofa smoleńska",
            "osm_id": 10057291425,
            "historic": "memorial",
            "osm_type": "n",
            "wikidata": "Q121844726"
          }
        },
        "wiki_and_media": {
          "wikidata": "Q121844726"
        },
        "historic": {
          "type": "memorial"
        },
        "distance": 603,
        "place_id": "51ba6587f887ff354059c3ceb9803c054940f00103f901a1167657020000009203154b6174617374726f666120736d6f6c65c584736b61"
      },
      "geometry": {
        "type": "Point",
        "coordinates": [
          21.9981685,
          50.0409089
        ]
      }
    },
    {
      "type": "Feature",
      "properties": {
        "name": "1050. rocznica Chrztu Polski",
        "country": "Polska",
        "country_code": "pl",
        "state": "województwo podkarpackie",
        "city": "Rzeszów",
        "postcode": "35-010",
        "suburb": "Pułaskiego",
        "street": "Aleja Józefa Piłsudskiego",
        "iso3166_2": "PL-18",
        "lon": 21.9982844,
        "lat": 50.0410325,
        "state_code": "PK",
        "formatted": "1050. rocznica Chrztu Polski, Aleja Józefa Piłsudskiego, 35-010 Rzeszów, Polska",
        "address_line1": "1050. rocznica Chrztu Polski",
        "address_line2": "Aleja Józefa Piłsudskiego, 35-010 Rzeszów, Polska",
        "categories": [
          "tourism",
          "tourism.sights",
          "tourism.sights.memorial"
        ],
        "details": [
          "details.historic",
          "details.wiki_and_media"
        ],
        "datasource": {
          "sourcename": "openstreetmap",
          "attribution": "© OpenStreetMap contributors",
          "license": "Open Database License",
          "url": "https://www.openstreetmap.org/copyright",
          "raw": {
            "lat": 50.0410325,
            "lon": 21.9982844,
            "name": "1050. rocznica Chrztu Polski",
            "osm_id": 10057291424,
            "historic": "memorial",
            "memorial": "stone",
            "osm_type": "n",
            "wikidata": "Q113588724"
          }
        },
        "wiki_and_media": {
          "wikidata": "Q113588724"
        },
        "historic": {
          "type": "memorial",
          "memorial": "stone"
        },
        "distance": 607,
        "place_id": "51631b02918fff3540595cc98e8d40054940f00103f901a01676570200000092031c313035302e20726f637a6e696361204368727a747520506f6c736b69"
      },
      "geometry": {
        "type": "Point",
        "coordinates": [
          21.9982844,
          50.0410325
        ]
      }
    },
    {
      "type": "Feature",
      "properties": {
        "name": "W 100. rocznicę powstania Związku Harcerstwa Polskiego",
        "country": "Polska",
        "country_code": "pl",
        "state": "województwo podkarpackie",
        "city": "Rzeszów",
        "postcode": "35-015",
        "suburb": "Pułaskiego",
        "street": "Aleja Gwiazd Sportowców Polonijnych",
        "iso3166_2": "PL-18",
        "lon": 21.9955935,
        "lat": 50.0388121,
        "state_code": "PK",
        "formatted": "W 100. rocznicę powstania Związku Harcerstwa Polskiego, Aleja Gwiazd Sportowców Polonijnych, 35-015 Rzeszów, Polska",
        "address_line1": "W 100. rocznicę powstania Związku Harcerstwa Polskiego",
        "address_line2": "Aleja Gwiazd Sportowców Polonijnych, 35-015 Rzeszów, Polska",
        "categories": [
          "tourism",
          "tourism.sights",
          "tourism.sights.memorial"
        ],
        "details": [
          "details.historic",
          "details.wiki_and_media"
        ],
        "datasource": {
          "sourcename": "openstreetmap",
          "attribution": "© OpenStreetMap contributors",
          "license": "Open Database License",
          "url": "https://www.openstreetmap.org/copyright",
          "raw": {
            "lat": 50.0388121,
            "lon": 21.9955935,
            "name": "W 100. rocznicę powstania Związku Harcerstwa Polskiego",
            "image": "https://photos.app.goo.gl/qafsq4hPYc5MjjkQ9",
            "osm_id": 13089800077,
            "historic": "memorial",
            "material": "stone",
            "memorial": "stele",
            "osm_type": "n"
          }
        },
        "wiki_and_media": {
          "image": "https://photos.app.goo.gl/qafsq4hPYc5MjjkQ9"
        },
        "historic": {
          "type": "memorial",
          "memorial": "stele"
        },
        "distance": 635,
        "place_id": "51349c3237dffe35405934187ecbf7044940f00103f9018d7f360c0300000092033857203130302e20726f637a6e6963c49920706f777374616e6961205a7769c4857a6b75204861726365727374776120506f6c736b6965676f"
      },
      "geometry": {
        "type": "Point",
        "coordinates": [
          21.9955935,
          50.0388121
        ]
      }
    },
    {
      "type": "Feature",
      "properties": {
        "name": "Krzyż-Pomnik „Ofiarom Komunizmu”",
        "country": "Polska",
        "country_code": "pl",
        "state": "województwo podkarpackie",
        "city": "Rzeszów",
        "postcode": "35-032",
        "district": "Podpromie",
        "suburb": "Śródmieście",
        "street": "Hetmańska",
        "iso3166_2": "PL-18",
        "lon": 21.9993704,
        "lat": 50.0320974,
        "state_code": "PK",
        "formatted": "Krzyż-Pomnik „Ofiarom Komunizmu”, Hetmańska, 35-032 Rzeszów, Polska",
        "address_line1": "Krzyż-Pomnik „Ofiarom Komunizmu”",
        "address_line2": "Hetmańska, 35-032 Rzeszów, Polska",
        "categories": [
          "tourism",
          "tourism.sights",
          "tourism.sights.memorial"
        ],
        "details": [
          "details.historic",
          "details.wiki_and_media"
        ],
        "datasource": {
          "sourcename": "openstreetmap",
          "attribution": "© OpenStreetMap contributors",
          "license": "Open Database License",
          "url": "https://www.openstreetmap.org/copyright",
          "raw": {
            "lat": 50.0320974,
            "lon": 21.9993704,
            "name": "Krzyż-Pomnik „Ofiarom Komunizmu”",
            "image": "https://photos.app.goo.gl/1NdYGNKYjS1z615F6",
            "osm_id": 2232355176,
            "historic": "memorial",
            "memorial": "cross",
            "osm_type": "n"
          }
        },
        "wiki_and_media": {
          "image": "https://photos.app.goo.gl/1NdYGNKYjS1z615F6"
        },
        "historic": {
          "type": "memorial",
          "memorial": "cross"
        },
        "distance": 638,
        "place_id": "51279710bdd6ff354059b0a481c41b044940f00103f90168090f85000000009203254b727a79c5bc2d506f6d6e696b20e2809e4f666961726f6d204b6f6d756e697a6d75e2809d"
      },
      "geometry": {
        "type": "Point",
        "coordinates": [
          21.9993704,
          50.0320974
        ]
      }
    },
    {
      "type": "Feature",
      "properties": {
        "name": "Figura Świętej Katarzyny",
        "country": "Polska",
        "country_code": "pl",
        "state": "województwo podkarpackie",
        "city": "Rzeszów",
        "postcode": "35-073",
        "suburb": "Śródmieście",
        "street": "Artura Grottgera",
        "iso3166_2": "PL-18",
        "lon": 22.0073593,
        "lat": 50.0424096,
        "state_code": "PK",
        "formatted": "Figura Świętej Katarzyny, Artura Grottgera, 35-073 Rzeszów, Polska",
        "address_line1": "Figura Świętej Katarzyny",
        "address_line2": "Artura Grottgera, 35-073 Rzeszów, Polska",
        "categories": [
          "tourism",
          "tourism.sights",
          "tourism.sights.memorial"
        ],
        "details": [
          "details",
          "details.historic",
          "details.wiki_and_media"
        ],
        "datasource": {
          "sourcename": "openstreetmap",
          "attribution": "© OpenStreetMap contributors",
          "license": "Open Database License",
          "url": "https://www.openstreetmap.org/copyright",
          "raw": {
            "lat": 50.0424096,
            "lon": 22.0073593,
            "url": "https://fotopolska.eu/figura-sw.-Katarzyny-Rzeszow?map_z=18",
            "name": "Figura Świętej Katarzyny",
            "image": "https://photos.app.goo.gl/QNujswFEPBj9RDJj9",
            "osm_id": 9543867694,
            "historic": "memorial",
            "memorial": "statue",
            "osm_type": "n"
          }
        },
        "website": "https://fotopolska.eu/figura-sw.-Katarzyny-Rzeszow?map_z=18",
        "wiki_and_media": {
          "image": "https://photos.app.goo.gl/QNujswFEPBj9RDJj9"
        },
        "historic": {
          "type": "memorial",
          "memorial": "statue"
        },
        "distance": 648,
        "place_id": "514bd2904ce201364059aa8482ad6d054940f00103f9012edddb380200000092031a46696775726120c59a7769c49974656a204b617461727a796e79"
      },
      "geometry": {
        "type": "Point",
        "coordinates": [
          22.0073593,
          50.0424096
        ]
      }
    },
    {
      "type": "Feature",
      "properties": {
        "name": "Solidarność",
        "country": "Polska",
        "country_code": "pl",
        "state": "województwo podkarpackie",
        "city": "Rzeszów",
        "postcode": "35-073",
        "suburb": "Śródmieście",
        "street": "Artura Grottgera",
        "iso3166_2": "PL-18",
        "lon": 22.0073161,
        "lat": 50.0424225,
        "state_code": "PK",
        "formatted": "Solidarność, Artura Grottgera, 35-073 Rzeszów, Polska",
        "address_line1": "Solidarność",
        "address_line2": "Artura Grottgera, 35-073 Rzeszów, Polska",
        "categories": [
          "tourism",
          "tourism.sights",
          "tourism.sights.memorial"
        ],
        "details": [
          "details.wiki_and_media"
        ],
        "datasource": {
          "sourcename": "openstreetmap",
          "attribution": "© OpenStreetMap contributors",
          "license": "Open Database License",
          "url": "https://www.openstreetmap.org/copyright",
          "raw": {
            "lat": 50.0424225,
            "lon": 22.0073161,
            "name": "Solidarność",
            "image": "https://photos.app.goo.gl/7jQMJkVKfsqVpdcCA",
            "osm_id": 13090513657,
            "historic": "memorial",
            "osm_type": "n"
          }
        },
        "wiki_and_media": {
          "image": "https://photos.app.goo.gl/7jQMJkVKfsqVpdcCA"
        },
        "historic": {
          "type": "memorial"
        },
        "distance": 648,
        "place_id": "51f93bca77df01364059aa0eb9196e054940f00103f901f962410c0300000092030d536f6c696461726e6fc59bc487"
      },
      "geometry": {
        "type": "Point",
        "coordinates": [
          22.0073161,
          50.0424225
        ]
      }
    },
    {
      "type": "Feature",
      "properties": {
        "name": "Stanisław Maczek",
        "country": "Polska",
        "country_code": "pl",
        "state": "województwo podkarpackie",
        "city": "Rzeszów",
        "postcode": "35-033",
        "suburb": "Pułaskiego",
        "street": "Unii Lubelskiej",
        "iso3166_2": "PL-18",
        "lon": 21.9969244,
        "lat": 50.0320528,
        "state_code": "PK",
        "formatted": "Stanisław Maczek, Unii Lubelskiej, 35-033 Rzeszów, Polska",
        "address_line1": "Stanisław Maczek",
        "address_line2": "Unii Lubelskiej, 35-033 Rzeszów, Polska",
        "categories": [
          "tourism",
          "tourism.sights",
          "tourism.sights.memorial"
        ],
        "details": [
          "details.historic"
        ],
        "datasource": {
          "sourcename": "openstreetmap",
          "attribution": "© OpenStreetMap contributors",
          "license": "Open Database License",
          "url": "https://www.openstreetmap.org/copyright",
          "raw": {
            "lat": 50.0320528,
            "lon": 21.9969244,
            "name": "Stanisław Maczek",
            "osm_id": 13734986227,
            "historic": "memorial",
            "memorial": "plaque",
            "osm_type": "n"
          }
        },
        "historic": {
          "type": "memorial",
          "memorial": "plaque"
        },
        "distance": 748,
        "place_id": "519d95fe6f36ff35405964df5f4e1a044940f00103f901f341ab32030000009203115374616e6973c5826177204d61637a656b"
      },
      "geometry": {
        "type": "Point",
        "coordinates": [
          21.9969244,
          50.0320528
        ]
      }
    },
    {
      "type": "Feature",
      "properties": {
        "name": "Kazimierz Pułaski",
        "country": "Polska",
        "country_code": "pl",
        "state": "województwo podkarpackie",
        "city": "Rzeszów",
        "postcode": "35-011",
        "suburb": "Pułaskiego",
        "street": "Kazimierza Pułaskiego",
        "iso3166_2": "PL-18",
        "lon": 21.9926406,
        "lat": 50.0374295,
        "state_code": "PK",
        "formatted": "Kazimierz Pułaski, Kazimierza Pułaskiego, 35-011 Rzeszów, Polska",
        "address_line1": "Kazimierz Pułaski",
        "address_line2": "Kazimierza Pułaskiego, 35-011 Rzeszów, Polska",
        "categories": [
          "tourism",
          "tourism.sights",
          "tourism.sights.memorial"
        ],
        "details": [
          "details.historic"
        ],
        "datasource": {
          "sourcename": "openstreetmap",
          "attribution": "© OpenStreetMap contributors",
          "license": "Open Database License",
          "url": "https://www.openstreetmap.org/copyright",
          "raw": {
            "lat": 50.0374295,
            "lon": 21.9926406,
            "name": "Kazimierz Pułaski",
            "osm_id": 5168079049,
            "historic": "memorial",
            "memorial": "statue",
            "osm_type": "n",
            "subject:wikidata": "Q381854",
            "subject:wikipedia": "pl:Kazimierz Pułaski"
          }
        },
        "historic": {
          "type": "memorial",
          "memorial": "statue"
        },
        "distance": 815,
        "place_id": "518caec1b11dfe354059ec33677dca044940f00103f901c9a00a34010000009203124b617a696d6965727a205075c58261736b69"
      },
      "geometry": {
        "type": "Point",
        "coordinates": [
          21.9926406,
          50.0374295
        ]
      }
    },
    {
      "type": "Feature",
      "properties": {
        "name": "Pamięci Jana Strzelczyka",
        "country": "Polska",
        "country_code": "pl",
        "state": "województwo podkarpackie",
        "city": "Rzeszów",
        "postcode": "35-051",
        "district": "Podpromie",
        "suburb": "Grota-Roweckiego",
        "street": "Podpromie",
        "housenumber": "10",
        "iso3166_2": "PL-18",
        "lon": 22.0012554,
        "lat": 50.0295937,
        "state_code": "PK",
        "formatted": "Pamięci Jana Strzelczyka, Podpromie 10, 35-051 Rzeszów, Polska",
        "address_line1": "Pamięci Jana Strzelczyka",
        "address_line2": "Podpromie 10, 35-051 Rzeszów, Polska",
        "categories": [
          "tourism",
          "tourism.sights",
          "tourism.sights.memorial"
        ],
        "details": [
          "details.historic"
        ],
        "datasource": {
          "sourcename": "openstreetmap",
          "attribution": "© OpenStreetMap contributors",
          "license": "Open Database License",
          "url": "https://www.openstreetmap.org/copyright",
          "raw": {
            "lat": 50.0295937,
            "lon": 22.0012554,
            "city": "Rzeszów",
            "name": "Pamięci Jana Strzelczyka",
            "level": 0,
            "indoor": "yes",
            "osm_id": 13262004320,
            "street": "Podpromie",
            "historic": "memorial",
            "location": "wall",
            "memorial": "plaque",
            "osm_type": "n",
            "_inherited": "",
            "housenumber": 10
          }
        },
        "historic": {
          "type": "memorial",
          "memorial": "plaque"
        },
        "distance": 847,
        "place_id": "5183f11d46520036405975d5f2b9c9034940f00103f90160207a160300000092031950616d69c4996369204a616e61205374727a656c637a796b61"
      },
      "geometry": {
        "type": "Point",
        "coordinates": [
          22.0012554,
          50.0295937
        ]
      }
    },
    {
      "type": "Feature",
      "properties": {
        "name": "Pomnik św. Jana Nepomucena",
        "country": "Polska",
        "country_code": "pl",
        "state": "województwo podkarpackie",
        "city": "Rzeszów",
        "postcode": "35-315",
        "suburb": "Nowe Miasto",
        "street": "Aleja majora Wacława Kopisto",
        "iso3166_2": "PL-18",
        "lon": 22.0074625,
        "lat": 50.0292643,
        "state_code": "PK",
        "formatted": "Pomnik św. Jana Nepomucena, Aleja majora Wacława Kopisto, 35-315 Rzeszów, Polska",
        "address_line1": "Pomnik św. Jana Nepomucena",
        "address_line2": "Aleja majora Wacława Kopisto, 35-315 Rzeszów, Polska",
        "categories": [
          "tourism",
          "tourism.sights",
          "tourism.sights.memorial"
        ],
        "details": [
          "details.historic"
        ],
        "datasource": {
          "sourcename": "openstreetmap",
          "attribution": "© OpenStreetMap contributors",
          "license": "Open Database License",
          "url": "https://www.openstreetmap.org/copyright",
          "raw": {
            "lat": 50.0292643,
            "lon": 22.0074625,
            "name": "Pomnik św. Jana Nepomucena",
            "osm_id": 2941491836,
            "historic": "memorial",
            "memorial": "statue",
            "osm_type": "n",
            "subject:wikidata": "Q221522"
          }
        },
        "historic": {
          "type": "memorial",
          "memorial": "statue"
        },
        "distance": 895,
        "place_id": "514772f90fe9013640595db8bdeebe034940f00103f9017c9a53af0000000092031b506f6d6e696b20c59b772e204a616e61204e65706f6d7563656e61"
      },
      "geometry": {
        "type": "Point",
        "coordinates": [
          22.0074625,
          50.0292643
        ]
      }
    },
    {
      "type": "Feature",
      "properties": {
        "name": "Pomnik Jana Kochanowskiego",
        "country": "Polska",
        "country_code": "pl",
        "state": "województwo podkarpackie",
        "city": "Rzeszów",
        "postcode": "35-215",
        "suburb": "1000-Lecia",
        "street": "Jana Kochanowskiego",
        "iso3166_2": "PL-18",
        "lon": 22.0008971,
        "lat": 50.0451631,
        "state_code": "PK",
        "formatted": "Pomnik Jana Kochanowskiego, Jana Kochanowskiego, 35-215 Rzeszów, Polska",
        "address_line1": "Pomnik Jana Kochanowskiego",
        "address_line2": "Jana Kochanowskiego, 35-215 Rzeszów, Polska",
        "categories": [
          "tourism",
          "tourism.sights",
          "tourism.sights.memorial",
          "tourism.sights.memorial.monument"
        ],
        "details": [
          "details.wiki_and_media"
        ],
        "datasource": {
          "sourcename": "openstreetmap",
          "attribution": "© OpenStreetMap contributors",
          "license": "Open Database License",
          "url": "https://www.openstreetmap.org/copyright",
          "raw": {
            "lat": 50.0451631,
            "lon": 22.0008971,
            "name": "Pomnik Jana Kochanowskiego",
            "image": "https://photos.app.goo.gl/aEeatkGHNvt9gpQN7",
            "osm_id": 4370061220,
            "historic": "monument",
            "osm_type": "n",
            "wikidata": "Q121252774",
            "subject:wikidata": "Q59737"
          }
        },
        "wiki_and_media": {
          "wikidata": "Q121252774",
          "image": "https://photos.app.goo.gl/aEeatkGHNvt9gpQN7"
        },
        "historic": {
          "type": "monument"
        },
        "distance": 935,
        "place_id": "514729d7ca3a0036405935be8ae7c7054940f00103f901a4d779040100000092031a506f6d6e696b204a616e61204b6f6368616e6f77736b6965676f"
      },
      "geometry": {
        "type": "Point",
        "coordinates": [
          22.0008971,
          50.0451631
        ]
      }
    },
    {
      "type": "Feature",
      "properties": {
        "name": "Pomnik Juliusza Słowackiego",
        "country": "Polska",
        "country_code": "pl",
        "state": "województwo podkarpackie",
        "city": "Rzeszów",
        "postcode": "35-020",
        "suburb": "Pułaskiego",
        "street": "17. Pułku Piechoty",
        "iso3166_2": "PL-18",
        "lon": 21.9938725,
        "lat": 50.0313597,
        "state_code": "PK",
        "formatted": "Pomnik Juliusza Słowackiego, 17. Pułku Piechoty, 35-020 Rzeszów, Polska",
        "address_line1": "Pomnik Juliusza Słowackiego",
        "address_line2": "17. Pułku Piechoty, 35-020 Rzeszów, Polska",
        "categories": [
          "tourism",
          "tourism.sights",
          "tourism.sights.memorial"
        ],
        "details": [
          "details.historic"
        ],
        "datasource": {
          "sourcename": "openstreetmap",
          "attribution": "© OpenStreetMap contributors",
          "license": "Open Database License",
          "url": "https://www.openstreetmap.org/copyright",
          "raw": {
            "lat": 50.0313597,
            "lon": 21.9938725,
            "name": "Pomnik Juliusza Słowackiego",
            "osm_id": 5074259079,
            "historic": "memorial",
            "memorial": "statue",
            "osm_type": "n",
            "subject:wikidata": "Q243267"
          }
        },
        "historic": {
          "type": "memorial",
          "memorial": "statue"
        },
        "distance": 959,
        "place_id": "51cde49b6d6efe354059c9f43a9803044940f00103f901870c732e0100000092031c506f6d6e696b204a756c6975737a612053c5826f7761636b6965676f"
      },
      "geometry": {
        "type": "Point",
        "coordinates": [
          21.9938725,
          50.0313597
        ]
      }
    },
    {
      "type": "Feature",
      "properties": {
        "name": "Stefan Wyszyński",
        "country": "Polska",
        "country_code": "pl",
        "state": "województwo podkarpackie",
        "city": "Rzeszów",
        "postcode": "35-011",
        "suburb": "Pułaskiego",
        "street": "Księdza Józefa Jałowego",
        "iso3166_2": "PL-18",
        "lon": 21.9920933,
        "lat": 50.0412919,
        "state_code": "PK",
        "formatted": "Stefan Wyszyński, Księdza Józefa Jałowego, 35-011 Rzeszów, Polska",
        "address_line1": "Stefan Wyszyński",
        "address_line2": "Księdza Józefa Jałowego, 35-011 Rzeszów, Polska",
        "categories": [
          "tourism",
          "tourism.sights",
          "tourism.sights.memorial"
        ],
        "details": [
          "details.historic",
          "details.wiki_and_media"
        ],
        "datasource": {
          "sourcename": "openstreetmap",
          "attribution": "© OpenStreetMap contributors",
          "license": "Open Database License",
          "url": "https://www.openstreetmap.org/copyright",
          "raw": {
            "lat": 50.0412919,
            "lon": 21.9920933,
            "name": "Stefan Wyszyński",
            "osm_id": 9986571363,
            "historic": "memorial",
            "memorial": "statue",
            "osm_type": "n",
            "wikimedia_commons": "File:Rzeszów (kościół Chrystusa Króla) - pomnik Wyszyńskiego.jpg"
          }
        },
        "wiki_and_media": {
          "wikimedia_commons": "File:Rzeszów (kościół Chrystusa Króla) - pomnik Wyszyńskiego.jpg"
        },
        "historic": {
          "type": "memorial",
          "memorial": "statue"
        },
        "distance": 977,
        "place_id": "51aa1496d3f9fd3540597b0b900d49054940f00103f90163fc3e530200000092031153746566616e205779737a79c584736b69"
      },
      "geometry": {
        "type": "Point",
        "coordinates": [
          21.9920933,
          50.0412919
        ]
      }
    },
    {
      "type": "Feature",
      "properties": {
        "name": "Jan Paweł II",
        "country": "Polska",
        "country_code": "pl",
        "state": "województwo podkarpackie",
        "city": "Rzeszów",
        "postcode": "35-011",
        "suburb": "Pułaskiego",
        "street": "Księdza Józefa Sondeja",
        "iso3166_2": "PL-18",
        "lon": 21.9919304,
        "lat": 50.0413224,
        "state_code": "PK",
        "formatted": "Jan Paweł II, Księdza Józefa Sondeja, 35-011 Rzeszów, Polska",
        "address_line1": "Jan Paweł II",
        "address_line2": "Księdza Józefa Sondeja, 35-011 Rzeszów, Polska",
        "categories": [
          "tourism",
          "tourism.sights",
          "tourism.sights.memorial"
        ],
        "details": [
          "details.historic"
        ],
        "datasource": {
          "sourcename": "openstreetmap",
          "attribution": "© OpenStreetMap contributors",
          "license": "Open Database License",
          "url": "https://www.openstreetmap.org/copyright",
          "raw": {
            "lat": 50.0413224,
            "lon": 21.9919304,
            "name": "Jan Paweł II",
            "osm_id": 9986571364,
            "historic": "memorial",
            "memorial": "statue",
            "osm_type": "n"
          }
        },
        "historic": {
          "type": "memorial",
          "memorial": "statue"
        },
        "distance": 989,
        "place_id": "5180e89326effd354059ce4b6a0d4a054940f00103f90164fc3e530200000092030d4a616e2050617765c582204949"
      },
      "geometry": {
        "type": "Point",
        "coordinates": [
          21.9919304,
          50.0413224
        ]
      }
    },
    {
      "type": "Feature",
      "properties": {
        "name": "Pomnik Ofiar Terroru",
        "country": "Polska",
        "country_code": "pl",
        "state": "województwo podkarpackie",
        "city": "Rzeszów",
        "postcode": "35-216",
        "suburb": "1000-Lecia",
        "street": "Partyzantów",
        "iso3166_2": "PL-18",
        "lon": 22.0046865,
        "lat": 50.0466957,
        "state_code": "PK",
        "formatted": "Pomnik Ofiar Terroru, Partyzantów, 35-216 Rzeszów, Polska",
        "address_line1": "Pomnik Ofiar Terroru",
        "address_line2": "Partyzantów, 35-216 Rzeszów, Polska",
        "categories": [
          "tourism",
          "tourism.sights",
          "tourism.sights.memorial"
        ],
        "details": [
          "details",
          "details.historic",
          "details.wiki_and_media"
        ],
        "datasource": {
          "sourcename": "openstreetmap",
          "attribution": "© OpenStreetMap contributors",
          "license": "Open Database License",
          "url": "https://www.openstreetmap.org/copyright",
          "raw": {
            "lat": 50.04669582116446,
            "lon": 22.004686568638054,
            "url": "https://fotopolska.eu/109988,obiekt.html?map_z=17",
            "name": "Pomnik Ofiar Terroru",
            "image": "https://photos.app.goo.gl/KUQRmVjeKCkR9TNG7",
            "osm_id": 999003497,
            "historic": "memorial",
            "memorial": "war_memorial",
            "osm_type": "w",
            "wikidata": "Q118876499"
          }
        },
        "website": "https://fotopolska.eu/109988,obiekt.html?map_z=17",
        "wiki_and_media": {
          "wikidata": "Q118876499",
          "image": "https://photos.app.goo.gl/KUQRmVjeKCkR9TNG7"
        },
        "historic": {
          "type": "memorial",
          "memorial": "war_memorial"
        },
        "distance": 1080,
        "place_id": "51e907932333013640597061f020fa054940f00102f90169958b3b00000000920314506f6d6e696b204f6669617220546572726f7275"
      },
      "geometry": {
        "type": "Point",
        "coordinates": [
          22.004686568638054,
          50.04669582116446
        ]
      }
    },
    {
      "type": "Feature",
      "properties": {
        "name": "Pomnik Jana Pawła II",
        "country": "Polska",
        "country_code": "pl",
        "state": "województwo podkarpackie",
        "city": "Rzeszów",
        "postcode": "35-241",
        "suburb": "1000-Lecia",
        "street": "Rondo Jana Pawła II",
        "iso3166_2": "PL-18",
        "lon": 21.9993366,
        "lat": 50.0484155,
        "state_code": "PK",
        "formatted": "Pomnik Jana Pawła II, Rondo Jana Pawła II, 35-241 Rzeszów, Polska",
        "address_line1": "Pomnik Jana Pawła II",
        "address_line2": "Rondo Jana Pawła II, 35-241 Rzeszów, Polska",
        "categories": [
          "tourism",
          "tourism.sights",
          "tourism.sights.memorial"
        ],
        "details": [
          "details",
          "details.wiki_and_media"
        ],
        "datasource": {
          "sourcename": "openstreetmap",
          "attribution": "© OpenStreetMap contributors",
          "license": "Open Database License",
          "url": "https://www.openstreetmap.org/copyright",
          "raw": {
            "lat": 50.0484155,
            "lon": 21.9993366,
            "url": "https://fotopolska.eu/Pomnik-Jana-Pawla-II-Rzeszow?map_z=17",
            "name": "Pomnik Jana Pawła II",
            "image": "https://photos.app.goo.gl/Qv6W8qjzRh6yfD1s8",
            "osm_id": 3092870669,
            "historic": "memorial",
            "osm_type": "n",
            "wikidata": "Q121844383",
            "subject:wikidata": "Q989"
          }
        },
        "website": "https://fotopolska.eu/Pomnik-Jana-Pawla-II-Rzeszow?map_z=17",
        "wiki_and_media": {
          "wikidata": "Q121844383",
          "image": "https://photos.app.goo.gl/Qv6W8qjzRh6yfD1s8"
        },
        "historic": {
          "type": "memorial"
        },
        "distance": 1313,
        "place_id": "5122b2fe85d4ff3540594b8fa67a32064940f00103f9010d7659b800000000920315506f6d6e696b204a616e6120506177c58261204949"
      },
      "geometry": {
        "type": "Point",
        "coordinates": [
          21.9993366,
          50.0484155
        ]
      }
    },
    {
      "type": "Feature",
      "properties": {
        "name": "Szczęść Boże 1957-2007",
        "country": "Polska",
        "country_code": "pl",
        "state": "województwo podkarpackie",
        "city": "Rzeszów",
        "postcode": "35-210",
        "suburb": "Króla Stanisława Augusta",
        "street": "Mikołaja Reja",
        "iso3166_2": "PL-18",
        "lon": 21.991114,
        "lat": 50.0485296,
        "state_code": "PK",
        "formatted": "Szczęść Boże 1957-2007, Mikołaja Reja, 35-210 Rzeszów, Polska",
        "address_line1": "Szczęść Boże 1957-2007",
        "address_line2": "Mikołaja Reja, 35-210 Rzeszów, Polska",
        "categories": [
          "tourism",
          "tourism.sights",
          "tourism.sights.memorial"
        ],
        "details": [
          "details.historic"
        ],
        "datasource": {
          "sourcename": "openstreetmap",
          "attribution": "© OpenStreetMap contributors",
          "license": "Open Database License",
          "url": "https://www.openstreetmap.org/copyright",
          "raw": {
            "lat": 50.0485296,
            "lon": 21.991114,
            "name": "Szczęść Boże 1957-2007",
            "osm_id": 12042697790,
            "historic": "memorial",
            "memorial": "stone",
            "osm_type": "n"
          }
        },
        "historic": {
          "type": "memorial",
          "memorial": "stone"
        },
        "distance": 1580,
        "place_id": "51959ba8a5b9fd354059a971ca3736064940f00103f9013efccccd0200000092031a537a637ac499c59bc48720426fc5bc6520313935372d32303037"
      },
      "geometry": {
        "type": "Point",
        "coordinates": [
          21.991114,
          50.0485296
        ]
      }
    },
    {
      "type": "Feature",
      "properties": {
        "name": "Kamień upamiętniający Marcina Borelowskiego \"Lelewela\"",
        "country": "Polska",
        "country_code": "pl",
        "state": "województwo podkarpackie",
        "city": "Rzeszów",
        "postcode": "35-210",
        "suburb": "Króla Stanisława Augusta",
        "street": "Krakowska",
        "iso3166_2": "PL-18",
        "lon": 21.9853017,
        "lat": 50.0446458,
        "state_code": "PK",
        "formatted": "Kamień upamiętniający Marcina Borelowskiego \"Lelewela\", Krakowska, 35-210 Rzeszów, Polska",
        "address_line1": "Kamień upamiętniający Marcina Borelowskiego \"Lelewela\"",
        "address_line2": "Krakowska, 35-210 Rzeszów, Polska",
        "categories": [
          "tourism",
          "tourism.sights",
          "tourism.sights.memorial"
        ],
        "details": [
          "details",
          "details.historic"
        ],
        "datasource": {
          "sourcename": "openstreetmap",
          "attribution": "© OpenStreetMap contributors",
          "license": "Open Database License",
          "url": "https://www.openstreetmap.org/copyright",
          "raw": {
            "lat": 50.0446458,
            "lon": 21.9853017,
            "name": "Kamień upamiętniający Marcina Borelowskiego \"Lelewela\"",
            "osm_id": 10803827971,
            "website": "https://erzeszow.pl/1073-zabytki-rzeszowa/24283-pomniki/24436-kamien-upamietniajacy-marcina-borelowskiego-lelewela.html",
            "historic": "memorial",
            "material": "stone",
            "memorial": "stone;plaque",
            "osm_type": "n",
            "start_date": "1983-09-06",
            "inscription": "PLAC MARCINA BORELOWSKIEGO \"LELEWELA\" PUŁKOWNIKA WOJSK POWSTANIA 1863 RZEMIEŚLNIKA\nW 120 ROCZNICĘ ŚMIERCI 6.IX.1983 RZEMIOSŁO RZESZOWA"
          }
        },
        "website": "https://erzeszow.pl/1073-zabytki-rzeszowa/24283-pomniki/24436-kamien-upamietniajacy-marcina-borelowskiego-lelewela.html",
        "historic": {
          "type": "memorial",
          "start_date": "1983-09-06",
          "memorial": "stone;plaque",
          "inscription": "PLAC MARCINA BORELOWSKIEGO \"LELEWELA\" PUŁKOWNIKA WOJSK POWSTANIA 1863 RZEMIEŚLNIKA\nW 120 ROCZNICĘ ŚMIERCI 6.IX.1983 RZEMIOSŁO RZESZOWA"
        },
        "distance": 1587,
        "place_id": "51763172bb3cfc354059ae731df4b6054940f00103f9010355f583020000009203394b616d6965c584207570616d69c499746e69616ac4856379204d617263696e6120426f72656c6f77736b6965676f20224c656c6577656c6122"
      },
      "geometry": {
        "type": "Point",
        "coordinates": [
          21.9853017,
          50.0446458
        ]
      }
    },
    {
      "type": "Feature",
      "properties": {
        "name": "Wincenty Witos",
        "country": "Polska",
        "country_code": "pl",
        "state": "województwo podkarpackie",
        "city": "Rzeszów",
        "postcode": "35-225",
        "suburb": "Króla Stanisława Augusta",
        "street": "Rondo Unii Europejskiej",
        "iso3166_2": "PL-18",
        "lon": 21.982298,
        "lat": 50.0449472,
        "state_code": "PK",
        "formatted": "Wincenty Witos, Rondo Unii Europejskiej, 35-225 Rzeszów, Polska",
        "address_line1": "Wincenty Witos",
        "address_line2": "Rondo Unii Europejskiej, 35-225 Rzeszów, Polska",
        "categories": [
          "tourism",
          "tourism.sights",
          "tourism.sights.memorial"
        ],
        "details": [
          "details.historic"
        ],
        "datasource": {
          "sourcename": "openstreetmap",
          "attribution": "© OpenStreetMap contributors",
          "license": "Open Database License",
          "url": "https://www.openstreetmap.org/copyright",
          "raw": {
            "lat": 50.0449472,
            "lon": 21.982298,
            "name": "Wincenty Witos",
            "osm_id": 8393292008,
            "historic": "memorial",
            "memorial": "stone",
            "osm_type": "n",
            "subject:wikidata": "Q540177",
            "subject:wikipedia": "pl:Wincenty Witos"
          }
        },
        "historic": {
          "type": "memorial",
          "memorial": "stone"
        },
        "distance": 1788,
        "place_id": "511cedb8e177fb354059fd0571d4c0054940f00103f901e87847f40100000092030e57696e63656e7479205769746f73"
      },
      "geometry": {
        "type": "Point",
        "coordinates": [
          21.982298,
          50.0449472
        ]
      }
    },
    {
      "type": "Feature",
      "properties": {
        "name": "Park Inwalidów Wojennych",
        "country": "Polska",
        "country_code": "pl",
        "state": "województwo podkarpackie",
        "city": "Rzeszów",
        "postcode": "35-007",
        "suburb": "Piastów",
        "street": "Dominikańska",
        "iso3166_2": "PL-18",
        "lon": 21.9878381,
        "lat": 50.0217313,
        "state_code": "PK",
        "formatted": "Park Inwalidów Wojennych, Dominikańska, 35-007 Rzeszów, Polska",
        "address_line1": "Park Inwalidów Wojennych",
        "address_line2": "Dominikańska, 35-007 Rzeszów, Polska",
        "categories": [
          "tourism",
          "tourism.sights",
          "tourism.sights.memorial",
          "wheelchair",
          "wheelchair.yes"
        ],
        "details": [
          "details.facilities",
          "details.historic"
        ],
        "datasource": {
          "sourcename": "openstreetmap",
          "attribution": "© OpenStreetMap contributors",
          "license": "Open Database License",
          "url": "https://www.openstreetmap.org/copyright",
          "raw": {
            "lat": 50.0217313,
            "lon": 21.9878381,
            "name": "Park Inwalidów Wojennych",
            "osm_id": 1918645522,
            "historic": "memorial",
            "memorial": "stone",
            "osm_type": "n",
            "wheelchair": "yes"
          }
        },
        "facilities": {
          "wheelchair": true
        },
        "historic": {
          "type": "memorial",
          "memorial": "stone"
        },
        "distance": 2056,
        "place_id": "51273e2df5e2fc35405958665b17c8024940f00103f90112355c72000000009203195061726b20496e77616c6964c3b37720576f6a656e6e796368"
      },
      "geometry": {
        "type": "Point",
        "coordinates": [
          21.9878381,
          50.0217313
        ]
      }
    },
    {
      "type": "Feature",
      "properties": {
        "name": "Pomnik Matki Bożej",
        "country": "Polska",
        "country_code": "pl",
        "state": "województwo podkarpackie",
        "city": "Rzeszów",
        "postcode": "35-225",
        "suburb": "Generała Władysława Andersa",
        "street": "Krakowska",
        "iso3166_2": "PL-18",
        "lon": 21.9787656,
        "lat": 50.0472678,
        "state_code": "PK",
        "formatted": "Pomnik Matki Bożej, Krakowska, 35-225 Rzeszów, Polska",
        "address_line1": "Pomnik Matki Bożej",
        "address_line2": "Krakowska, 35-225 Rzeszów, Polska",
        "categories": [
          "tourism",
          "tourism.sights",
          "tourism.sights.memorial",
          "tourism.sights.memorial.monument"
        ],
        "details": [],
        "datasource": {
          "sourcename": "openstreetmap",
          "attribution": "© OpenStreetMap contributors",
          "license": "Open Database License",
          "url": "https://www.openstreetmap.org/copyright",
          "raw": {
            "lat": 50.0472678,
            "lon": 21.9787656,
            "name": "Pomnik Matki Bożej",
            "osm_id": 9078266145,
            "historic": "monument",
            "osm_type": "n"
          }
        },
        "historic": {
          "type": "monument"
        },
        "distance": 2138,
        "place_id": "512773e26190fa354059b2930bdf0c064940f00103f90121591b1d02000000920313506f6d6e696b204d61746b6920426fc5bc656a"
      },
      "geometry": {
        "type": "Point",
        "coordinates": [
          21.9787656,
          50.0472678
        ]
      }
    },
    {
      "type": "Feature",
      "properties": {
        "name": "Jezus w Koronie",
        "country": "Polska",
        "country_code": "pl",
        "state": "województwo podkarpackie",
        "city": "Rzeszów",
        "postcode": "35-225",
        "suburb": "Generała Władysława Andersa",
        "street": "Krakowska",
        "iso3166_2": "PL-18",
        "lon": 21.978629,
        "lat": 50.0475399,
        "state_code": "PK",
        "formatted": "Jezus w Koronie, Krakowska, 35-225 Rzeszów, Polska",
        "address_line1": "Jezus w Koronie",
        "address_line2": "Krakowska, 35-225 Rzeszów, Polska",
        "categories": [
          "tourism",
          "tourism.sights",
          "tourism.sights.memorial",
          "tourism.sights.memorial.monument"
        ],
        "details": [],
        "datasource": {
          "sourcename": "openstreetmap",
          "attribution": "© OpenStreetMap contributors",
          "license": "Open Database License",
          "url": "https://www.openstreetmap.org/copyright",
          "raw": {
            "lat": 50.0475399,
            "lon": 21.978629,
            "name": "Jezus w Koronie",
            "osm_id": 9078266146,
            "historic": "monument",
            "osm_type": "n"
          }
        },
        "historic": {
          "type": "monument"
        },
        "distance": 2163,
        "place_id": "51cdea1d6e87fa354059a7e095c915064940f00103f90122591b1d0200000092030f4a657a75732077204b6f726f6e6965"
      },
      "geometry": {
        "type": "Point",
        "coordinates": [
          21.978629,
          50.0475399
        ]
      }
    },
    {
      "type": "Feature",
      "properties": {
        "name": "W Hołdzie Zesłańcom",
        "country": "Polska",
        "country_code": "pl",
        "state": "województwo podkarpackie",
        "city": "Rzeszów",
        "postcode": "35-225",
        "suburb": "Generała Władysława Andersa",
        "street": "Władysława Broniewskiego",
        "iso3166_2": "PL-18",
        "lon": 21.9798389,
        "lat": 50.0497336,
        "state_code": "PK",
        "formatted": "W Hołdzie Zesłańcom, Władysława Broniewskiego, 35-225 Rzeszów, Polska",
        "address_line1": "W Hołdzie Zesłańcom",
        "address_line2": "Władysława Broniewskiego, 35-225 Rzeszów, Polska",
        "categories": [
          "tourism",
          "tourism.sights",
          "tourism.sights.memorial"
        ],
        "details": [
          "details.historic"
        ],
        "datasource": {
          "sourcename": "openstreetmap",
          "attribution": "© OpenStreetMap contributors",
          "license": "Open Database License",
          "url": "https://www.openstreetmap.org/copyright",
          "raw": {
            "lat": 50.0497336,
            "lon": 21.9798389,
            "name": "W Hołdzie Zesłańcom",
            "osm_id": 9190605518,
            "historic": "memorial",
            "material": "concrete",
            "memorial": "plaque",
            "osm_type": "n"
          }
        },
        "historic": {
          "type": "memorial",
          "memorial": "plaque"
        },
        "distance": 2236,
        "place_id": "513fd9deb8d6fa35405995c1acab5d064940f00103f901ce82cd23020000009203165720486fc582647a6965205a6573c58261c584636f6d"
      },
      "geometry": {
        "type": "Point",
        "coordinates": [
          21.9798389,
          50.0497336
        ]
      }
    },
    {
      "type": "Feature",
      "properties": {
        "name": "Pomnik Sybiraków",
        "country": "Polska",
        "country_code": "pl",
        "state": "województwo podkarpackie",
        "city": "Rzeszów",
        "postcode": "35-225",
        "suburb": "Generała Władysława Andersa",
        "street": "Władysława Broniewskiego",
        "iso3166_2": "PL-18",
        "lon": 21.9797857,
        "lat": 50.0496948,
        "state_code": "PK",
        "formatted": "Pomnik Sybiraków, Władysława Broniewskiego, 35-225 Rzeszów, Polska",
        "address_line1": "Pomnik Sybiraków",
        "address_line2": "Władysława Broniewskiego, 35-225 Rzeszów, Polska",
        "categories": [
          "tourism",
          "tourism.sights",
          "tourism.sights.memorial"
        ],
        "details": [
          "details.artwork",
          "details.historic",
          "details.wiki_and_media"
        ],
        "datasource": {
          "sourcename": "openstreetmap",
          "attribution": "© OpenStreetMap contributors",
          "license": "Open Database License",
          "url": "https://www.openstreetmap.org/copyright",
          "raw": {
            "lat": 50.0496948,
            "lon": 21.9797857,
            "name": "Pomnik Sybiraków",
            "osm_id": 3929696904,
            "historic": "memorial",
            "osm_type": "n",
            "wikidata": "Q18171022",
            "wikipedia": "pl:Pomnik Sybiraków w Rzeszowie",
            "start_date": "2014-09-17",
            "artist_name": "Jakub Ataman",
            "subject:wikidata": "Q7659544"
          }
        },
        "wiki_and_media": {
          "wikidata": "Q18171022",
          "wikipedia": "pl:Pomnik Sybiraków w Rzeszowie"
        },
        "historic": {
          "type": "memorial",
          "start_date": "2014-09-17"
        },
        "artwork": {
          "artist_name": "Jakub Ataman",
          "start_date": "2014-09-17"
        },
        "distance": 2237,
        "place_id": "51a696523cd3fa354059006432665c064940f00103f901886a3aea00000000920311506f6d6e696b205379626972616bc3b377"
      },
      "geometry": {
        "type": "Point",
        "coordinates": [
          21.9797857,
          50.0496948
        ]
      }
    },
    {
      "type": "Feature",
      "properties": {
        "name": "W Hołdzie Zesłańcom",
        "country": "Polska",
        "country_code": "pl",
        "state": "województwo podkarpackie",
        "city": "Rzeszów",
        "postcode": "35-225",
        "suburb": "Generała Władysława Andersa",
        "street": "Władysława Broniewskiego",
        "iso3166_2": "PL-18",
        "lon": 21.9796506,
        "lat": 50.0496481,
        "state_code": "PK",
        "formatted": "W Hołdzie Zesłańcom, Władysława Broniewskiego, 35-225 Rzeszów, Polska",
        "address_line1": "W Hołdzie Zesłańcom",
        "address_line2": "Władysława Broniewskiego, 35-225 Rzeszów, Polska",
        "categories": [
          "tourism",
          "tourism.sights",
          "tourism.sights.memorial"
        ],
        "details": [
          "details.historic"
        ],
        "datasource": {
          "sourcename": "openstreetmap",
          "attribution": "© OpenStreetMap contributors",
          "license": "Open Database License",
          "url": "https://www.openstreetmap.org/copyright",
          "raw": {
            "lat": 50.0496481,
            "lon": 21.9796506,
            "name": "W Hołdzie Zesłańcom",
            "osm_id": 9413701525,
            "historic": "memorial",
            "material": "concrete",
            "memorial": "plaque",
            "osm_type": "n"
          }
        },
        "historic": {
          "type": "memorial",
          "memorial": "plaque"
        },
        "distance": 2241,
        "place_id": "51bc81b861cafa3540597ee772de5a064940f00103f90195af1931020000009203165720486fc582647a6965205a6573c58261c584636f6d"
      },
      "geometry": {
        "type": "Point",
        "coordinates": [
          21.9796506,
          50.0496481
        ]
      }
    },
    {
      "type": "Feature",
      "properties": {
        "name": "Figura Najśw. Serca Pana Jezusa",
        "country": "Polska",
        "country_code": "pl",
        "state": "województwo podkarpackie",
        "city": "Rzeszów",
        "postcode": "35-328",
        "suburb": "Paderewskiego",
        "street": "Aleksandra Puszkina",
        "iso3166_2": "PL-18",
        "lon": 22.0232007,
        "lat": 50.0199775,
        "state_code": "PK",
        "formatted": "Figura Najśw. Serca Pana Jezusa, Aleksandra Puszkina, 35-328 Rzeszów, Polska",
        "address_line1": "Figura Najśw. Serca Pana Jezusa",
        "address_line2": "Aleksandra Puszkina, 35-328 Rzeszów, Polska",
        "categories": [
          "tourism",
          "tourism.sights",
          "tourism.sights.memorial",
          "tourism.sights.memorial.monument"
        ],
        "details": [
          "details.place_of_worship"
        ],
        "datasource": {
          "sourcename": "openstreetmap",
          "attribution": "© OpenStreetMap contributors",
          "license": "Open Database License",
          "url": "https://www.openstreetmap.org/copyright",
          "raw": {
            "lat": 50.0199775,
            "lon": 22.0232007,
            "name": "Figura Najśw. Serca Pana Jezusa",
            "osm_id": 3305364768,
            "historic": "monument",
            "osm_type": "n",
            "religion": "christian",
            "denomination": "roman_catholic",
            "subject:wikidata": "Q302"
          }
        },
        "historic": {
          "type": "monument"
        },
        "place_of_worship": {
          "religion": "christian",
          "denomination": "roman_catholic"
        },
        "distance": 2340,
        "place_id": "518bbe277bf005364059f3936a9f8e024940f00103f90120dd03c500000000920320466967757261204e616ac59b772e2053657263612050616e61204a657a757361"
      },
      "geometry": {
        "type": "Point",
        "coordinates": [
          22.0232007,
          50.0199775
        ]
      }
    },
    {
      "type": "Feature",
      "properties": {
        "name": "Pomnik Ignacego Łukasiewicza",
        "country": "Polska",
        "country_code": "pl",
        "state": "województwo podkarpackie",
        "city": "Rzeszów",
        "postcode": "35-084",
        "suburb": "Dąbrowskiego",
        "street": "Profesora Stanisława Kusia",
        "iso3166_2": "PL-18",
        "lon": 21.9872155,
        "lat": 50.0189088,
        "state_code": "PK",
        "formatted": "Pomnik Ignacego Łukasiewicza, Profesora Stanisława Kusia, 35-084 Rzeszów, Polska",
        "address_line1": "Pomnik Ignacego Łukasiewicza",
        "address_line2": "Profesora Stanisława Kusia, 35-084 Rzeszów, Polska",
        "categories": [
          "tourism",
          "tourism.sights",
          "tourism.sights.memorial",
          "tourism.sights.memorial.monument"
        ],
        "details": [],
        "datasource": {
          "sourcename": "openstreetmap",
          "attribution": "© OpenStreetMap contributors",
          "license": "Open Database License",
          "url": "https://www.openstreetmap.org/copyright",
          "raw": {
            "lat": 50.0189088,
            "lon": 21.9872155,
            "name": "Pomnik Ignacego Łukasiewicza",
            "osm_id": 4723223627,
            "historic": "monument",
            "osm_type": "n",
            "subject:wikidata": "Q28978"
          }
        },
        "historic": {
          "type": "monument"
        },
        "distance": 2344,
        "place_id": "51b39aae27bafc354059a5cd829a6b024940f00103f9014bac86190100000092031d506f6d6e696b2049676e616365676f20c581756b617369657769637a61"
      },
      "geometry": {
        "type": "Point",
        "coordinates": [
          21.9872155,
          50.0189088
        ]
      }
    },
    {
      "type": "Feature",
      "properties": {
        "name": "Czarny Krzyż",
        "country": "Polska",
        "country_code": "pl",
        "state": "województwo podkarpackie",
        "city": "Rzeszów",
        "postcode": "35-231",
        "suburb": "Staromieście",
        "street": "Staromiejska",
        "iso3166_2": "PL-18",
        "lon": 22.0015431,
        "lat": 50.0580283,
        "state_code": "PK",
        "formatted": "Czarny Krzyż, Staromiejska, 35-231 Rzeszów, Polska",
        "address_line1": "Czarny Krzyż",
        "address_line2": "Staromiejska, 35-231 Rzeszów, Polska",
        "categories": [
          "tourism",
          "tourism.sights",
          "tourism.sights.memorial",
          "tourism.sights.memorial.wayside_cross"
        ],
        "details": [
          "details.historic",
          "details.place_of_worship"
        ],
        "datasource": {
          "sourcename": "openstreetmap",
          "attribution": "© OpenStreetMap contributors",
          "license": "Open Database License",
          "url": "https://www.openstreetmap.org/copyright",
          "raw": {
            "lat": 50.0580283,
            "lon": 22.0015431,
            "name": "Czarny Krzyż",
            "osm_id": 4923664987,
            "historic": "wayside_cross",
            "osm_type": "n",
            "religion": "christian",
            "start_date": 1888,
            "denomination": "catholic"
          }
        },
        "historic": {
          "type": "wayside_cross",
          "start_date": 1888
        },
        "place_of_worship": {
          "religion": "christian",
          "denomination": "catholic"
        },
        "distance": 2346,
        "place_id": "51d208ec206500364059095fa9786d074940f00103f9015b2a79250100000092030d437a61726e79204b727a79c5bc"
      },
      "geometry": {
        "type": "Point",
        "coordinates": [
          22.0015431,
          50.0580283
        ]
      }
    },
    {
      "type": "Feature",
      "properties": {
        "name": "Pomnik Wolności 1918-1928",
        "country": "Polska",
        "country_code": "pl",
        "state": "województwo podkarpackie",
        "city": "Rzeszów",
        "postcode": "35-078",
        "suburb": "Drabinianka",
        "street": "Eugeniusza Kwiatkowskiego",
        "iso3166_2": "PL-18",
        "lon": 21.9997676,
        "lat": 50.0129555,
        "state_code": "PK",
        "formatted": "Pomnik Wolności 1918-1928, Eugeniusza Kwiatkowskiego, 35-078 Rzeszów, Polska",
        "address_line1": "Pomnik Wolności 1918-1928",
        "address_line2": "Eugeniusza Kwiatkowskiego, 35-078 Rzeszów, Polska",
        "categories": [
          "tourism",
          "tourism.sights",
          "tourism.sights.memorial"
        ],
        "details": [
          "details.historic"
        ],
        "datasource": {
          "sourcename": "openstreetmap",
          "attribution": "© OpenStreetMap contributors",
          "license": "Open Database License",
          "url": "https://www.openstreetmap.org/copyright",
          "raw": {
            "lat": 50.0129555,
            "lon": 21.9997676,
            "name": "Pomnik Wolności 1918-1928",
            "osm_id": 7770748909,
            "historic": "memorial",
            "memorial": "statue",
            "osm_type": "n",
            "start_date": 1928
          }
        },
        "historic": {
          "type": "memorial",
          "start_date": 1928,
          "memorial": "statue"
        },
        "distance": 2692,
        "place_id": "51b499f9c4f0ff354059d3669c86a8014940f00103f901ed372ccf0100000092031a506f6d6e696b20576f6c6e6fc59b636920313931382d31393238"
      },
      "geometry": {
        "type": "Point",
        "coordinates": [
          21.9997676,
          50.0129555
        ]
      }
    },
    {
      "type": "Feature",
      "properties": {
        "name": "Osada z epoki kamienia",
        "country": "Polska",
        "country_code": "pl",
        "state": "województwo podkarpackie",
        "city": "Rzeszów",
        "postcode": "35-321",
        "suburb": "Załęże",
        "street": "Rzecha",
        "iso3166_2": "PL-18",
        "lon": 22.0263563,
        "lat": 50.0581437,
        "state_code": "PK",
        "formatted": "Osada z epoki kamienia, Rzecha, 35-321 Rzeszów, Polska",
        "address_line1": "Osada z epoki kamienia",
        "address_line2": "Rzecha, 35-321 Rzeszów, Polska",
        "categories": [
          "heritage",
          "tourism",
          "tourism.sights",
          "tourism.sights.archaeological_site"
        ],
        "details": [
          "details",
          "details.heritage"
        ],
        "datasource": {
          "sourcename": "openstreetmap",
          "attribution": "© OpenStreetMap contributors",
          "license": "Open Database License",
          "url": "https://www.openstreetmap.org/copyright",
          "raw": {
            "lat": 50.0581437,
            "lon": 22.0263563,
            "name": "Osada z epoki kamienia",
            "osm_id": 5167499664,
            "ref:nid": "A-689",
            "heritage": 2,
            "historic": "archaeological_site",
            "osm_type": "n",
            "archaeological_site": "settlement"
          }
        },
        "ref_other": {
          "nid": "A-689"
        },
        "historic": {
          "type": "archaeological_site"
        },
        "heritage": {
          "level": 2,
          "ref": "A-689"
        },
        "distance": 2845,
        "place_id": "51278b5649bf06364059f6fbb44071074940f00103f90190c90134010000009203164f73616461207a2065706f6b69206b616d69656e6961"
      },
      "geometry": {
        "type": "Point",
        "coordinates": [
          22.0263563,
          50.0581437
        ]
      }
    },
    {
      "type": "Feature",
      "properties": {
        "name": "Błogosławiona Karolina",
        "country": "Polska",
        "country_code": "pl",
        "state": "województwo podkarpackie",
        "city": "Rzeszów",
        "postcode": "35-550",
        "district": "Kantorówka",
        "suburb": "Franciszka Kotuli",
        "street": "Błogosławionej Karoliny",
        "iso3166_2": "PL-18",
        "lon": 21.9653528,
        "lat": 50.0429075,
        "state_code": "PK",
        "formatted": "Błogosławiona Karolina, Błogosławionej Karoliny, 35-550 Rzeszów, Polska",
        "address_line1": "Błogosławiona Karolina",
        "address_line2": "Błogosławionej Karoliny, 35-550 Rzeszów, Polska",
        "categories": [
          "tourism",
          "tourism.sights",
          "tourism.sights.memorial",
          "wheelchair",
          "wheelchair.yes"
        ],
        "details": [
          "details.facilities",
          "details.historic"
        ],
        "datasource": {
          "sourcename": "openstreetmap",
          "attribution": "© OpenStreetMap contributors",
          "license": "Open Database License",
          "url": "https://www.openstreetmap.org/copyright",
          "raw": {
            "lat": 50.0429075,
            "lon": 21.9653528,
            "name": "Błogosławiona Karolina",
            "osm_id": 3196224780,
            "historic": "memorial",
            "memorial": "statue",
            "osm_type": "n",
            "wheelchair": "yes"
          }
        },
        "facilities": {
          "wheelchair": true
        },
        "historic": {
          "type": "memorial",
          "memorial": "statue"
        },
        "distance": 2845,
        "place_id": "511f1a715c21f735405966a032fe7d054940f00103f9010c8582be0000000092031842c5826f676f73c5826177696f6e61204b61726f6c696e61"
      },
      "geometry": {
        "type": "Point",
        "coordinates": [
          21.9653528,
          50.0429075
        ]
      }
    },
    {
      "type": "Feature",
      "properties": {
        "name": "Polegli Żołnierze Radzieccy",
        "country": "Polska",
        "country_code": "pl",
        "state": "województwo podkarpackie",
        "city": "Rzeszów",
        "postcode": "35-038",
        "suburb": "Zawiszy Czarnego",
        "street": "Zawiszy Czarnego",
        "iso3166_2": "PL-18",
        "lon": 21.9747235,
        "lat": 50.0189979,
        "state_code": "PK",
        "formatted": "Polegli Żołnierze Radzieccy, Zawiszy Czarnego, 35-038 Rzeszów, Polska",
        "address_line1": "Polegli Żołnierze Radzieccy",
        "address_line2": "Zawiszy Czarnego, 35-038 Rzeszów, Polska",
        "categories": [
          "tourism",
          "tourism.sights",
          "tourism.sights.memorial"
        ],
        "details": [
          "details.historic"
        ],
        "datasource": {
          "sourcename": "openstreetmap",
          "attribution": "© OpenStreetMap contributors",
          "license": "Open Database License",
          "url": "https://www.openstreetmap.org/copyright",
          "raw": {
            "lat": 50.0189979,
            "lon": 21.9747235,
            "name": "Polegli Żołnierze Radzieccy",
            "osm_id": 3823342238,
            "historic": "memorial",
            "memorial": "war_memorial",
            "osm_type": "n",
            "subject:wikidata": "Q251395"
          }
        },
        "historic": {
          "type": "memorial",
          "memorial": "war_memorial"
        },
        "distance": 2900,
        "place_id": "518524b37a87f9354059aa98ef856e024940f00103f9019e92e3e30000000092031d506f6c65676c6920c5bb6fc5826e6965727a65205261647a6965636379"
      },
      "geometry": {
        "type": "Point",
        "coordinates": [
          21.9747235,
          50.0189979
        ]
      }
    },
    {
      "type": "Feature",
      "properties": {
        "name": "Polegli Żołnierze Ludowego Wojska Polskiego",
        "country": "Polska",
        "country_code": "pl",
        "state": "województwo podkarpackie",
        "city": "Rzeszów",
        "postcode": "35-038",
        "suburb": "Zawiszy Czarnego",
        "street": "Zawiszy Czarnego",
        "iso3166_2": "PL-18",
        "lon": 21.9747276,
        "lat": 50.0184558,
        "state_code": "PK",
        "formatted": "Polegli Żołnierze Ludowego Wojska Polskiego, Zawiszy Czarnego, 35-038 Rzeszów, Polska",
        "address_line1": "Polegli Żołnierze Ludowego Wojska Polskiego",
        "address_line2": "Zawiszy Czarnego, 35-038 Rzeszów, Polska",
        "categories": [
          "tourism",
          "tourism.sights",
          "tourism.sights.memorial"
        ],
        "details": [
          "details.historic"
        ],
        "datasource": {
          "sourcename": "openstreetmap",
          "attribution": "© OpenStreetMap contributors",
          "license": "Open Database License",
          "url": "https://www.openstreetmap.org/copyright",
          "raw": {
            "lat": 50.0184558,
            "lon": 21.9747276,
            "name": "Polegli Żołnierze Ludowego Wojska Polskiego",
            "osm_id": 3823342237,
            "historic": "memorial",
            "memorial": "stone",
            "osm_type": "n"
          }
        },
        "historic": {
          "type": "memorial",
          "memorial": "stone"
        },
        "distance": 2942,
        "place_id": "5132827cbf87f9354059f4b578c25c024940f00103f9019d92e3e30000000092032d506f6c65676c6920c5bb6fc5826e6965727a65204c75646f7765676f20576f6a736b6120506f6c736b6965676f"
      },
      "geometry": {
        "type": "Point",
        "coordinates": [
          21.9747276,
          50.0184558
        ]
      }
    },
    {
      "type": "Feature",
      "properties": {
        "name": "Drabinianka",
        "country": "Polska",
        "country_code": "pl",
        "state": "województwo podkarpackie",
        "city": "Rzeszów",
        "postcode": "35-312",
        "suburb": "Drabinianka",
        "street": "Strażacka",
        "iso3166_2": "PL-18",
        "lon": 22.0030236,
        "lat": 50.0096378,
        "state_code": "PK",
        "formatted": "Drabinianka, Strażacka, 35-312 Rzeszów, Polska",
        "address_line1": "Drabinianka",
        "address_line2": "Strażacka, 35-312 Rzeszów, Polska",
        "categories": [
          "tourism",
          "tourism.sights",
          "tourism.sights.memorial"
        ],
        "details": [],
        "datasource": {
          "sourcename": "openstreetmap",
          "attribution": "© OpenStreetMap contributors",
          "license": "Open Database License",
          "url": "https://www.openstreetmap.org/copyright",
          "raw": {
            "lat": 50.0096378,
            "lon": 22.0030236,
            "name": "Drabinianka",
            "osm_id": 7014883543,
            "historic": "memorial",
            "osm_type": "n"
          }
        },
        "historic": {
          "type": "memorial"
        },
        "distance": 3044,
        "place_id": "51be1d9727c60036405917e7b9cf3b014940f00103f901d7a01ea20100000092030b44726162696e69616e6b61"
      },
      "geometry": {
        "type": "Point",
        "coordinates": [
          22.0030236,
          50.0096378
        ]
      }
    },
    {
      "type": "Feature",
      "properties": {
        "name": "Malinowski",
        "country": "Polska",
        "country_code": "pl",
        "state": "województwo podkarpackie",
        "city": "Rzeszów",
        "postcode": "35-328",
        "suburb": "Słocina",
        "street": "Ignacego Paderewskiego",
        "housenumber": "67",
        "iso3166_2": "PL-18",
        "lon": 22.0446098,
        "lat": 50.0275263,
        "state_code": "PK",
        "formatted": "Malinowski, Ignacego Paderewskiego 67, 35-328 Rzeszów, Polska",
        "address_line1": "Malinowski",
        "address_line2": "Ignacego Paderewskiego 67, 35-328 Rzeszów, Polska",
        "categories": [
          "tourism",
          "tourism.sights",
          "tourism.sights.memorial"
        ],
        "details": [
          "details.historic"
        ],
        "datasource": {
          "sourcename": "openstreetmap",
          "attribution": "© OpenStreetMap contributors",
          "license": "Open Database License",
          "url": "https://www.openstreetmap.org/copyright",
          "raw": {
            "lat": 50.0275263,
            "lon": 22.0446098,
            "city": "Rzeszów",
            "name": "Malinowski",
            "osm_id": 5085564104,
            "street": "Ignacego Paderewskiego",
            "historic": "memorial",
            "memorial": "plaque",
            "osm_type": "n",
            "postcode": "35-328",
            "_inherited": "",
            "housenumber": 67
          }
        },
        "historic": {
          "type": "memorial",
          "memorial": "plaque"
        },
        "distance": 3095,
        "place_id": "51c314408c6b0b364059d32357fb85034940f00103f901c88c1f2f0100000092030a4d616c696e6f77736b69"
      },
      "geometry": {
        "type": "Point",
        "coordinates": [
          22.0446098,
          50.0275263
        ]
      }
    },
    {
      "type": "Feature",
      "properties": {
        "name": "Tysiąclesie Chrztu",
        "country": "Polska",
        "country_code": "pl",
        "state": "województwo podkarpackie",
        "city": "Rzeszów",
        "postcode": "35-328",
        "suburb": "Słocina",
        "street": "Ignacego Paderewskiego",
        "housenumber": "67",
        "iso3166_2": "PL-18",
        "lon": 22.044854,
        "lat": 50.0272771,
        "state_code": "PK",
        "formatted": "Tysiąclesie Chrztu, Ignacego Paderewskiego 67, 35-328 Rzeszów, Polska",
        "address_line1": "Tysiąclesie Chrztu",
        "address_line2": "Ignacego Paderewskiego 67, 35-328 Rzeszów, Polska",
        "categories": [
          "tourism",
          "tourism.sights",
          "tourism.sights.memorial"
        ],
        "details": [
          "details.historic"
        ],
        "datasource": {
          "sourcename": "openstreetmap",
          "attribution": "© OpenStreetMap contributors",
          "license": "Open Database License",
          "url": "https://www.openstreetmap.org/copyright",
          "raw": {
            "lat": 50.0272771,
            "lon": 22.044854,
            "city": "Rzeszów",
            "name": "Tysiąclesie Chrztu",
            "osm_id": 5085564116,
            "street": "Ignacego Paderewskiego",
            "historic": "memorial",
            "memorial": "plaque",
            "osm_type": "n",
            "postcode": "35-328",
            "_inherited": "",
            "start_date": 1966,
            "housenumber": 67
          }
        },
        "historic": {
          "type": "memorial",
          "start_date": 1966,
          "memorial": "plaque"
        },
        "distance": 3121,
        "place_id": "5144183f8d7b0b3640590137e6d07d034940f00103f901d48c1f2f0100000092031354797369c485636c65736965204368727a7475"
      },
      "geometry": {
        "type": "Point",
        "coordinates": [
          22.044854,
          50.0272771
        ]
      }
    },
    {
      "type": "Feature",
      "properties": {
        "name": "2000 lat Chrześcijaństwa",
        "country": "Polska",
        "country_code": "pl",
        "state": "województwo podkarpackie",
        "city": "Rzeszów",
        "postcode": "35-328",
        "suburb": "Słocina",
        "street": "Ignacego Paderewskiego",
        "housenumber": "67",
        "iso3166_2": "PL-18",
        "lon": 22.0449463,
        "lat": 50.0273239,
        "state_code": "PK",
        "formatted": "2000 lat Chrześcijaństwa, Ignacego Paderewskiego 67, 35-328 Rzeszów, Polska",
        "address_line1": "2000 lat Chrześcijaństwa",
        "address_line2": "Ignacego Paderewskiego 67, 35-328 Rzeszów, Polska",
        "categories": [
          "tourism",
          "tourism.sights",
          "tourism.sights.memorial"
        ],
        "details": [
          "details.historic"
        ],
        "datasource": {
          "sourcename": "openstreetmap",
          "attribution": "© OpenStreetMap contributors",
          "license": "Open Database License",
          "url": "https://www.openstreetmap.org/copyright",
          "raw": {
            "lat": 50.0273239,
            "lon": 22.0449463,
            "city": "Rzeszów",
            "name": "2000 lat Chrześcijaństwa",
            "osm_id": 5085564115,
            "street": "Ignacego Paderewskiego",
            "historic": "memorial",
            "memorial": "plaque",
            "osm_type": "n",
            "postcode": "35-328",
            "_inherited": "",
            "start_date": 2000,
            "housenumber": 67
          }
        },
        "historic": {
          "type": "memorial",
          "start_date": 2000,
          "memorial": "plaque"
        },
        "distance": 3125,
        "place_id": "518293c899810b36405918737c597f034940f00103f901d38c1f2f0100000092031a32303030206c6174204368727a65c59b63696a61c58473747761"
      },
      "geometry": {
        "type": "Point",
        "coordinates": [
          22.0449463,
          50.0273239
        ]
      }
    },
    {
      "type": "Feature",
      "properties": {
        "name": "Figura Matki Bożej Różańcowej",
        "country": "Polska",
        "country_code": "pl",
        "state": "województwo podkarpackie",
        "city": "Rzeszów",
        "postcode": "35-604",
        "district": "Osiedle Zimowit",
        "suburb": "Zalesie",
        "street": "Krokusowa",
        "iso3166_2": "PL-18",
        "lon": 22.0231854,
        "lat": 50.0105608,
        "state_code": "PK",
        "formatted": "Figura Matki Bożej Różańcowej, Krokusowa, 35-604 Rzeszów, Polska",
        "address_line1": "Figura Matki Bożej Różańcowej",
        "address_line2": "Krokusowa, 35-604 Rzeszów, Polska",
        "categories": [
          "tourism",
          "tourism.sights",
          "tourism.sights.memorial",
          "tourism.sights.memorial.monument"
        ],
        "details": [
          "details.historic",
          "details.place_of_worship"
        ],
        "datasource": {
          "sourcename": "openstreetmap",
          "attribution": "© OpenStreetMap contributors",
          "license": "Open Database License",
          "url": "https://www.openstreetmap.org/copyright",
          "raw": {
            "lat": 50.0105608,
            "lon": 22.0231854,
            "name": "Figura Matki Bożej Różańcowej",
            "osm_id": 3305364767,
            "historic": "monument",
            "osm_type": "n",
            "religion": "christian",
            "start_date": 2000,
            "denomination": "roman_catholic"
          }
        },
        "historic": {
          "type": "monument",
          "start_date": 2000
        },
        "place_of_worship": {
          "religion": "christian",
          "denomination": "roman_catholic"
        },
        "distance": 3246,
        "place_id": "51a3be767aef053640594f4f690e5a014940f00103f9011fdd03c500000000920321466967757261204d61746b6920426fc5bc656a2052c3b3c5bc61c584636f77656a"
      },
      "geometry": {
        "type": "Point",
        "coordinates": [
          22.0231854,
          50.0105608
        ]
      }
    },
    {
      "type": "Feature",
      "properties": {
        "name": "Poległym",
        "country": "Polska",
        "country_code": "pl",
        "state": "województwo podkarpackie",
        "city": "Rzeszów",
        "postcode": "35-611",
        "suburb": "Słocina",
        "street": "Powstańców Wielkopolskich",
        "iso3166_2": "PL-18",
        "lon": 22.0458585,
        "lat": 50.0252069,
        "state_code": "PK",
        "formatted": "Poległym, Powstańców Wielkopolskich, 35-611 Rzeszów, Polska",
        "address_line1": "Poległym",
        "address_line2": "Powstańców Wielkopolskich, 35-611 Rzeszów, Polska",
        "categories": [
          "tourism",
          "tourism.sights",
          "tourism.sights.memorial"
        ],
        "details": [
          "details.historic"
        ],
        "datasource": {
          "sourcename": "openstreetmap",
          "attribution": "© OpenStreetMap contributors",
          "license": "Open Database License",
          "url": "https://www.openstreetmap.org/copyright",
          "raw": {
            "lat": 50.0252069,
            "lon": 22.0458585,
            "name": "Poległym",
            "osm_id": 5085564122,
            "historic": "memorial",
            "memorial": "war_memorial",
            "osm_type": "n"
          }
        },
        "historic": {
          "type": "memorial",
          "memorial": "war_memorial"
        },
        "distance": 3273,
        "place_id": "515ebef561bd0b3640591891cdfa39034940f00103f901da8c1f2f01000000920309506f6c6567c582796d"
      },
      "geometry": {
        "type": "Point",
        "coordinates": [
          22.0458585,
          50.0252069
        ]
      }
    },
    {
      "type": "Feature",
      "properties": {
        "name": "Pomnik Jana Pawła II",
        "country": "Polska",
        "country_code": "pl",
        "state": "województwo podkarpackie",
        "city": "Rzeszów",
        "postcode": "35-513",
        "suburb": "Baranówka",
        "street": "Plac im. Jana Pawła II",
        "iso3166_2": "PL-18",
        "lon": 21.9737183,
        "lat": 50.0604984,
        "state_code": "PK",
        "formatted": "Pomnik Jana Pawła II, Plac im. Jana Pawła II, 35-513 Rzeszów, Polska",
        "address_line1": "Pomnik Jana Pawła II",
        "address_line2": "Plac im. Jana Pawła II, 35-513 Rzeszów, Polska",
        "categories": [
          "tourism",
          "tourism.sights",
          "tourism.sights.memorial",
          "tourism.sights.memorial.monument"
        ],
        "details": [],
        "datasource": {
          "sourcename": "openstreetmap",
          "attribution": "© OpenStreetMap contributors",
          "license": "Open Database License",
          "url": "https://www.openstreetmap.org/copyright",
          "raw": {
            "lat": 50.0604984,
            "lon": 21.9737183,
            "name": "Pomnik Jana Pawła II",
            "osm_id": 8444090028,
            "historic": "monument",
            "osm_type": "n"
          }
        },
        "historic": {
          "type": "monument"
        },
        "distance": 3396,
        "place_id": "5148043e9a45f9354059ecba5c69be074940f00103f901ac964ef701000000920315506f6d6e696b204a616e6120506177c58261204949"
      },
      "geometry": {
        "type": "Point",
        "coordinates": [
          21.9737183,
          50.0604984
        ]
      }
    },
    {
      "type": "Feature",
      "properties": {
        "name": "Jezus",
        "country": "Polska",
        "country_code": "pl",
        "state": "województwo podkarpackie",
        "city": "Rzeszów",
        "postcode": "35-605",
        "district": "Osiedle Zimowit",
        "suburb": "Zalesie",
        "street": "Lawendowa",
        "iso3166_2": "PL-18",
        "lon": 22.0196246,
        "lat": 50.0059599,
        "state_code": "PK",
        "formatted": "Jezus, Lawendowa, 35-605 Rzeszów, Polska",
        "address_line1": "Jezus",
        "address_line2": "Lawendowa, 35-605 Rzeszów, Polska",
        "categories": [
          "tourism",
          "tourism.sights",
          "tourism.sights.memorial"
        ],
        "details": [
          "details.historic"
        ],
        "datasource": {
          "sourcename": "openstreetmap",
          "attribution": "© OpenStreetMap contributors",
          "license": "Open Database License",
          "url": "https://www.openstreetmap.org/copyright",
          "raw": {
            "lat": 50.0059599,
            "lon": 22.0196246,
            "name": "Jezus",
            "osm_id": 5083413417,
            "historic": "memorial",
            "memorial": "statue",
            "osm_type": "n",
            "subject:wikidata": "Q302"
          }
        },
        "historic": {
          "type": "memorial",
          "memorial": "statue"
        },
        "distance": 3630,
        "place_id": "517432271e060536405931cb434bc3004940f00103f901a9bbfe2e010000009203054a657a7573"
      },
      "geometry": {
        "type": "Point",
        "coordinates": [
          22.0196246,
          50.0059599
        ]
      }
    },
    {
      "type": "Feature",
      "properties": {
        "name": "Święty Florian",
        "country": "Polska",
        "country_code": "pl",
        "state": "województwo podkarpackie",
        "city": "Rzeszów",
        "postcode": "34-314",
        "suburb": "Drabinianka",
        "street": "Koło",
        "iso3166_2": "PL-18",
        "lon": 21.9979306,
        "lat": 50.0016081,
        "state_code": "PK",
        "formatted": "Święty Florian, Koło, 34-314 Rzeszów, Polska",
        "address_line1": "Święty Florian",
        "address_line2": "Koło, 34-314 Rzeszów, Polska",
        "categories": [
          "tourism",
          "tourism.sights",
          "tourism.sights.memorial",
          "tourism.sights.memorial.monument"
        ],
        "details": [],
        "datasource": {
          "sourcename": "openstreetmap",
          "attribution": "© OpenStreetMap contributors",
          "license": "Open Database License",
          "url": "https://www.openstreetmap.org/copyright",
          "raw": {
            "lat": 50.0016081,
            "lon": 21.9979306,
            "name": "Święty Florian",
            "osm_id": 3589722565,
            "historic": "monument",
            "osm_type": "n",
            "subject:wikidata": "Q298845"
          }
        },
        "historic": {
          "type": "monument"
        },
        "distance": 3961,
        "place_id": "517bad3a6178ff3540595074b8b134004940f00103f901c5d1f6d500000000920310c59a7769c499747920466c6f7269616e"
      },
      "geometry": {
        "type": "Point",
        "coordinates": [
          21.9979306,
          50.0016081
        ]
      }
    },
    {
      "type": "Feature",
      "properties": {
        "name": "Figura Maryji",
        "country": "Polska",
        "country_code": "pl",
        "state": "województwo podkarpackie",
        "city": "Rzeszów",
        "postcode": "35-104",
        "suburb": "Staroniwa",
        "street": "Staroniwska",
        "iso3166_2": "PL-18",
        "lon": 21.9512078,
        "lat": 50.0263557,
        "state_code": "PK",
        "formatted": "Figura Maryji, Staroniwska, 35-104 Rzeszów, Polska",
        "address_line1": "Figura Maryji",
        "address_line2": "Staroniwska, 35-104 Rzeszów, Polska",
        "categories": [
          "tourism",
          "tourism.sights",
          "tourism.sights.memorial"
        ],
        "details": [
          "details.historic"
        ],
        "datasource": {
          "sourcename": "openstreetmap",
          "attribution": "© OpenStreetMap contributors",
          "license": "Open Database License",
          "url": "https://www.openstreetmap.org/copyright",
          "raw": {
            "lat": 50.0263557,
            "lon": 21.9512078,
            "name": "Figura Maryji",
            "osm_id": 3757189533,
            "historic": "memorial",
            "memorial": "statue",
            "osm_type": "n",
            "subject:wikidata": "Q345"
          }
        },
        "historic": {
          "type": "memorial",
          "memorial": "statue"
        },
        "distance": 3963,
        "place_id": "513ab3b85a82f335405917c8a29f5f034940f00103f9019d29f2df0000000092030d466967757261204d6172796a69"
      },
      "geometry": {
        "type": "Point",
        "coordinates": [
          21.9512078,
          50.0263557
        ]
      }
    }
  ]
}