{
  "type": "FeatureCollection",
  "features": [
    {
      "type": "Feature",
      "properties": {
        "name": "Pomnik króla Władysława Jagiełły",
        "country": "Polska",
        "country_code": "pl",
        "state": "województwo podkarpackie",
        "county": "powiat rzeszowski",
        "city": "Błażowa",
        "municipality": "gmina Błażowa",
        "postcode": "36-030",
        "district": "Miasto",
        "street": "Jagiellońska",
        "iso3166_2": "PL-18",
        "lon": 22.1003723,
        "lat": 49.8843978,
        "state_code": "PK",
        "formatted": "Pomnik króla Władysława Jagiełły, Jagiellońska, 36-030 Błażowa, Polska",
        "address_line1": "Pomnik króla Władysława Jagiełły",
        "address_line2": "Jagiellońska, 36-030 Błażowa, Polska",
        "categories": [
          "tourism",
          "tourism.sights",
          "tourism.sights.memorial"
        ],
        "details": [],
        "datasource": {
          "sourcename": "openstreetmap",
          "attribution": "© OpenStreetMap contributors",
          "license": "Open Database License",
          "url": "https://www.openstreetmap.org/copyright",
          "raw": {
            "lat": 49.8843978,
            "lon": 22.1003723,
            "name": "Pomnik króla Władysława Jagiełły",
            "osm_id": 2958634095,
            "historic": "memorial",
            "osm_type": "n",
            "subject:wikidata": "Q54049"
          }
        },
        "historic": {
          "type": "memorial"
        },
        "distance": 18328,
        "place_id": "519fecc1ffb119364059c2d375f233f14840f00103f9016f2c59b000000000920325506f6d6e696b206b72c3b36c612057c58261647973c582617761204a61676965c582c58279"
      },
      "geometry": {
        "type": "Point",
        "coordinates": [
          22.1003723,
          49.8843978
        ]
      }
    },
    {
      "type": "Feature",
      "properties": {
        "name": "Krzyż Milenijny",
        "country": "Polska",
        "country_code": "pl",
        "state": "województwo podkarpackie",
        "county": "powiat rzeszowski",
        "city": "Błażowa",
        "municipality": "gmina Błażowa",
        "postcode": "36-030",
        "district": "Miasto",
        "street": "Jagiellońska",
        "iso3166_2": "PL-18",
        "lon": 22.1006037,
        "lat": 49.8840777,
        "state_code": "PK",
        "formatted": "Krzyż Milenijny, Jagiellońska, 36-030 Błażowa, Polska",
        "address_line1": "Krzyż Milenijny",
        "address_line2": "Jagiellońska, 36-030 Błażowa, Polska",
        "categories": [
          "man_made",
          "tourism",
          "tourism.sights",
          "tourism.sights.memorial"
        ],
        "details": [
          "details.historic"
        ],
        "datasource": {
          "sourcename": "openstreetmap",
          "attribution": "© OpenStreetMap contributors",
          "license": "Open Database License",
          "url": "https://www.openstreetmap.org/copyright",
          "raw": {
            "lat": 49.8840777,
            "lon": 22.1006037,
            "name": "Krzyż Milenijny",
            "osm_id": 2958634094,
            "historic": "memorial",
            "man_made": "cross",
            "osm_type": "n",
            "subject:wikidata": "Q1985"
          }
        },
        "historic": {
          "type": "memorial",
          "object_type": "cross"
        },
        "distance": 18367,
        "place_id": "514a5b012ac119364059bb4f447529f14840f00103f9016e2c59b0000000009203104b727a79c5bc204d696c656e696a6e79"
      },
      "geometry": {
        "type": "Point",
        "coordinates": [
          22.1006037,
          49.8840777
        ]
      }
    },
    {
      "type": "Feature",
      "properties": {
        "name": "Pradziejowe stanowisko archeologiczne",
        "country": "Polska",
        "country_code": "pl",
        "state": "województwo podkarpackie",
        "county": "powiat łańcucki",
        "city": "Łańcut",
        "postcode": "37-100",
        "street": "Głuchowska",
        "iso3166_2": "PL-18",
        "lon": 22.2493936,
        "lat": 50.0882458,
        "state_code": "PK",
        "formatted": "Pradziejowe stanowisko archeologiczne, Głuchowska, 37-100 Łańcut, Polska",
        "address_line1": "Pradziejowe stanowisko archeologiczne",
        "address_line2": "Głuchowska, 37-100 Łańcut, Polska",
        "categories": [
          "heritage",
          "tourism",
          "tourism.sights",
          "tourism.sights.archaeological_site"
        ],
        "details": [
          "details",
          "details.heritage"
        ],
        "datasource": {
          "sourcename": "openstreetmap",
          "attribution": "© OpenStreetMap contributors",
          "license": "Open Database License",
          "url": "https://www.openstreetmap.org/copyright",
          "raw": {
            "lat": 50.0882458,
            "lon": 22.2493936,
            "name": "Pradziejowe stanowisko archeologiczne",
            "osm_id": 5166516706,
            "ref:nid": "A-863",
            "heritage": 2,
            "historic": "archaeological_site",
            "osm_type": "n",
            "archaeological_site": "settlement"
          }
        },
        "ref_other": {
          "nid": "A-863"
        },
        "historic": {
          "type": "archaeological_site"
        },
        "heritage": {
          "level": 2,
          "ref": "A-863"
        },
        "distance": 18472,
        "place_id": "51ebd44b42d83f36405933816ca34b0b4940f00103f901e2c9f23301000000920325507261647a69656a6f7765207374616e6f7769736b6f2061726368656f6c6f6769637a6e65"
      },
      "geometry": {
        "type": "Point",
        "coordinates": [
          22.2493936,
          50.0882458
        ]
      }
    },
    {
      "type": "Feature",
      "properties": {
        "name": "Miejsce Pamięci - Miejsce byłego obozu NKWD w Trzebusce",
        "country": "Polska",
        "country_code": "pl",
        "state": "województwo podkarpackie",
        "county": "powiat rzeszowski",
        "city": "Nienadówka",
        "hamlet": "Osiedle",
        "municipality": "gmina Sokołów Małopolski",
        "postcode": "36-052",
        "street": "878",
        "iso3166_2": "PL-18",
        "lon": 22.0878754,
        "lat": 50.2063789,
        "state_code": "PK",
        "formatted": "Miejsce Pamięci - Miejsce byłego obozu NKWD w Trzebusce, 878, 36-052 Nienadówka, Polska",
        "address_line1": "Miejsce Pamięci - Miejsce byłego obozu NKWD w Trzebusce",
        "address_line2": "878, 36-052 Nienadówka, Polska",
        "categories": [
          "tourism",
          "tourism.sights",
          "tourism.sights.memorial"
        ],
        "details": [
          "details.historic"
        ],
        "datasource": {
          "sourcename": "openstreetmap",
          "attribution": "© OpenStreetMap contributors",
          "license": "Open Database License",
          "url": "https://www.openstreetmap.org/copyright",
          "raw": {
            "lat": 50.2063789,
            "lon": 22.0878754,
            "name": "Miejsce Pamięci - Miejsce byłego obozu NKWD w Trzebusce",
            "osm_id": 12284928798,
            "historic": "memorial",
            "material": "concrete",
            "memorial": "war_memorial",
            "osm_type": "n"
          }
        },
        "historic": {
          "type": "memorial",
          "memorial": "war_memorial"
        },
        "distance": 19772,
        "place_id": "51781f91007f16364059cf0ab19f6a1a4940f00103f9011e233ddc020000009203394d69656a7363652050616d69c4996369202d204d69656a736365206279c58265676f206f626f7a75204e4b574420772054727a656275736365"
      },
      "geometry": {
        "type": "Point",
        "coordinates": [
          22.0878754,
          50.2063789
        ]
      }
    },
    {
      "type": "Feature",
      "properties": {
        "name": "Figura św. Jana Nepomucena z 1883 roku",
        "country": "Polska",
        "country_code": "pl",
        "state": "województwo podkarpackie",
        "county": "powiat ropczycko-sędziszowski",
        "city": "Sielec",
        "hamlet": "Podlasek",
        "municipality": "gmina Iwierzyce",
        "postcode": "39-120",
        "street": "Południowa",
        "iso3166_2": "PL-18",
        "lon": 21.7286398,
        "lat": 50.0513447,
        "state_code": "PK",
        "formatted": "Figura św. Jana Nepomucena z 1883 roku, Południowa, 39-120 Sielec, Polska",
        "address_line1": "Figura św. Jana Nepomucena z 1883 roku",
        "address_line2": "Południowa, 39-120 Sielec, Polska",
        "categories": [
          "tourism",
          "tourism.sights",
          "tourism.sights.memorial",
          "tourism.sights.memorial.wayside_cross"
        ],
        "details": [
          "details.historic"
        ],
        "datasource": {
          "sourcename": "openstreetmap",
          "attribution": "© OpenStreetMap contributors",
          "license": "Open Database License",
          "url": "https://www.openstreetmap.org/copyright",
          "raw": {
            "lat": 50.0513447,
            "lon": 21.7286398,
            "name": "Figura św. Jana Nepomucena z 1883 roku",
            "osm_id": 10744739559,
            "historic": "wayside_cross",
            "material": "concrete",
            "osm_type": "n",
            "inscription": "A. Tomasowski 1883"
          }
        },
        "historic": {
          "type": "wayside_cross",
          "inscription": "A. Tomasowski 1883"
        },
        "distance": 19788,
        "place_id": "5161904f2388ba35405956a98f7692064940f00103f901e7b66f800200000092032746696775726120c59b772e204a616e61204e65706f6d7563656e61207a203138383320726f6b75"
      },
      "geometry": {
        "type": "Point",
        "coordinates": [
          21.7286398,
          50.0513447
        ]
      }
    },
    {
      "type": "Feature",
      "properties": {
        "name": "Kapliczka przydrożna z krzyżem, rok fundowania 1910",
        "country": "Polska",
        "country_code": "pl",
        "state": "województwo podkarpackie",
        "county": "powiat rzeszowski",
        "city": "Błażowa",
        "municipality": "gmina Błażowa",
        "postcode": "36-030",
        "district": "Kuligi",
        "street": "Młynarska",
        "iso3166_2": "PL-18",
        "lon": 22.0993307,
        "lat": 49.8698108,
        "state_code": "PK",
        "formatted": "Kapliczka przydrożna z krzyżem, rok fundowania 1910, Młynarska, 36-030 Błażowa, Polska",
        "address_line1": "Kapliczka przydrożna z krzyżem, rok fundowania 1910",
        "address_line2": "Młynarska, 36-030 Błażowa, Polska",
        "categories": [
          "tourism",
          "tourism.sights",
          "tourism.sights.memorial",
          "tourism.sights.memorial.wayside_cross"
        ],
        "details": [
          "details.historic"
        ],
        "datasource": {
          "sourcename": "openstreetmap",
          "attribution": "© OpenStreetMap contributors",
          "license": "Open Database License",
          "url": "https://www.openstreetmap.org/copyright",
          "raw": {
            "lat": 49.8698108,
            "lon": 22.0993307,
            "name": "Kapliczka przydrożna z krzyżem, rok fundowania 1910",
            "osm_id": 8559423495,
            "historic": "wayside_cross",
            "osm_type": "n",
            "inscription": "Fundator Jan Wieląg"
          }
        },
        "historic": {
          "type": "wayside_cross",
          "inscription": "Fundator Jan Wieląg"
        },
        "distance": 19815,
        "place_id": "5121fd9bbc6d1936405993dad5f555ef4840f00103f90107702efe010000009203354b61706c69637a6b612070727a7964726fc5bc6e61207a206b727a79c5bc656d2c20726f6b2066756e646f77616e69612031393130"
      },
      "geometry": {
        "type": "Point",
        "coordinates": [
          22.0993307,
          49.8698108
        ]
      }
    },
    {
      "type": "Feature",
      "properties": {
        "name": "Statua Jezusa",
        "country": "Polska",
        "country_code": "pl",
        "state": "województwo podkarpackie",
        "county": "powiat rzeszowski",
        "city": "Błażowa",
        "municipality": "gmina Błażowa",
        "postcode": "36-030",
        "district": "Kuligi",
        "street": "Kazimierza Pułaskiego",
        "iso3166_2": "PL-18",
        "lon": 22.0684097,
        "lat": 49.8631024,
        "state_code": "PK",
        "formatted": "Statua Jezusa, Kazimierza Pułaskiego, 36-030 Błażowa, Polska",
        "address_line1": "Statua Jezusa",
        "address_line2": "Kazimierza Pułaskiego, 36-030 Błażowa, Polska",
        "categories": [
          "tourism",
          "tourism.sights",
          "tourism.sights.memorial"
        ],
        "details": [
          "details.historic"
        ],
        "datasource": {
          "sourcename": "openstreetmap",
          "attribution": "© OpenStreetMap contributors",
          "license": "Open Database License",
          "url": "https://www.openstreetmap.org/copyright",
          "raw": {
            "lat": 49.8631024,
            "lon": 22.0684097,
            "name": "Statua Jezusa",
            "osm_id": 3713328728,
            "historic": "memorial",
            "memorial": "statue",
            "osm_type": "n",
            "subject:wikidata": "Q302"
          }
        },
        "historic": {
          "type": "memorial",
          "memorial": "statue"
        },
        "distance": 19887,
        "place_id": "51ab3a504c8311364059b08cb2237aee4840f00103f90158e654dd0000000092030d537461747561204a657a757361"
      },
      "geometry": {
        "type": "Point",
        "coordinates": [
          22.0684097,
          49.8631024
        ]
      }
    },
    {
      "type": "Feature",
      "properties": {
        "name": "Krzyż milenijny",
        "country": "Polska",
        "country_code": "pl",
        "state": "województwo podkarpackie",
        "county": "powiat ropczycko-sędziszowski",
        "city": "Sielec",
        "hamlet": "Podlasek",
        "municipality": "gmina Iwierzyce",
        "postcode": "39-120",
        "street": "Południowa",
        "iso3166_2": "PL-18",
        "lon": 21.7207184,
        "lat": 50.038783,
        "state_code": "PK",
        "formatted": "Krzyż milenijny, Południowa, 39-120 Sielec, Polska",
        "address_line1": "Krzyż milenijny",
        "address_line2": "Południowa, 39-120 Sielec, Polska",
        "categories": [
          "tourism",
          "tourism.sights",
          "tourism.sights.memorial",
          "tourism.sights.memorial.wayside_cross"
        ],
        "details": [
          "details.historic",
          "details.place_of_worship"
        ],
        "datasource": {
          "sourcename": "openstreetmap",
          "attribution": "© OpenStreetMap contributors",
          "license": "Open Database License",
          "url": "https://www.openstreetmap.org/copyright",
          "raw": {
            "lat": 50.038783,
            "lon": 21.7207184,
            "name": "Krzyż milenijny",
            "osm_id": 6773250725,
            "historic": "wayside_cross",
            "osm_type": "n",
            "religion": "christian",
            "start_date": 2000,
            "inscription": "Na większą chwałę Boga w Trójcy Świętej Jedynego",
            "denomination": "catholic"
          }
        },
        "historic": {
          "type": "wayside_cross",
          "start_date": 2000,
          "inscription": "Na większą chwałę Boga w Trójcy Świętej Jedynego"
        },
        "place_of_worship": {
          "religion": "christian",
          "denomination": "catholic"
        },
        "distance": 20295,
        "place_id": "511da0450081b8354059055262d7f6044940f00103f901a59ab793010000009203104b727a79c5bc206d696c656e696a6e79"
      },
      "geometry": {
        "type": "Point",
        "coordinates": [
          21.7207184,
          50.038783
        ]
      }
    },
    {
      "type": "Feature",
      "properties": {
        "name": "Ustanie pandemii hiszpanki w 1920",
        "country": "Polska",
        "country_code": "pl",
        "state": "województwo podkarpackie",
        "county": "powiat kolbuszowski",
        "city": "Widełka",
        "hamlet": "Wielka Widełka",
        "municipality": "gmina Kolbuszowa",
        "postcode": "36-145",
        "street": "9",
        "iso3166_2": "PL-18",
        "lon": 21.8838512,
        "lat": 50.2022994,
        "state_code": "PK",
        "formatted": "Ustanie pandemii hiszpanki w 1920, 9, 36-145 Widełka, Polska",
        "address_line1": "Ustanie pandemii hiszpanki w 1920",
        "address_line2": "9, 36-145 Widełka, Polska",
        "categories": [
          "tourism",
          "tourism.sights",
          "tourism.sights.memorial",
          "tourism.sights.memorial.wayside_cross"
        ],
        "details": [
          "details.historic"
        ],
        "datasource": {
          "sourcename": "openstreetmap",
          "attribution": "© OpenStreetMap contributors",
          "license": "Open Database License",
          "url": "https://www.openstreetmap.org/copyright",
          "raw": {
            "lat": 50.2022994,
            "lon": 21.8838512,
            "name": "Ustanie pandemii hiszpanki w 1920",
            "osm_id": 12140938216,
            "historic": "wayside_cross",
            "osm_type": "n",
            "inscription": "W PODZIĘKOWANIU ZA WYSŁUCHANIE MODLITEWNEGO BŁAGANIA O USTANIE PANDEMII „HISZPANKI\" W 1920 ROKU - FUNDATORZY RODZINA GOLEMÓW ODNOWIONO W 2020 ROKU PRZEZ RODZINĘ DROŻDŻ"
          }
        },
        "historic": {
          "type": "wayside_cross",
          "inscription": "W PODZIĘKOWANIU ZA WYSŁUCHANIE MODLITEWNEGO BŁAGANIA O USTANIE PANDEMII „HISZPANKI\" W 1920 ROKU - FUNDATORZY RODZINA GOLEMÓW ODNOWIONO W 2020 ROKU PRZEZ RODZINĘ DROŻDŻ"
        },
        "distance": 20295,
        "place_id": "51c5877e1244e23540590e805df2e4194940f00103f901e803a8d302000000920321557374616e69652070616e64656d6969206869737a70616e6b6920772031393230"
      },
      "geometry": {
        "type": "Point",
        "coordinates": [
          21.8838512,
          50.2022994
        ]
      }
    },
    {
      "type": "Feature",
      "properties": {
        "name": "Na drzewie",
        "country": "Polska",
        "country_code": "pl",
        "state": "województwo podkarpackie",
        "county": "powiat rzeszowski",
        "city": "Dylągówka",
        "hamlet": "Dół",
        "municipality": "gmina Hyżne",
        "postcode": "36-025",
        "street": "877",
        "iso3166_2": "PL-18",
        "lon": 22.1949397,
        "lat": 49.9018139,
        "state_code": "PK",
        "formatted": "Na drzewie, 877, 36-025 Dylągówka, Polska",
        "address_line1": "Na drzewie",
        "address_line2": "877, 36-025 Dylągówka, Polska",
        "categories": [
          "tourism",
          "tourism.sights",
          "tourism.sights.memorial",
          "tourism.sights.memorial.wayside_cross"
        ],
        "details": [
          "details.place_of_worship"
        ],
        "datasource": {
          "sourcename": "openstreetmap",
          "attribution": "© OpenStreetMap contributors",
          "license": "Open Database License",
          "url": "https://www.openstreetmap.org/copyright",
          "raw": {
            "lat": 49.9018139,
            "lon": 22.1949397,
            "name": "Na drzewie",
            "osm_id": 4439521568,
            "historic": "wayside_cross",
            "osm_type": "n",
            "religion": "christian",
            "denomination": "catholic"
          }
        },
        "historic": {
          "type": "wayside_cross"
        },
        "place_of_worship": {
          "religion": "christian",
          "denomination": "catholic"
        },
        "distance": 20341,
        "place_id": "512a317491e73136405903ca4ba36ef34840f00103f90120b99d080100000092030a4e612064727a65776965"
      },
      "geometry": {
        "type": "Point",
        "coordinates": [
          22.1949397,
          49.9018139
        ]
      }
    },
    {
      "type": "Feature",
      "properties": {
        "name": "Pomnik Grunwaldu",
        "country": "Polska",
        "country_code": "pl",
        "state": "województwo podkarpackie",
        "county": "powiat ropczycko-sędziszowski",
        "city": "Sędziszów Małopolski",
        "hamlet": "Przedmieście Sędziszowskie",
        "municipality": "gmina Sędziszów Małopolski",
        "postcode": "39-120",
        "district": "Wolica Ługowa",
        "street": "Miodowa",
        "iso3166_2": "PL-18",
        "lon": 21.7203476,
        "lat": 50.0780373,
        "state_code": "PK",
        "formatted": "Pomnik Grunwaldu, Miodowa, 39-120 Sędziszów Małopolski, Polska",
        "address_line1": "Pomnik Grunwaldu",
        "address_line2": "Miodowa, 39-120 Sędziszów Małopolski, Polska",
        "categories": [
          "tourism",
          "tourism.sights",
          "tourism.sights.memorial"
        ],
        "details": [
          "details.historic"
        ],
        "datasource": {
          "sourcename": "openstreetmap",
          "attribution": "© OpenStreetMap contributors",
          "license": "Open Database License",
          "url": "https://www.openstreetmap.org/copyright",
          "raw": {
            "lat": 50.0780373,
            "lon": 21.7203476,
            "name": "Pomnik Grunwaldu",
            "osm_id": 6778295599,
            "historic": "memorial",
            "material": "concrete",
            "memorial": "war_memorial",
            "osm_type": "n",
            "start_date": 1910,
            "inscription": "Na pamiątkę zwycięstwa pod Grunwaldem 1410-1910",
            "subject:wikidata": "Q33570"
          }
        },
        "historic": {
          "type": "memorial",
          "start_date": 1910,
          "memorial": "war_memorial",
          "inscription": "Na pamiątkę zwycięstwa pod Grunwaldem 1410-1910"
        },
        "distance": 20819,
        "place_id": "5189c047b368b83540591faf5120fd094940f00103f9012f95049401000000920310506f6d6e696b204772756e77616c6475"
      },
      "geometry": {
        "type": "Point",
        "coordinates": [
          21.7203476,
          50.0780373
        ]
      }
    },
    {
      "type": "Feature",
      "properties": {
        "name": "Krzyż przydrożny",
        "country": "Polska",
        "country_code": "pl",
        "state": "województwo podkarpackie",
        "county": "powiat rzeszowski",
        "city": "Trzebuska",
        "hamlet": "Zmysłów",
        "municipality": "gmina Sokołów Małopolski",
        "postcode": "36-130",
        "street": "875",
        "iso3166_2": "PL-18",
        "lon": 22.061474,
        "lat": 50.2244984,
        "state_code": "PK",
        "formatted": "Krzyż przydrożny, 875, 36-130 Trzebuska, Polska",
        "address_line1": "Krzyż przydrożny",
        "address_line2": "875, 36-130 Trzebuska, Polska",
        "categories": [
          "tourism",
          "tourism.sights",
          "tourism.sights.memorial",
          "tourism.sights.memorial.wayside_cross"
        ],
        "details": [
          "details.historic"
        ],
        "datasource": {
          "sourcename": "openstreetmap",
          "attribution": "© OpenStreetMap contributors",
          "license": "Open Database License",
          "url": "https://www.openstreetmap.org/copyright",
          "raw": {
            "lat": 50.2244984,
            "lon": 22.061474,
            "name": "Krzyż przydrożny",
            "osm_id": 6962780207,
            "historic": "wayside_cross",
            "osm_type": "n",
            "inscription": "zmiana tagow"
          }
        },
        "historic": {
          "type": "wayside_cross",
          "inscription": "zmiana tagow"
        },
        "distance": 21257,
        "place_id": "51e78d93c2bc0f3640598e00135dbc1c4940f00103f9012f98039f010000009203124b727a79c5bc2070727a7964726fc5bc6e79"
      },
      "geometry": {
        "type": "Point",
        "coordinates": [
          22.061474,
          50.2244984
        ]
      }
    },
    {
      "type": "Feature",
      "properties": {
        "name": "ks. Jerzego Popiełuszki",
        "country": "Polska",
        "country_code": "pl",
        "state": "województwo podkarpackie",
        "county": "powiat strzyżowski",
        "city": "Niebylec",
        "hamlet": "Dwór",
        "municipality": "gmina Niebylec",
        "postcode": "38-114",
        "street": "19",
        "iso3166_2": "PL-18",
        "lon": 21.9026238,
        "lat": 49.8557667,
        "state_code": "PK",
        "formatted": "ks. Jerzego Popiełuszki, 19, 38-114 Niebylec, Polska",
        "address_line1": "ks. Jerzego Popiełuszki",
        "address_line2": "19, 38-114 Niebylec, Polska",
        "categories": [
          "tourism",
          "tourism.sights",
          "tourism.sights.memorial",
          "tourism.sights.memorial.monument"
        ],
        "details": [],
        "datasource": {
          "sourcename": "openstreetmap",
          "attribution": "© OpenStreetMap contributors",
          "license": "Open Database License",
          "url": "https://www.openstreetmap.org/copyright",
          "raw": {
            "lat": 49.8557667,
            "lon": 21.9026238,
            "name": "ks. Jerzego Popiełuszki",
            "osm_id": 3423859872,
            "historic": "monument",
            "osm_type": "n",
            "subject:wikidata": "Q156277"
          }
        },
        "historic": {
          "type": "monument"
        },
        "distance": 21431,
        "place_id": "515c97755a12e7354059bfc062c389ed4840f00103f901a0f413cc000000009203186b732e204a65727a65676f20506f706965c58275737a6b69"
      },
      "geometry": {
        "type": "Point",
        "coordinates": [
          21.9026238,
          49.8557667
        ]
      }
    },
    {
      "type": "Feature",
      "properties": {
        "name": "Św. Floriana",
        "country": "Polska",
        "country_code": "pl",
        "state": "województwo podkarpackie",
        "county": "powiat strzyżowski",
        "city": "Niebylec",
        "hamlet": "Dwór",
        "municipality": "gmina Niebylec",
        "postcode": "38-114",
        "street": "19",
        "iso3166_2": "PL-18",
        "lon": 21.9022926,
        "lat": 49.8555568,
        "state_code": "PK",
        "formatted": "Św. Floriana, 19, 38-114 Niebylec, Polska",
        "address_line1": "Św. Floriana",
        "address_line2": "19, 38-114 Niebylec, Polska",
        "categories": [
          "tourism",
          "tourism.sights",
          "tourism.sights.memorial",
          "tourism.sights.memorial.monument"
        ],
        "details": [],
        "datasource": {
          "sourcename": "openstreetmap",
          "attribution": "© OpenStreetMap contributors",
          "license": "Open Database License",
          "url": "https://www.openstreetmap.org/copyright",
          "raw": {
            "lat": 49.8555568,
            "lon": 21.9022926,
            "name": "Św. Floriana",
            "osm_id": 3423872150,
            "historic": "monument",
            "osm_type": "n",
            "subject:wikidata": "Q298845"
          }
        },
        "historic": {
          "type": "monument"
        },
        "distance": 21461,
        "place_id": "513d6cd8a5fce63540596aef9de282ed4840f00103f901962414cc0000000092030dc59a772e20466c6f7269616e61"
      },
      "geometry": {
        "type": "Point",
        "coordinates": [
          21.9022926,
          49.8555568
        ]
      }
    },
    {
      "type": "Feature",
      "properties": {
        "name": "Pomnik Pamięci Ofiar Terroru Sowieckiego",
        "country": "Polska",
        "country_code": "pl",
        "state": "województwo podkarpackie",
        "county": "powiat rzeszowski",
        "city": "Sokołów Małopolski",
        "municipality": "gmina Sokołów Małopolski",
        "postcode": "36-052",
        "district": "Osiedle Pod Lasem",
        "street": "Leśna",
        "iso3166_2": "PL-18",
        "lon": 22.0769813,
        "lat": 50.2253262,
        "state_code": "PK",
        "formatted": "Pomnik Pamięci Ofiar Terroru Sowieckiego, Leśna, 36-052 Sokołów Małopolski, Polska",
        "address_line1": "Pomnik Pamięci Ofiar Terroru Sowieckiego",
        "address_line2": "Leśna, 36-052 Sokołów Małopolski, Polska",
        "categories": [
          "tourism",
          "tourism.sights",
          "tourism.sights.memorial"
        ],
        "details": [
          "details.historic"
        ],
        "datasource": {
          "sourcename": "openstreetmap",
          "attribution": "© OpenStreetMap contributors",
          "license": "Open Database License",
          "url": "https://www.openstreetmap.org/copyright",
          "raw": {
            "lat": 50.2253262,
            "lon": 22.0769813,
            "name": "Pomnik Pamięci Ofiar Terroru Sowieckiego",
            "osm_id": 10984914162,
            "historic": "memorial",
            "memorial": "war_memorial",
            "osm_type": "n"
          }
        },
        "historic": {
          "type": "memorial",
          "memorial": "war_memorial"
        },
        "distance": 21588,
        "place_id": "5150e7e50bb5133640594af7297dd71c4940f00103f901f27cc08e02000000920329506f6d6e696b2050616d69c4996369204f6669617220546572726f727520536f776965636b6965676f"
      },
      "geometry": {
        "type": "Point",
        "coordinates": [
          22.0769813,
          50.2253262
        ]
      }
    },
    {
      "type": "Feature",
      "properties": {
        "name": "ks. Stanisław Maciąg",
        "country": "Polska",
        "country_code": "pl",
        "state": "województwo podkarpackie",
        "county": "powiat ropczycko-sędziszowski",
        "city": "Sędziszów Małopolski",
        "municipality": "gmina Sędziszów Małopolski",
        "postcode": "39-120",
        "district": "Śródmieście",
        "street": "Jana Pawła II",
        "housenumber": "29",
        "iso3166_2": "PL-18",
        "lon": 21.7043359,
        "lat": 50.0709092,
        "state_code": "PK",
        "formatted": "ks. Stanisław Maciąg, Jana Pawła II 29, 39-120 Sędziszów Małopolski, Polska",
        "address_line1": "ks. Stanisław Maciąg",
        "address_line2": "Jana Pawła II 29, 39-120 Sędziszów Małopolski, Polska",
        "categories": [
          "tourism",
          "tourism.sights",
          "tourism.sights.memorial"
        ],
        "details": [
          "details.historic"
        ],
        "datasource": {
          "sourcename": "openstreetmap",
          "attribution": "© OpenStreetMap contributors",
          "license": "Open Database License",
          "url": "https://www.openstreetmap.org/copyright",
          "raw": {
            "lat": 50.0709092,
            "lon": 21.7043359,
            "city": "Sędziszów Małopolski",
            "name": "ks. Stanisław Maciąg",
            "osm_id": 11089350134,
            "street": "Jana Pawła II",
            "historic": "memorial",
            "memorial": "plaque",
            "osm_type": "n",
            "postcode": "39-120",
            "_inherited": "",
            "housenumber": 29
          }
        },
        "historic": {
          "type": "memorial",
          "memorial": "plaque"
        },
        "distance": 21789,
        "place_id": "5113e6875b4fb4354059267e7b8d13094940f00103f901f60dfa94020000009203166b732e205374616e6973c5826177204d616369c48567"
      },
      "geometry": {
        "type": "Point",
        "coordinates": [
          21.7043359,
          50.0709092
        ]
      }
    },
    {
      "type": "Feature",
      "properties": {
        "name": "W hołdzie strażakom Ziemi Rakszawskiej",
        "country": "Polska",
        "country_code": "pl",
        "state": "województwo podkarpackie",
        "county": "powiat łańcucki",
        "city": "Rakszawa",
        "hamlet": "Środek",
        "municipality": "gmina Rakszawa",
        "postcode": "37-111",
        "street": "Strażacka",
        "iso3166_2": "PL-18",
        "lon": 22.2311149,
        "lat": 50.1679536,
        "state_code": "PK",
        "formatted": "W hołdzie strażakom Ziemi Rakszawskiej, Strażacka, 37-111 Rakszawa, Polska",
        "address_line1": "W hołdzie strażakom Ziemi Rakszawskiej",
        "address_line2": "Strażacka, 37-111 Rakszawa, Polska",
        "categories": [
          "tourism",
          "tourism.sights",
          "tourism.sights.memorial"
        ],
        "details": [
          "details.historic"
        ],
        "datasource": {
          "sourcename": "openstreetmap",
          "attribution": "© OpenStreetMap contributors",
          "license": "Open Database License",
          "url": "https://www.openstreetmap.org/copyright",
          "raw": {
            "lat": 50.1679536,
            "lon": 22.2311149,
            "name": "W hołdzie strażakom Ziemi Rakszawskiej",
            "osm_id": 12014276283,
            "historic": "memorial",
            "material": "stone",
            "memorial": "plaque",
            "osm_type": "n"
          }
        },
        "historic": {
          "type": "memorial",
          "memorial": "plaque"
        },
        "distance": 21822,
        "place_id": "514a1e99582a3b3640596b9fe9807f154940f00103f901bb4e1bcc020000009203285720686fc582647a69652073747261c5bc616b6f6d205a69656d692052616b737a6177736b69656a"
      },
      "geometry": {
        "type": "Point",
        "coordinates": [
          22.2311149,
          50.1679536
        ]
      }
    },
    {
      "type": "Feature",
      "properties": {
        "name": "MIchał Anioł",
        "country": "Polska",
        "country_code": "pl",
        "state": "województwo podkarpackie",
        "county": "powiat łańcucki",
        "city": "Markowa",
        "hamlet": "Zagumnie",
        "municipality": "gmina Markowa",
        "postcode": "37-120",
        "street": "Wąska",
        "iso3166_2": "PL-18",
        "lon": 22.2961422,
        "lat": 49.9800325,
        "state_code": "PK",
        "formatted": "MIchał Anioł, Wąska, 37-120 Markowa, Polska",
        "address_line1": "MIchał Anioł",
        "address_line2": "Wąska, 37-120 Markowa, Polska",
        "categories": [
          "tourism",
          "tourism.sights",
          "tourism.sights.memorial"
        ],
        "details": [
          "details.historic"
        ],
        "datasource": {
          "sourcename": "openstreetmap",
          "attribution": "© OpenStreetMap contributors",
          "license": "Open Database License",
          "url": "https://www.openstreetmap.org/copyright",
          "raw": {
            "lat": 49.9800325,
            "lon": 22.2961422,
            "name": "MIchał Anioł",
            "osm_id": 4254693951,
            "historic": "memorial",
            "memorial": "statue",
            "osm_type": "n"
          }
        },
        "historic": {
          "type": "memorial",
          "memorial": "statue"
        },
        "distance": 21879,
        "place_id": "512af7a7f9cf4b364059314278b471fd4840f00103f9013f7a99fd0000000092030e4d49636861c58220416e696fc582"
      },
      "geometry": {
        "type": "Point",
        "coordinates": [
          22.2961422,
          49.9800325
        ]
      }
    },
    {
      "type": "Feature",
      "properties": {
        "name": "Niepodległość",
        "country": "Polska",
        "country_code": "pl",
        "state": "województwo podkarpackie",
        "county": "powiat ropczycko-sędziszowski",
        "city": "Sędziszów Małopolski",
        "municipality": "gmina Sędziszów Małopolski",
        "postcode": "39-120",
        "district": "Śródmieście",
        "street": "Rynek",
        "iso3166_2": "PL-18",
        "lon": 21.7000558,
        "lat": 50.0704045,
        "state_code": "PK",
        "formatted": "Niepodległość, Rynek, 39-120 Sędziszów Małopolski, Polska",
        "address_line1": "Niepodległość",
        "address_line2": "Rynek, 39-120 Sędziszów Małopolski, Polska",
        "categories": [
          "tourism",
          "tourism.sights",
          "tourism.sights.memorial"
        ],
        "details": [],
        "datasource": {
          "sourcename": "openstreetmap",
          "attribution": "© OpenStreetMap contributors",
          "license": "Open Database License",
          "url": "https://www.openstreetmap.org/copyright",
          "raw": {
            "lat": 50.0704045,
            "lon": 21.7000558,
            "name": "Niepodległość",
            "osm_id": 2725133530,
            "historic": "memorial",
            "osm_type": "n"
          }
        },
        "historic": {
          "type": "memorial"
        },
        "distance": 22082,
        "place_id": "5108605edb36b3354059e17ec00303094940f00103f901da3c6ea2000000009203104e6965706f646c6567c5826fc59bc487"
      },
      "geometry": {
        "type": "Point",
        "coordinates": [
          21.7000558,
          50.0704045
        ]
      }
    },
    {
      "type": "Feature",
      "properties": {
        "name": "Obelisk upamiętniający miejsce urodzenia Leopolda Lisa-Kuli",
        "country": "Polska",
        "country_code": "pl",
        "state": "województwo podkarpackie",
        "county": "powiat łańcucki",
        "city": "Kosina",
        "municipality": "gmina Łańcut",
        "postcode": "37-112",
        "street": "94",
        "iso3166_2": "PL-18",
        "lon": 22.3067321,
        "lat": 50.0837512,
        "state_code": "PK",
        "formatted": "Obelisk upamiętniający miejsce urodzenia Leopolda Lisa-Kuli, 94, 37-112 Kosina, Polska",
        "address_line1": "Obelisk upamiętniający miejsce urodzenia Leopolda Lisa-Kuli",
        "address_line2": "94, 37-112 Kosina, Polska",
        "categories": [
          "tourism",
          "tourism.sights",
          "tourism.sights.memorial"
        ],
        "details": [
          "details.wiki_and_media"
        ],
        "datasource": {
          "sourcename": "openstreetmap",
          "attribution": "© OpenStreetMap contributors",
          "license": "Open Database License",
          "url": "https://www.openstreetmap.org/copyright",
          "raw": {
            "lat": 50.0837512,
            "lon": 22.3067321,
            "name": "Obelisk upamiętniający miejsce urodzenia Leopolda Lisa-Kuli",
            "image": "http://commons.wikimedia.org/wiki/File:Obelisk_commemorating_the_birthplace_of_Leopold_Lis-Kula.jpg",
            "osm_id": 3252781139,
            "historic": "memorial",
            "osm_type": "n"
          }
        },
        "wiki_and_media": {
          "image": "http://commons.wikimedia.org/wiki/File:Obelisk_commemorating_the_birthplace_of_Leopold_Lis-Kula.jpg"
        },
        "historic": {
          "type": "memorial"
        },
        "distance": 22292,
        "place_id": "512722b2fe854e3640591980fc5bb80a4940f00103f9015380e1c10000000092033d4f62656c69736b207570616d69c499746e69616ac4856379206d69656a7363652075726f647a656e6961204c656f706f6c6461204c6973612d4b756c69"
      },
      "geometry": {
        "type": "Point",
        "coordinates": [
          22.3067321,
          50.0837512
        ]
      }
    },
    {
      "type": "Feature",
      "properties": {
        "name": "im. Jana Pawła II",
        "country": "Polska",
        "country_code": "pl",
        "state": "województwo podkarpackie",
        "county": "powiat strzyżowski",
        "city": "Niebylec",
        "hamlet": "Dwór",
        "municipality": "gmina Niebylec",
        "postcode": "38-114",
        "street": "19",
        "iso3166_2": "PL-18",
        "lon": 21.925545,
        "lat": 49.842305,
        "state_code": "PK",
        "formatted": "im. Jana Pawła II, 19, 38-114 Niebylec, Polska",
        "address_line1": "im. Jana Pawła II",
        "address_line2": "19, 38-114 Niebylec, Polska",
        "categories": [
          "tourism",
          "tourism.sights",
          "tourism.sights.memorial",
          "tourism.sights.memorial.monument"
        ],
        "details": [],
        "datasource": {
          "sourcename": "openstreetmap",
          "attribution": "© OpenStreetMap contributors",
          "license": "Open Database License",
          "url": "https://www.openstreetmap.org/copyright",
          "raw": {
            "lat": 49.842305,
            "lon": 21.925545,
            "name": "im. Jana Pawła II",
            "osm_id": 3424616160,
            "historic": "monument",
            "osm_type": "n",
            "subject:wikidata": "Q989"
          }
        },
        "historic": {
          "type": "monument"
        },
        "distance": 22376,
        "place_id": "51f0f96184f0ec354059ef2076a6d0eb4840f00103f901e07e1fcc00000000920312696d2e204a616e6120506177c58261204949"
      },
      "geometry": {
        "type": "Point",
        "coordinates": [
          21.925545,
          49.842305
        ]
      }
    },
    {
      "type": "Feature",
      "properties": {
        "name": "500 lat Sędziszowa",
        "country": "Polska",
        "country_code": "pl",
        "state": "województwo podkarpackie",
        "county": "powiat ropczycko-sędziszowski",
        "city": "Sędziszów Małopolski",
        "municipality": "gmina Sędziszów Małopolski",
        "postcode": "39-120",
        "district": "Śródmieście",
        "street": "3 Maja",
        "iso3166_2": "PL-18",
        "lon": 21.6941202,
        "lat": 50.0694082,
        "state_code": "PK",
        "formatted": "500 lat Sędziszowa, 3 Maja, 39-120 Sędziszów Małopolski, Polska",
        "address_line1": "500 lat Sędziszowa",
        "address_line2": "3 Maja, 39-120 Sędziszów Małopolski, Polska",
        "categories": [
          "tourism",
          "tourism.sights",
          "tourism.sights.memorial"
        ],
        "details": [],
        "datasource": {
          "sourcename": "openstreetmap",
          "attribution": "© OpenStreetMap contributors",
          "license": "Open Database License",
          "url": "https://www.openstreetmap.org/copyright",
          "raw": {
            "lat": 50.0694082,
            "lon": 21.6941202,
            "name": "500 lat Sędziszowa",
            "osm_id": 11090173728,
            "historic": "memorial",
            "osm_type": "n"
          }
        },
        "historic": {
          "type": "memorial"
        },
        "distance": 22483,
        "place_id": "51347e86dcb1b135405980892e5ee2084940f00103f901209f069502000000920313353030206c61742053c499647a69737a6f7761"
      },
      "geometry": {
        "type": "Point",
        "coordinates": [
          21.6941202,
          50.0694082
        ]
      }
    },
    {
      "type": "Feature",
      "properties": {
        "name": "Pomnik Grunwaldu",
        "country": "Polska",
        "country_code": "pl",
        "state": "województwo podkarpackie",
        "county": "powiat ropczycko-sędziszowski",
        "city": "Sędziszów Małopolski",
        "hamlet": "Popowiec",
        "municipality": "gmina Sędziszów Małopolski",
        "postcode": "39-120",
        "district": "Wolica Piaskowa",
        "street": "Niepodległości",
        "iso3166_2": "PL-18",
        "lon": 21.6976278,
        "lat": 50.081977,
        "state_code": "PK",
        "formatted": "Pomnik Grunwaldu, Niepodległości, 39-120 Sędziszów Małopolski, Polska",
        "address_line1": "Pomnik Grunwaldu",
        "address_line2": "Niepodległości, 39-120 Sędziszów Małopolski, Polska",
        "categories": [
          "tourism",
          "tourism.sights",
          "tourism.sights.memorial"
        ],
        "details": [
          "details.historic"
        ],
        "datasource": {
          "sourcename": "openstreetmap",
          "attribution": "© OpenStreetMap contributors",
          "license": "Open Database License",
          "url": "https://www.openstreetmap.org/copyright",
          "raw": {
            "lat": 50.081977,
            "lon": 21.6976278,
            "name": "Pomnik Grunwaldu",
            "osm_id": 6778320143,
            "historic": "memorial",
            "memorial": "war_memorial",
            "osm_type": "n",
            "start_date": 1910,
            "subject:wikidata": "Q33570"
          }
        },
        "historic": {
          "type": "memorial",
          "start_date": 1910,
          "memorial": "war_memorial"
        },
        "distance": 22502,
        "place_id": "51cac749bc97b23540591903eb387e0a4940f00103f9010ff5049401000000920310506f6d6e696b204772756e77616c6475"
      },
      "geometry": {
        "type": "Point",
        "coordinates": [
          21.6976278,
          50.081977
        ]
      }
    },
    {
      "type": "Feature",
      "properties": {
        "name": "Miejsc walk o Żarnowskie Mosty",
        "country": "Polska",
        "country_code": "pl",
        "state": "województwo podkarpackie",
        "county": "powiat strzyżowski",
        "city": "Żarnowa",
        "hamlet": "Za Wodą",
        "municipality": "gmina Strzyżów",
        "postcode": "38-100",
        "street": "988",
        "iso3166_2": "PL-18",
        "lon": 21.8168266,
        "lat": 49.8742191,
        "state_code": "PK",
        "formatted": "Miejsc walk o Żarnowskie Mosty, 988, 38-100 Żarnowa, Polska",
        "address_line1": "Miejsc walk o Żarnowskie Mosty",
        "address_line2": "988, 38-100 Żarnowa, Polska",
        "categories": [
          "tourism",
          "tourism.sights",
          "tourism.sights.memorial"
        ],
        "details": [
          "details.historic"
        ],
        "datasource": {
          "sourcename": "openstreetmap",
          "attribution": "© OpenStreetMap contributors",
          "license": "Open Database License",
          "url": "https://www.openstreetmap.org/copyright",
          "raw": {
            "lat": 49.8742191,
            "lon": 21.8168266,
            "name": "Miejsc walk o Żarnowskie Mosty",
            "osm_id": 6419608528,
            "historic": "memorial",
            "memorial": "war_memorial",
            "osm_type": "n",
            "start_date": 1969,
            "inscription": "Tu 28 lipca 1944 r. miejscowy oddział AK w walce z okupantem niemieckim ochronił mosty przed zniszczeniem – w XXV rocznicę PRL – ZBoWiD Żarnowa 1969"
          }
        },
        "historic": {
          "type": "memorial",
          "start_date": 1969,
          "memorial": "war_memorial",
          "inscription": "Tu 28 lipca 1944 r. miejscowy oddział AK w walce z okupantem niemieckim ochronił mosty przed zniszczeniem – w XXV rocznicę PRL – ZBoWiD Żarnowa 1969"
        },
        "distance": 22544,
        "place_id": "51bc804d8c1bd1354059ef045669e6ef4840f00103f901d073a37e0100000092031f4d69656a73632077616c6b206f20c5bb61726e6f77736b6965204d6f737479"
      },
      "geometry": {
        "type": "Point",
        "coordinates": [
          21.8168266,
          49.8742191
        ]
      }
    },
    {
      "type": "Feature",
      "properties": {
        "name": "100. rocznica urodzin Juliusza Słowackiego",
        "country": "Polska",
        "country_code": "pl",
        "state": "województwo podkarpackie",
        "county": "powiat rzeszowski",
        "city": "Sokołów Małopolski",
        "municipality": "gmina Sokołów Małopolski",
        "postcode": "36-050",
        "district": "Rynek",
        "street": "Rynek",
        "housenumber": "1",
        "iso3166_2": "PL-18",
        "lon": 22.1177537,
        "lat": 50.2297253,
        "state_code": "PK",
        "formatted": "100. rocznica urodzin Juliusza Słowackiego, Rynek 1, 36-050 Sokołów Małopolski, Polska",
        "address_line1": "100. rocznica urodzin Juliusza Słowackiego",
        "address_line2": "Rynek 1, 36-050 Sokołów Małopolski, Polska",
        "categories": [
          "tourism",
          "tourism.sights",
          "tourism.sights.memorial"
        ],
        "details": [
          "details.historic"
        ],
        "datasource": {
          "sourcename": "openstreetmap",
          "attribution": "© OpenStreetMap contributors",
          "license": "Open Database License",
          "url": "https://www.openstreetmap.org/copyright",
          "raw": {
            "lat": 50.2297253,
            "lon": 22.1177537,
            "city": "Sokołów Małopolski",
            "name": "100. rocznica urodzin Juliusza Słowackiego",
            "osm_id": 13952526655,
            "street": "Rynek",
            "historic": "memorial",
            "memorial": "plaque",
            "osm_type": "n",
            "postcode": "36-050",
            "_inherited": "",
            "housenumber": 1
          }
        },
        "historic": {
          "type": "memorial",
          "memorial": "plaque"
        },
        "distance": 22928,
        "place_id": "51a67b421b251e3640592a487da3671d4940f00103f9013fa9a23f0300000092032b3130302e20726f637a6e6963612075726f647a696e204a756c6975737a612053c5826f7761636b6965676f"
      },
      "geometry": {
        "type": "Point",
        "coordinates": [
          22.1177537,
          50.2297253
        ]
      }
    },
    {
      "type": "Feature",
      "properties": {
        "name": "200. rocznica uchwalenia Konstytucji 3 Maja",
        "country": "Polska",
        "country_code": "pl",
        "state": "województwo podkarpackie",
        "county": "powiat rzeszowski",
        "city": "Sokołów Małopolski",
        "municipality": "gmina Sokołów Małopolski",
        "postcode": "36-050",
        "district": "Rynek",
        "street": "Rynek",
        "housenumber": "1",
        "iso3166_2": "PL-18",
        "lon": 22.1177791,
        "lat": 50.2297843,
        "state_code": "PK",
        "formatted": "200. rocznica uchwalenia Konstytucji 3 Maja, Rynek 1, 36-050 Sokołów Małopolski, Polska",
        "address_line1": "200. rocznica uchwalenia Konstytucji 3 Maja",
        "address_line2": "Rynek 1, 36-050 Sokołów Małopolski, Polska",
        "categories": [
          "tourism",
          "tourism.sights",
          "tourism.sights.memorial"
        ],
        "details": [
          "details.historic"
        ],
        "datasource": {
          "sourcename": "openstreetmap",
          "attribution": "© OpenStreetMap contributors",
          "license": "Open Database License",
          "url": "https://www.openstreetmap.org/copyright",
          "raw": {
            "lat": 50.2297843,
            "lon": 22.1177791,
            "city": "Sokołów Małopolski",
            "name": "200. rocznica uchwalenia Konstytucji 3 Maja",
            "osm_id": 13952526656,
            "street": "Rynek",
            "historic": "memorial",
            "memorial": "plaque",
            "osm_type": "n",
            "postcode": "36-050",
            "_inherited": "",
            "housenumber": 1
          }
        },
        "historic": {
          "type": "memorial",
          "memorial": "plaque"
        },
        "distance": 22935,
        "place_id": "51fea666c5261e3640592fd16a92691d4940f00103f90140a9a23f0300000092032b3230302e20726f637a6e6963612075636877616c656e6961204b6f6e7374797475636a692033204d616a61"
      },
      "geometry": {
        "type": "Point",
        "coordinates": [
          22.1177791,
          50.2297843
        ]
      }
    },
    {
      "type": "Feature",
      "properties": {
        "name": "100. rocznica urodzin Jana Dostycha",
        "country": "Polska",
        "country_code": "pl",
        "state": "województwo podkarpackie",
        "county": "powiat rzeszowski",
        "city": "Sokołów Małopolski",
        "municipality": "gmina Sokołów Małopolski",
        "postcode": "36-050",
        "district": "Rynek",
        "street": "Rynek",
        "housenumber": "1",
        "iso3166_2": "PL-18",
        "lon": 22.1177915,
        "lat": 50.2298133,
        "state_code": "PK",
        "formatted": "100. rocznica urodzin Jana Dostycha, Rynek 1, 36-050 Sokołów Małopolski, Polska",
        "address_line1": "100. rocznica urodzin Jana Dostycha",
        "address_line2": "Rynek 1, 36-050 Sokołów Małopolski, Polska",
        "categories": [
          "tourism",
          "tourism.sights",
          "tourism.sights.memorial"
        ],
        "details": [
          "details.historic"
        ],
        "datasource": {
          "sourcename": "openstreetmap",
          "attribution": "© OpenStreetMap contributors",
          "license": "Open Database License",
          "url": "https://www.openstreetmap.org/copyright",
          "raw": {
            "lat": 50.2298133,
            "lon": 22.1177915,
            "city": "Sokołów Małopolski",
            "name": "100. rocznica urodzin Jana Dostycha",
            "osm_id": 13952526657,
            "street": "Rynek",
            "historic": "memorial",
            "memorial": "plaque",
            "osm_type": "n",
            "postcode": "36-050",
            "_inherited": "",
            "housenumber": 1
          }
        },
        "historic": {
          "type": "memorial",
          "memorial": "plaque"
        },
        "distance": 22938,
        "place_id": "512d3f7095271e364059cad7af856a1d4940f00103f90141a9a23f030000009203233130302e20726f637a6e6963612075726f647a696e204a616e6120446f737479636861"
      },
      "geometry": {
        "type": "Point",
        "coordinates": [
          22.1177915,
          50.2298133
        ]
      }
    },
    {
      "type": "Feature",
      "properties": {
        "name": "500. rocznica pogromu Krzyżaków pod Grunwaldem",
        "country": "Polska",
        "country_code": "pl",
        "state": "województwo podkarpackie",
        "county": "powiat rzeszowski",
        "city": "Sokołów Małopolski",
        "municipality": "gmina Sokołów Małopolski",
        "postcode": "36-050",
        "district": "Rynek",
        "street": "Rynek",
        "housenumber": "1",
        "iso3166_2": "PL-18",
        "lon": 22.1178046,
        "lat": 50.2298437,
        "state_code": "PK",
        "formatted": "500. rocznica pogromu Krzyżaków pod Grunwaldem, Rynek 1, 36-050 Sokołów Małopolski, Polska",
        "address_line1": "500. rocznica pogromu Krzyżaków pod Grunwaldem",
        "address_line2": "Rynek 1, 36-050 Sokołów Małopolski, Polska",
        "categories": [
          "tourism",
          "tourism.sights",
          "tourism.sights.memorial"
        ],
        "details": [
          "details.historic"
        ],
        "datasource": {
          "sourcename": "openstreetmap",
          "attribution": "© OpenStreetMap contributors",
          "license": "Open Database License",
          "url": "https://www.openstreetmap.org/copyright",
          "raw": {
            "lat": 50.2298437,
            "lon": 22.1178046,
            "city": "Sokołów Małopolski",
            "name": "500. rocznica pogromu Krzyżaków pod Grunwaldem",
            "osm_id": 13952526658,
            "street": "Rynek",
            "historic": "memorial",
            "memorial": "plaque",
            "osm_type": "n",
            "postcode": "36-050",
            "_inherited": "",
            "housenumber": 1
          }
        },
        "historic": {
          "type": "memorial",
          "memorial": "plaque"
        },
        "distance": 22942,
        "place_id": "5180513871281e3640598858b3846b1d4940f00103f90142a9a23f030000009203303530302e20726f637a6e69636120706f67726f6d75204b727a79c5bc616bc3b37720706f64204772756e77616c64656d"
      },
      "geometry": {
        "type": "Point",
        "coordinates": [
          22.1178046,
          50.2298437
        ]
      }
    },
    {
      "type": "Feature",
      "properties": {
        "name": "Krzyż poległych żołnierzy AK",
        "country": "Polska",
        "country_code": "pl",
        "state": "województwo podkarpackie",
        "county": "powiat strzyżowski",
        "city": "Strzyżów",
        "hamlet": "Na Grabówce",
        "municipality": "gmina Strzyżów",
        "postcode": "38-100",
        "district": "Działy Wschodnie",
        "street": "Rzeszowska",
        "iso3166_2": "PL-18",
        "lon": 21.8068781,
        "lat": 49.8742989,
        "state_code": "PK",
        "formatted": "Krzyż poległych żołnierzy AK, Rzeszowska, 38-100 Strzyżów, Polska",
        "address_line1": "Krzyż poległych żołnierzy AK",
        "address_line2": "Rzeszowska, 38-100 Strzyżów, Polska",
        "categories": [
          "tourism",
          "tourism.sights",
          "tourism.sights.memorial"
        ],
        "details": [],
        "datasource": {
          "sourcename": "openstreetmap",
          "attribution": "© OpenStreetMap contributors",
          "license": "Open Database License",
          "url": "https://www.openstreetmap.org/copyright",
          "raw": {
            "lat": 49.8742989,
            "lon": 21.8068781,
            "name": "Krzyż poległych żołnierzy AK",
            "osm_id": 4887632762,
            "historic": "memorial",
            "osm_type": "n",
            "subject:wikidata": "Q152529"
          }
        },
        "historic": {
          "type": "memorial"
        },
        "distance": 22970,
        "place_id": "51ce5b2b908fce354059e236bf06e9ef4840f00103f9017a5b5323010000009203204b727a79c5bc20706f6c6567c58279636820c5bc6fc5826e6965727a7920414b"
      },
      "geometry": {
        "type": "Point",
        "coordinates": [
          21.8068781,
          49.8742989
        ]
      }
    },
    {
      "type": "Feature",
      "properties": {
        "name": "Dawna Synagoga w Sokołowie Małopolskim",
        "country": "Polska",
        "country_code": "pl",
        "state": "województwo podkarpackie",
        "county": "powiat rzeszowski",
        "city": "Sokołów Małopolski",
        "municipality": "gmina Sokołów Małopolski",
        "postcode": "36-050",
        "district": "Rynek",
        "street": "Lubelska",
        "housenumber": "5",
        "iso3166_2": "PL-18",
        "lon": 22.1201663,
        "lat": 50.2311442,
        "state_code": "PK",
        "formatted": "Dawna Synagoga w Sokołowie Małopolskim, Lubelska 5, 36-050 Sokołów Małopolski, Polska",
        "address_line1": "Dawna Synagoga w Sokołowie Małopolskim",
        "address_line2": "Lubelska 5, 36-050 Sokołów Małopolski, Polska",
        "categories": [
          "tourism",
          "tourism.sights",
          "tourism.sights.memorial"
        ],
        "details": [
          "details",
          "details.place_of_worship"
        ],
        "datasource": {
          "sourcename": "openstreetmap",
          "attribution": "© OpenStreetMap contributors",
          "license": "Open Database License",
          "url": "https://www.openstreetmap.org/copyright",
          "raw": {
            "lat": 50.2311442,
            "lon": 22.1201663,
            "city": "Sokołów Małopolski",
            "osm_id": 11337873264,
            "street": "Lubelska",
            "name:pl": "Dawna Synagoga w Sokołowie Małopolskim",
            "historic": "memorial",
            "osm_type": "n",
            "postcode": "36-050",
            "religion": "jewish",
            "_inherited": "",
            "housenumber": 5,
            "disused:amenity": "place_of_worship"
          }
        },
        "name_international": {
          "pl": "Dawna Synagoga w Sokołowie Małopolskim"
        },
        "historic": {
          "type": "memorial"
        },
        "place_of_worship": {
          "religion": "jewish"
        },
        "distance": 23137,
        "place_id": "51d294f837c31e3640597ed41522961d4940f00103f9017037caa302000000"
      },
      "geometry": {
        "type": "Point",
        "coordinates": [
          22.1201663,
          50.2311442
        ]
      }
    },
    {
      "type": "Feature",
      "properties": {
        "name": "św. Jan Paweł II",
        "country": "Polska",
        "country_code": "pl",
        "state": "województwo podkarpackie",
        "county": "powiat ropczycko-sędziszowski",
        "city": "Sędziszów Małopolski",
        "municipality": "gmina Sędziszów Małopolski",
        "postcode": "39-120",
        "district": "Młodych",
        "neighbourhood": "Młodych",
        "street": "Mikołaja Ligęzy",
        "iso3166_2": "PL-18",
        "lon": 21.6826621,
        "lat": 50.0681433,
        "state_code": "PK",
        "formatted": "św. Jan Paweł II, Mikołaja Ligęzy, 39-120 Sędziszów Małopolski, Polska",
        "address_line1": "św. Jan Paweł II",
        "address_line2": "Mikołaja Ligęzy, 39-120 Sędziszów Małopolski, Polska",
        "categories": [
          "tourism",
          "tourism.sights",
          "tourism.sights.memorial"
        ],
        "details": [],
        "datasource": {
          "sourcename": "openstreetmap",
          "attribution": "© OpenStreetMap contributors",
          "license": "Open Database License",
          "url": "https://www.openstreetmap.org/copyright",
          "raw": {
            "lat": 50.0681433,
            "lon": 21.6826621,
            "name": "św. Jan Paweł II",
            "osm_id": 13317086963,
            "historic": "memorial",
            "osm_type": "n"
          }
        },
        "historic": {
          "type": "memorial"
        },
        "distance": 23273,
        "place_id": "51fcb781f1c2ae35405984786eebb8084940f00103f901f39ec21903000000920312c59b772e204a616e2050617765c582204949"
      },
      "geometry": {
        "type": "Point",
        "coordinates": [
          21.6826621,
          50.0681433
        ]
      }
    },
    {
      "type": "Feature",
      "properties": {
        "name": "kardynał Stefan Wyszyński",
        "country": "Polska",
        "country_code": "pl",
        "state": "województwo podkarpackie",
        "county": "powiat ropczycko-sędziszowski",
        "city": "Góra Ropczycka",
        "hamlet": "Nawsie",
        "municipality": "gmina Sędziszów Małopolski",
        "postcode": "39-120",
        "street": "Parkowa",
        "iso3166_2": "PL-18",
        "lon": 21.6777378,
        "lat": 50.024494,
        "state_code": "PK",
        "formatted": "kardynał Stefan Wyszyński, Parkowa, 39-120 Góra Ropczycka, Polska",
        "address_line1": "kardynał Stefan Wyszyński",
        "address_line2": "Parkowa, 39-120 Góra Ropczycka, Polska",
        "categories": [
          "tourism",
          "tourism.sights",
          "tourism.sights.memorial"
        ],
        "details": [],
        "datasource": {
          "sourcename": "openstreetmap",
          "attribution": "© OpenStreetMap contributors",
          "license": "Open Database License",
          "url": "https://www.openstreetmap.org/copyright",
          "raw": {
            "lat": 50.024494,
            "lon": 21.6777378,
            "name": "kardynał Stefan Wyszyński",
            "osm_id": 9231902771,
            "historic": "memorial",
            "osm_type": "n"
          }
        },
        "historic": {
          "type": "memorial"
        },
        "distance": 23418,
        "place_id": "515343763980ad3540595f79909e22034940f00103f90133a843260200000092031b6b617264796e61c5822053746566616e205779737a79c584736b69"
      },
      "geometry": {
        "type": "Point",
        "coordinates": [
          21.6777378,
          50.024494
        ]
      }
    },
    {
      "type": "Feature",
      "properties": {
        "name": "Jan Paweł II",
        "country": "Polska",
        "country_code": "pl",
        "state": "województwo podkarpackie",
        "county": "powiat ropczycko-sędziszowski",
        "city": "Góra Ropczycka",
        "hamlet": "Nawsie",
        "municipality": "gmina Sędziszów Małopolski",
        "postcode": "39-120",
        "street": "Parkowa",
        "iso3166_2": "PL-18",
        "lon": 21.6777331,
        "lat": 50.0244055,
        "state_code": "PK",
        "formatted": "Jan Paweł II, Parkowa, 39-120 Góra Ropczycka, Polska",
        "address_line1": "Jan Paweł II",
        "address_line2": "Parkowa, 39-120 Góra Ropczycka, Polska",
        "categories": [
          "tourism",
          "tourism.sights",
          "tourism.sights.memorial"
        ],
        "details": [],
        "datasource": {
          "sourcename": "openstreetmap",
          "attribution": "© OpenStreetMap contributors",
          "license": "Open Database License",
          "url": "https://www.openstreetmap.org/copyright",
          "raw": {
            "lat": 50.0244055,
            "lon": 21.6777331,
            "name": "Jan Paweł II",
            "osm_id": 9231902770,
            "historic": "memorial",
            "osm_type": "n"
          }
        },
        "historic": {
          "type": "memorial"
        },
        "distance": 23419,
        "place_id": "51adea9bea7fad354059d82b2cb81f034940f00103f90132a843260200000092030d4a616e2050617765c582204949"
      },
      "geometry": {
        "type": "Point",
        "coordinates": [
          21.6777331,
          50.0244055
        ]
      }
    },
    {
      "type": "Feature",
      "properties": {
        "name": "Grodzisko Chodakówka",
        "country": "Polska",
        "country_code": "pl",
        "state": "województwo podkarpackie",
        "county": "powiat przeworski",
        "city": "Sietesz",
        "hamlet": "Sietesz Dolna",
        "municipality": "gmina Kańczuga",
        "postcode": "37-206",
        "street": "881",
        "iso3166_2": "PL-18",
        "lon": 22.3201319,
        "lat": 49.9765858,
        "state_code": "PK",
        "formatted": "Grodzisko Chodakówka, 881, 37-206 Sietesz, Polska",
        "address_line1": "Grodzisko Chodakówka",
        "address_line2": "881, 37-206 Sietesz, Polska",
        "categories": [
          "heritage",
          "tourism",
          "tourism.sights",
          "tourism.sights.archaeological_site"
        ],
        "details": [
          "details",
          "details.heritage",
          "details.historic"
        ],
        "datasource": {
          "sourcename": "openstreetmap",
          "attribution": "© OpenStreetMap contributors",
          "license": "Open Database License",
          "url": "https://www.openstreetmap.org/copyright",
          "raw": {
            "lat": 49.9765858,
            "lon": 22.3201319,
            "url": "https://zabytek.pl/pl/obiekty/g-288028",
            "name": "Grodzisko Chodakówka",
            "osm_id": 7658721840,
            "ref:nid": "A-467 z 1969-07-14",
            "heritage": 2,
            "historic": "archaeological_site",
            "osm_type": "n",
            "ref:inspire": "PL.1.9.ZIPOZ.NID_A_18_AR.2569",
            "historic:period": "medieval",
            "heritage:operator": "nid",
            "fortification_type": "hill_fort",
            "archaeological_site": "fortification",
            "nid:inscription_date": "1969-07-14"
          }
        },
        "website": "https://zabytek.pl/pl/obiekty/g-288028",
        "ref_other": {
          "nid": "A-467 z 1969-07-14",
          "inspire": "PL.1.9.ZIPOZ.NID_A_18_AR.2569"
        },
        "historic": {
          "type": "archaeological_site",
          "period": "medieval",
          "fortification_type": "hill_fort"
        },
        "heritage": {
          "level": 2,
          "operator": "nid",
          "ref": "A-467 z 1969-07-14",
          "inscription_date": "1969-07-14"
        },
        "distance": 23637,
        "place_id": "5106e8082af451364059775e74c300fd4840f00103f90130d27ec80100000092031547726f647a69736b6f2043686f64616bc3b3776b61"
      },
      "geometry": {
        "type": "Point",
        "coordinates": [
          22.3201319,
          49.9765858
        ]
      }
    },
    {
      "type": "Feature",
      "properties": {
        "name": "Wincenty Witos",
        "country": "Polska",
        "country_code": "pl",
        "state": "województwo podkarpackie",
        "county": "powiat strzyżowski",
        "city": "Strzyżów",
        "hamlet": "Na Grabówce",
        "municipality": "gmina Strzyżów",
        "postcode": "38-100",
        "district": "Działy Zachodnie",
        "street": "Żarnowska",
        "iso3166_2": "PL-18",
        "lon": 21.8007471,
        "lat": 49.8697012,
        "state_code": "PK",
        "formatted": "Wincenty Witos, Żarnowska, 38-100 Strzyżów, Polska",
        "address_line1": "Wincenty Witos",
        "address_line2": "Żarnowska, 38-100 Strzyżów, Polska",
        "categories": [
          "tourism",
          "tourism.sights",
          "tourism.sights.memorial"
        ],
        "details": [
          "details.historic"
        ],
        "datasource": {
          "sourcename": "openstreetmap",
          "attribution": "© OpenStreetMap contributors",
          "license": "Open Database License",
          "url": "https://www.openstreetmap.org/copyright",
          "raw": {
            "lat": 49.8697012,
            "lon": 21.8007471,
            "name": "Wincenty Witos",
            "osm_id": 7095127545,
            "historic": "memorial",
            "memorial": "stone",
            "osm_type": "n"
          }
        },
        "historic": {
          "type": "memorial",
          "memorial": "stone"
        },
        "distance": 23644,
        "place_id": "51e9dd0ec3fdcc3540595fa5715e52ef4840f00103f901f90de7a60100000092030e57696e63656e7479205769746f73"
      },
      "geometry": {
        "type": "Point",
        "coordinates": [
          21.8007471,
          49.8697012
        ]
      }
    },
    {
      "type": "Feature",
      "properties": {
        "name": "100. rocznica walki o niepodległość Ojczyzny",
        "country": "Polska",
        "country_code": "pl",
        "state": "województwo podkarpackie",
        "county": "powiat strzyżowski",
        "city": "Strzyżów",
        "municipality": "gmina Strzyżów",
        "postcode": "38-100",
        "district": "Zawale",
        "street": "Mostowa",
        "housenumber": "2",
        "iso3166_2": "PL-18",
        "lon": 21.794307,
        "lat": 49.869734,
        "state_code": "PK",
        "formatted": "100. rocznica walki o niepodległość Ojczyzny, Mostowa 2, 38-100 Strzyżów, Polska",
        "address_line1": "100. rocznica walki o niepodległość Ojczyzny",
        "address_line2": "Mostowa 2, 38-100 Strzyżów, Polska",
        "categories": [
          "tourism",
          "tourism.sights",
          "tourism.sights.memorial"
        ],
        "details": [
          "details.historic"
        ],
        "datasource": {
          "sourcename": "openstreetmap",
          "attribution": "© OpenStreetMap contributors",
          "license": "Open Database License",
          "url": "https://www.openstreetmap.org/copyright",
          "raw": {
            "lat": 49.869734,
            "lon": 21.794307,
            "city": "Strzyżów",
            "name": "100. rocznica walki o niepodległość Ojczyzny",
            "osm_id": 12467734456,
            "street": "Mostowa",
            "historic": "memorial",
            "memorial": "plaque",
            "osm_type": "n",
            "postcode": "38-100",
            "_inherited": "",
            "housenumber": 2,
            "inscription": "PAMIĘCI BOHATERÓW | W SETNĄ ROCZNICĘ | WALKI O NIEPODLEGŁOŚĆ | OJCZYZNY | 1830-1930 | Rodacy"
          }
        },
        "historic": {
          "type": "memorial",
          "memorial": "plaque",
          "inscription": "PAMIĘCI BOHATERÓW | W SETNĄ ROCZNICĘ | WALKI O NIEPODLEGŁOŚĆ | OJCZYZNY | 1830-1930 | Rodacy"
        },
        "distance": 23929,
        "place_id": "51dffb1bb457cb354059111c977153ef4840f00103f901b88722e70200000092032f3130302e20726f637a6e6963612077616c6b69206f206e6965706f646c6567c5826fc59bc487204f6a637a797a6e79"
      },
      "geometry": {
        "type": "Point",
        "coordinates": [
          21.794307,
          49.869734
        ]
      }
    },
    {
      "type": "Feature",
      "properties": {
        "name": "Historia obiektu",
        "country": "Polska",
        "country_code": "pl",
        "state": "województwo podkarpackie",
        "county": "powiat strzyżowski",
        "city": "Strzyżów",
        "municipality": "gmina Strzyżów",
        "postcode": "38-100",
        "district": "Zawale",
        "street": "Mostowa",
        "housenumber": "2",
        "iso3166_2": "PL-18",
        "lon": 21.7943095,
        "lat": 49.8697171,
        "state_code": "PK",
        "formatted": "Historia obiektu, Mostowa 2, 38-100 Strzyżów, Polska",
        "address_line1": "Historia obiektu",
        "address_line2": "Mostowa 2, 38-100 Strzyżów, Polska",
        "categories": [
          "tourism",
          "tourism.sights",
          "tourism.sights.memorial"
        ],
        "details": [
          "details.historic"
        ],
        "datasource": {
          "sourcename": "openstreetmap",
          "attribution": "© OpenStreetMap contributors",
          "license": "Open Database License",
          "url": "https://www.openstreetmap.org/copyright",
          "raw": {
            "lat": 49.8697171,
            "lon": 21.7943095,
            "city": "Strzyżów",
            "name": "Historia obiektu",
            "osm_id": 3590423521,
            "street": "Mostowa",
            "historic": "memorial",
            "memorial": "plaque",
            "osm_type": "n",
            "postcode": "38-100",
            "_inherited": "",
            "housenumber": 2
          }
        },
        "historic": {
          "type": "memorial",
          "memorial": "plaque"
        },
        "distance": 23930,
        "place_id": "51f1660dde57cb354059d0a2d2e352ef4840f00103f901e18301d600000000920310486973746f726961206f6269656b7475"
      },
      "geometry": {
        "type": "Point",
        "coordinates": [
          21.7943095,
          49.8697171
        ]
      }
    },
    {
      "type": "Feature",
      "properties": {
        "name": "250. rocznica odsieczy wiedeńskiej",
        "country": "Polska",
        "country_code": "pl",
        "state": "województwo podkarpackie",
        "county": "powiat strzyżowski",
        "city": "Strzyżów",
        "municipality": "gmina Strzyżów",
        "postcode": "38-100",
        "district": "Zawale",
        "street": "Mostowa",
        "housenumber": "2",
        "iso3166_2": "PL-18",
        "lon": 21.794322,
        "lat": 49.8696218,
        "state_code": "PK",
        "formatted": "250. rocznica odsieczy wiedeńskiej, Mostowa 2, 38-100 Strzyżów, Polska",
        "address_line1": "250. rocznica odsieczy wiedeńskiej",
        "address_line2": "Mostowa 2, 38-100 Strzyżów, Polska",
        "categories": [
          "tourism",
          "tourism.sights",
          "tourism.sights.memorial"
        ],
        "details": [
          "details.historic"
        ],
        "datasource": {
          "sourcename": "openstreetmap",
          "attribution": "© OpenStreetMap contributors",
          "license": "Open Database License",
          "url": "https://www.openstreetmap.org/copyright",
          "raw": {
            "lat": 49.8696218,
            "lon": 21.794322,
            "city": "Strzyżów",
            "name": "250. rocznica odsieczy wiedeńskiej",
            "osm_id": 3590423360,
            "street": "Mostowa",
            "historic": "memorial",
            "memorial": "plaque",
            "osm_type": "n",
            "postcode": "38-100",
            "_inherited": "",
            "housenumber": 2
          }
        },
        "historic": {
          "type": "memorial",
          "memorial": "plaque"
        },
        "distance": 23938,
        "place_id": "514a7ec4af58cb354059bf7163c44fef4840f00103f901408301d6000000009203233235302e20726f637a6e696361206f64736965637a79207769656465c584736b69656a"
      },
      "geometry": {
        "type": "Point",
        "coordinates": [
          21.794322,
          49.8696218
        ]
      }
    },
    {
      "type": "Feature",
      "properties": {
        "name": "Pomnik dr. Henryka Jordana",
        "country": "Polska",
        "country_code": "pl",
        "state": "województwo podkarpackie",
        "county": "powiat strzyżowski",
        "city": "Strzyżów",
        "municipality": "gmina Strzyżów",
        "postcode": "38-100",
        "district": "Zawale",
        "street": "Juliusza Słowackiego",
        "iso3166_2": "PL-18",
        "lon": 21.7928396,
        "lat": 49.8699945,
        "state_code": "PK",
        "formatted": "Pomnik dr. Henryka Jordana, Juliusza Słowackiego, 38-100 Strzyżów, Polska",
        "address_line1": "Pomnik dr. Henryka Jordana",
        "address_line2": "Juliusza Słowackiego, 38-100 Strzyżów, Polska",
        "categories": [
          "tourism",
          "tourism.sights",
          "tourism.sights.memorial"
        ],
        "details": [],
        "datasource": {
          "sourcename": "openstreetmap",
          "attribution": "© OpenStreetMap contributors",
          "license": "Open Database License",
          "url": "https://www.openstreetmap.org/copyright",
          "raw": {
            "lat": 49.8699945,
            "lon": 21.7928396,
            "name": "Pomnik dr. Henryka Jordana",
            "osm_id": 2663462547,
            "historic": "memorial",
            "osm_type": "n",
            "subject:wikidata": "Q4554347"
          }
        },
        "historic": {
          "type": "memorial"
        },
        "distance": 23973,
        "place_id": "5146f93889f7ca3540599599d2fa5bef4840f00103f9019336c19e0000000092031a506f6d6e696b2064722e2048656e72796b61204a6f7264616e61"
      },
      "geometry": {
        "type": "Point",
        "coordinates": [
          21.7928396,
          49.8699945
        ]
      }
    },
    {
      "type": "Feature",
      "properties": {
        "name": "Pomnik Józefa Piłsudskiego",
        "country": "Polska",
        "country_code": "pl",
        "state": "województwo podkarpackie",
        "county": "powiat strzyżowski",
        "city": "Strzyżów",
        "municipality": "gmina Strzyżów",
        "postcode": "38-100",
        "district": "Zawale",
        "street": "Juliusza Słowackiego",
        "iso3166_2": "PL-18",
        "lon": 21.7933372,
        "lat": 49.8696134,
        "state_code": "PK",
        "formatted": "Pomnik Józefa Piłsudskiego, Juliusza Słowackiego, 38-100 Strzyżów, Polska",
        "address_line1": "Pomnik Józefa Piłsudskiego",
        "address_line2": "Juliusza Słowackiego, 38-100 Strzyżów, Polska",
        "categories": [
          "tourism",
          "tourism.sights",
          "tourism.sights.memorial"
        ],
        "details": [],
        "datasource": {
          "sourcename": "openstreetmap",
          "attribution": "© OpenStreetMap contributors",
          "license": "Open Database License",
          "url": "https://www.openstreetmap.org/copyright",
          "raw": {
            "lat": 49.8696134,
            "lon": 21.7933372,
            "name": "Pomnik Józefa Piłsudskiego",
            "osm_id": 2663462546,
            "historic": "memorial",
            "osm_type": "n",
            "subject:wikidata": "Q885"
          }
        },
        "historic": {
          "type": "memorial"
        },
        "distance": 23983,
        "place_id": "5141b3902518cb354059e994ec7d4fef4840f00103f9019236c19e0000000092031c506f6d6e696b204ac3b37a656661205069c582737564736b6965676f"
      },
      "geometry": {
        "type": "Point",
        "coordinates": [
          21.7933372,
          49.8696134
        ]
      }
    },
    {
      "type": "Feature",
      "properties": {
        "name": "Murowany krzyż pzydrożny z 1921 roku",
        "country": "Polska",
        "country_code": "pl",
        "state": "województwo podkarpackie",
        "county": "powiat ropczycko-sędziszowski",
        "city": "Ropczyce",
        "hamlet": "Brzyzna Górna",
        "municipality": "gmina Ropczyce",
        "postcode": "39-105",
        "district": "Brzyzna Dolna",
        "street": "Ogrodnicza",
        "iso3166_2": "PL-18",
        "lon": 21.6726316,
        "lat": 50.0046596,
        "state_code": "PK",
        "formatted": "Murowany krzyż pzydrożny z 1921 roku, Ogrodnicza, 39-105 Ropczyce, Polska",
        "address_line1": "Murowany krzyż pzydrożny z 1921 roku",
        "address_line2": "Ogrodnicza, 39-105 Ropczyce, Polska",
        "categories": [
          "tourism",
          "tourism.sights",
          "tourism.sights.memorial",
          "tourism.sights.memorial.wayside_cross"
        ],
        "details": [
          "details.historic"
        ],
        "datasource": {
          "sourcename": "openstreetmap",
          "attribution": "© OpenStreetMap contributors",
          "license": "Open Database License",
          "url": "https://www.openstreetmap.org/copyright",
          "raw": {
            "lat": 50.0046596,
            "lon": 21.6726316,
            "name": "Murowany krzyż pzydrożny z 1921 roku",
            "osm_id": 11083789272,
            "historic": "wayside_cross",
            "material": "concrete",
            "osm_type": "n",
            "inscription": "\"NA WIĘKSZĄ CHWAŁĘ BOŻĄ FUNDATOROWJE JAKÓB I ZOFIA OCHAŁOWJE, ROK 1921\""
          }
        },
        "historic": {
          "type": "wayside_cross",
          "inscription": "\"NA WIĘKSZĄ CHWAŁĘ BOŻĄ FUNDATOROWJE JAKÓB I ZOFIA OCHAŁOWJE, ROK 1921\""
        },
        "distance": 24018,
        "place_id": "519341a49531ac35405964ce8eaf98004940f00103f901d833a594020000009203264d75726f77616e79206b727a79c5bc20707a7964726fc5bc6e79207a203139323120726f6b75"
      },
      "geometry": {
        "type": "Point",
        "coordinates": [
          21.6726316,
          50.0046596
        ]
      }
    },
    {
      "type": "Feature",
      "properties": {
        "name": "Pomnik poległych żołnierzy",
        "country": "Polska",
        "country_code": "pl",
        "state": "województwo podkarpackie",
        "county": "powiat strzyżowski",
        "city": "Strzyżów",
        "municipality": "gmina Strzyżów",
        "postcode": "38-100",
        "district": "Przekopna",
        "street": "Aleje: 1,2",
        "iso3166_2": "PL-18",
        "lon": 21.7835981,
        "lat": 49.8721037,
        "state_code": "PK",
        "formatted": "Pomnik poległych żołnierzy, Aleje: 1,2, 38-100 Strzyżów, Polska",
        "address_line1": "Pomnik poległych żołnierzy",
        "address_line2": "Aleje: 1,2, 38-100 Strzyżów, Polska",
        "categories": [
          "tourism",
          "tourism.sights",
          "tourism.sights.memorial"
        ],
        "details": [
          "details.historic"
        ],
        "datasource": {
          "sourcename": "openstreetmap",
          "attribution": "© OpenStreetMap contributors",
          "license": "Open Database License",
          "url": "https://www.openstreetmap.org/copyright",
          "raw": {
            "lat": 49.8721037,
            "lon": 21.7835981,
            "name": "Pomnik poległych żołnierzy",
            "osm_id": 10043206193,
            "historic": "memorial",
            "memorial": "war_memorial",
            "osm_type": "n",
            "start_date": "1 Wrześień 2004",
            "inscription": "Żołnierzom poległym w czasie I i II Wojny Światowej W dowód poamięci w 65 rocznice wybuchu II Wojny Światowej Społeczeństwo Strzyżowa"
          }
        },
        "historic": {
          "type": "memorial",
          "start_date": "1 Wrześień 2004",
          "memorial": "war_memorial",
          "inscription": "Żołnierzom poległym w czasie I i II Wojny Światowej W dowód poamięci w 65 rocznice wybuchu II Wojny Światowej Społeczeństwo Strzyżowa"
        },
        "distance": 24219,
        "place_id": "512eb594e299c83540593c1c1318a1ef4840f00103f901312a9f560200000092031d506f6d6e696b20706f6c6567c58279636820c5bc6fc5826e6965727a79"
      },
      "geometry": {
        "type": "Point",
        "coordinates": [
          21.7835981,
          49.8721037
        ]
      }
    },
    {
      "type": "Feature",
      "properties": {
        "name": "Krzyż Milenijny",
        "country": "Polska",
        "country_code": "pl",
        "state": "województwo podkarpackie",
        "county": "powiat rzeszowski",
        "city": "Szklary",
        "hamlet": "Góry",
        "municipality": "gmina Hyżne",
        "postcode": "36-025",
        "street": "835",
        "iso3166_2": "PL-18",
        "lon": 22.2459191,
        "lat": 49.8842739,
        "state_code": "PK",
        "formatted": "Krzyż Milenijny, 835, 36-025 Szklary, Polska",
        "address_line1": "Krzyż Milenijny",
        "address_line2": "835, 36-025 Szklary, Polska",
        "categories": [
          "man_made",
          "tourism",
          "tourism.sights",
          "tourism.sights.memorial",
          "tourism.sights.memorial.wayside_cross"
        ],
        "details": [
          "details.historic",
          "details.place_of_worship"
        ],
        "datasource": {
          "sourcename": "openstreetmap",
          "attribution": "© OpenStreetMap contributors",
          "license": "Open Database License",
          "url": "https://www.openstreetmap.org/copyright",
          "raw": {
            "lat": 49.8842739,
            "lon": 22.2459191,
            "name": "Krzyż Milenijny",
            "osm_id": 4632056593,
            "historic": "wayside_cross",
            "man_made": "cross",
            "osm_type": "n",
            "religion": "christian",
            "denomination": "roman_catholic"
          }
        },
        "historic": {
          "type": "wayside_cross",
          "object_type": "cross"
        },
        "place_of_worship": {
          "religion": "christian",
          "denomination": "roman_catholic"
        },
        "distance": 24288,
        "place_id": "5135f6db8df43e3640596a9a1ce32ff14840f00103f90111931714010000009203104b727a79c5bc204d696c656e696a6e79"
      },
      "geometry": {
        "type": "Point",
        "coordinates": [
          22.2459191,
          49.8842739
        ]
      }
    },
    {
      "type": "Feature",
      "properties": {
        "name": "Julian Przyboś",
        "country": "Polska",
        "country_code": "pl",
        "state": "województwo podkarpackie",
        "county": "powiat strzyżowski",
        "city": "Strzyżów",
        "municipality": "gmina Strzyżów",
        "postcode": "38-100",
        "district": "Przekopna",
        "street": "Jana Przecławczyka",
        "housenumber": "6",
        "iso3166_2": "PL-18",
        "lon": 21.7864014,
        "lat": 49.869329,
        "state_code": "PK",
        "formatted": "Julian Przyboś, Jana Przecławczyka 6, 38-100 Strzyżów, Polska",
        "address_line1": "Julian Przyboś",
        "address_line2": "Jana Przecławczyka 6, 38-100 Strzyżów, Polska",
        "categories": [
          "tourism",
          "tourism.sights",
          "tourism.sights.memorial"
        ],
        "details": [
          "details.historic"
        ],
        "datasource": {
          "sourcename": "openstreetmap",
          "attribution": "© OpenStreetMap contributors",
          "license": "Open Database License",
          "url": "https://www.openstreetmap.org/copyright",
          "raw": {
            "lat": 49.869329,
            "lon": 21.7864014,
            "city": "Strzyżów",
            "name": "Julian Przyboś",
            "osm_id": 12464976786,
            "street": "Jana Przecławczyka",
            "historic": "memorial",
            "memorial": "plaque",
            "osm_type": "n",
            "postcode": "38-100",
            "_inherited": "",
            "housenumber": 6
          }
        },
        "historic": {
          "type": "memorial",
          "memorial": "plaque"
        },
        "distance": 24324,
        "place_id": "515387269a51c9354059713b342c46ef4840f00103f9019273f8e60200000092030f4a756c69616e2050727a79626fc59b"
      },
      "geometry": {
        "type": "Point",
        "coordinates": [
          21.7864014,
          49.869329
        ]
      }
    },
    {
      "type": "Feature",
      "properties": {
        "name": "Pomnik Świętego Michała Archanioła",
        "country": "Polska",
        "country_code": "pl",
        "state": "województwo podkarpackie",
        "county": "powiat strzyżowski",
        "city": "Strzyżów",
        "municipality": "gmina Strzyżów",
        "postcode": "38-100",
        "district": "Przekopna",
        "street": "Rynek",
        "iso3166_2": "PL-18",
        "lon": 21.7867867,
        "lat": 49.8685801,
        "state_code": "PK",
        "formatted": "Pomnik Świętego Michała Archanioła, Rynek, 38-100 Strzyżów, Polska",
        "address_line1": "Pomnik Świętego Michała Archanioła",
        "address_line2": "Rynek, 38-100 Strzyżów, Polska",
        "categories": [
          "tourism",
          "tourism.sights",
          "tourism.sights.memorial"
        ],
        "details": [
          "details",
          "details.historic"
        ],
        "datasource": {
          "sourcename": "openstreetmap",
          "attribution": "© OpenStreetMap contributors",
          "license": "Open Database License",
          "url": "https://www.openstreetmap.org/copyright",
          "raw": {
            "lat": 49.8685801,
            "lon": 21.7867867,
            "name": "Pomnik Świętego Michała Archanioła",
            "osm_id": 2331894822,
            "historic": "memorial",
            "memorial": "statue",
            "osm_type": "n",
            "description": "ŚWIĘTY MICHALE \\ CHROŃ NAS OD ZŁEGO \\ A. D. 2005",
            "subject:wikidata": "Q45581"
          }
        },
        "description": "ŚWIĘTY MICHALE \\ CHROŃ NAS OD ZŁEGO \\ A. D. 2005",
        "historic": {
          "type": "memorial",
          "memorial": "statue"
        },
        "distance": 24371,
        "place_id": "51826d69da6ac93540596cbaf9a12def4840f00103f90126e4fd8a00000000920326506f6d6e696b20c59a7769c4997465676f204d69636861c582612041726368616e696fc58261"
      },
      "geometry": {
        "type": "Point",
        "coordinates": [
          21.7867867,
          49.8685801
        ]
      }
    },
    {
      "type": "Feature",
      "properties": {
        "name": "Dom, w którym mieszkał Wilhelm Zajączkowski",
        "country": "Polska",
        "country_code": "pl",
        "state": "województwo podkarpackie",
        "county": "powiat strzyżowski",
        "city": "Strzyżów",
        "municipality": "gmina Strzyżów",
        "postcode": "38-100",
        "district": "Przekopna",
        "street": "Rynek",
        "housenumber": "2",
        "iso3166_2": "PL-18",
        "lon": 21.7862416,
        "lat": 49.8688472,
        "state_code": "PK",
        "formatted": "Dom, w którym mieszkał Wilhelm Zajączkowski, Rynek 2, 38-100 Strzyżów, Polska",
        "address_line1": "Dom, w którym mieszkał Wilhelm Zajączkowski",
        "address_line2": "Rynek 2, 38-100 Strzyżów, Polska",
        "categories": [
          "tourism",
          "tourism.sights",
          "tourism.sights.memorial"
        ],
        "details": [
          "details.historic"
        ],
        "datasource": {
          "sourcename": "openstreetmap",
          "attribution": "© OpenStreetMap contributors",
          "license": "Open Database License",
          "url": "https://www.openstreetmap.org/copyright",
          "raw": {
            "lat": 49.8688472,
            "lon": 21.7862416,
            "city": "Strzyżów",
            "name": "Dom, w którym mieszkał Wilhelm Zajączkowski",
            "osm_id": 12464976781,
            "street": "Rynek",
            "historic": "memorial",
            "memorial": "plaque",
            "osm_type": "n",
            "postcode": "38-100",
            "_inherited": "",
            "housenumber": 2
          }
        },
        "historic": {
          "type": "memorial",
          "memorial": "plaque"
        },
        "distance": 24373,
        "place_id": "5135c1262147c93540594f9c926236ef4840f00103f9018d73f8e60200000092032e446f6d2c2077206b74c3b372796d206d6965737a6b61c5822057696c68656c6d205a616ac485637a6b6f77736b69"
      },
      "geometry": {
        "type": "Point",
        "coordinates": [
          21.7862416,
          49.8688472
        ]
      }
    },
    {
      "type": "Feature",
      "properties": {
        "name": "Jan Paweł II",
        "country": "Polska",
        "country_code": "pl",
        "state": "województwo podkarpackie",
        "county": "powiat rzeszowski",
        "city": "Szklary",
        "hamlet": "Stawki",
        "municipality": "gmina Hyżne",
        "postcode": "36-025",
        "street": "835",
        "iso3166_2": "PL-18",
        "lon": 22.2426374,
        "lat": 49.8808292,
        "state_code": "PK",
        "formatted": "Jan Paweł II, 835, 36-025 Szklary, Polska",
        "address_line1": "Jan Paweł II",
        "address_line2": "835, 36-025 Szklary, Polska",
        "categories": [
          "tourism",
          "tourism.sights",
          "tourism.sights.memorial"
        ],
        "details": [
          "details.historic"
        ],
        "datasource": {
          "sourcename": "openstreetmap",
          "attribution": "© OpenStreetMap contributors",
          "license": "Open Database License",
          "url": "https://www.openstreetmap.org/copyright",
          "raw": {
            "lat": 49.8808292,
            "lon": 22.2426374,
            "name": "Jan Paweł II",
            "osm_id": 4632056180,
            "historic": "memorial",
            "memorial": "statue",
            "osm_type": "n",
            "subject:wikidata": "Q989"
          }
        },
        "historic": {
          "type": "memorial",
          "memorial": "statue"
        },
        "distance": 24392,
        "place_id": "5156c9117c1d3e36405951aedf02bff04840f00103f901749117140100000092030d4a616e2050617765c582204949"
      },
      "geometry": {
        "type": "Point",
        "coordinates": [
          22.2426374,
          49.8808292
        ]
      }
    },
    {
      "type": "Feature",
      "properties": {
        "name": "Dąb Wolności",
        "country": "Polska",
        "country_code": "pl",
        "state": "województwo podkarpackie",
        "county": "powiat kolbuszowski",
        "city": "Bukowiec",
        "municipality": "gmina Kolbuszowa",
        "postcode": "36-100",
        "street": "987",
        "iso3166_2": "PL-18",
        "lon": 21.775007,
        "lat": 50.1996058,
        "state_code": "PK",
        "formatted": "Dąb Wolności, 987, 36-100 Bukowiec, Polska",
        "address_line1": "Dąb Wolności",
        "address_line2": "987, 36-100 Bukowiec, Polska",
        "categories": [
          "tourism",
          "tourism.sights",
          "tourism.sights.memorial"
        ],
        "details": [
          "details.historic",
          "details.wiki_and_media"
        ],
        "datasource": {
          "sourcename": "openstreetmap",
          "attribution": "© OpenStreetMap contributors",
          "license": "Open Database License",
          "url": "https://www.openstreetmap.org/copyright",
          "raw": {
            "lat": 50.1996058,
            "lon": 21.775007,
            "name": "Dąb Wolności",
            "osm_id": 12205640242,
            "historic": "memorial",
            "memorial": "stone",
            "osm_type": "n",
            "inscription": "DĄB WOLNOŚCI | POSADZONY Z INICJATYWY | BRONISŁAWA KOMOROWSKIEGO | PREZYDENTA RZECZYPOSPOLITEJ POLSKIEJ | WRAZ | Z OCHOTNICZYMI STRAŻAMI POŻARNYMI | I LASAMI PAŃSTWOWYMI | DLA WSPÓLNEGO UCZCZENIA | 25 LAT WOLNEJ POLSKI | 1989-2014 |OSP BUKOWIEC 25.10.2014",
            "wikimedia_commons": "File:Bukowiec, powiat kolbuszowski (Dąb Wolności) - kamień pamiątkowy.jpg"
          }
        },
        "wiki_and_media": {
          "wikimedia_commons": "File:Bukowiec, powiat kolbuszowski (Dąb Wolności) - kamień pamiątkowy.jpg"
        },
        "historic": {
          "type": "memorial",
          "memorial": "stone",
          "inscription": "DĄB WOLNOŚCI | POSADZONY Z INICJATYWY | BRONISŁAWA KOMOROWSKIEGO | PREZYDENTA RZECZYPOSPOLITEJ POLSKIEJ | WRAZ | Z OCHOTNICZYMI STRAŻAMI POŻARNYMI | I LASAMI PAŃSTWOWYMI | DLA WSPÓLNEGO UCZCZENIA | 25 LAT WOLNEJ POLSKI | 1989-2014 |OSP BUKOWIEC 25.10.2014"
        },
        "distance": 24400,
        "place_id": "51cb2bd7db66c6354059c48bcfae8c194940f00103f901324a83d70200000092030e44c4856220576f6c6e6fc59b6369"
      },
      "geometry": {
        "type": "Point",
        "coordinates": [
          21.775007,
          50.1996058
        ]
      }
    },
    {
      "type": "Feature",
      "properties": {
        "name": "Funkcjonariusze Policji Państwowej związani z powiatem strzyżowskim",
        "country": "Polska",
        "country_code": "pl",
        "state": "województwo podkarpackie",
        "county": "powiat strzyżowski",
        "city": "Strzyżów",
        "municipality": "gmina Strzyżów",
        "postcode": "38-100",
        "district": "Przekopna",
        "street": "Generała Władysława Andersa",
        "housenumber": "2",
        "iso3166_2": "PL-18",
        "lon": 21.7851529,
        "lat": 49.8686793,
        "state_code": "PK",
        "formatted": "Funkcjonariusze Policji Państwowej związani z powiatem strzyżowskim, Generała Władysława Andersa 2, 38-100 Strzyżów, Polska",
        "address_line1": "Funkcjonariusze Policji Państwowej związani z powiatem strzyżowskim",
        "address_line2": "Generała Władysława Andersa 2, 38-100 Strzyżów, Polska",
        "categories": [
          "tourism",
          "tourism.sights",
          "tourism.sights.memorial"
        ],
        "details": [
          "details.historic"
        ],
        "datasource": {
          "sourcename": "openstreetmap",
          "attribution": "© OpenStreetMap contributors",
          "license": "Open Database License",
          "url": "https://www.openstreetmap.org/copyright",
          "raw": {
            "lat": 49.8686793,
            "lon": 21.7851529,
            "city": "Strzyżów",
            "name": "Funkcjonariusze Policji Państwowej związani z powiatem strzyżowskim",
            "osm_id": 12464976785,
            "street": "Generała Władysława Andersa",
            "historic": "memorial",
            "memorial": "plaque",
            "osm_type": "n",
            "postcode": "38-100",
            "_inherited": "",
            "housenumber": 2
          }
        },
        "historic": {
          "type": "memorial",
          "memorial": "plaque"
        },
        "distance": 24437,
        "place_id": "510cdccbc7ffc8354059281b20e230ef4840f00103f9019173f8e60200000092034646756e6b636a6f6e61726975737a6520506f6c69636a69205061c5847374776f77656a207a7769c4857a616e69207a20706f77696174656d207374727a79c5bc6f77736b696d"
      },
      "geometry": {
        "type": "Point",
        "coordinates": [
          21.7851529,
          49.8686793
        ]
      }
    },
    {
      "type": "Feature",
      "properties": {
        "name": "Za Ojczyznę i Wolność",
        "country": "Polska",
        "country_code": "pl",
        "state": "województwo podkarpackie",
        "county": "powiat kolbuszowski",
        "city": "Stanieszewskie",
        "hamlet": "Zmysłów",
        "municipality": "gmina Raniżów",
        "postcode": "36-130",
        "street": "875",
        "iso3166_2": "PL-18",
        "lon": 22.0099958,
        "lat": 50.2575634,
        "state_code": "PK",
        "formatted": "Za Ojczyznę i Wolność, 875, 36-130 Stanieszewskie, Polska",
        "address_line1": "Za Ojczyznę i Wolność",
        "address_line2": "875, 36-130 Stanieszewskie, Polska",
        "categories": [
          "access",
          "access.yes",
          "tourism",
          "tourism.sights",
          "tourism.sights.memorial"
        ],
        "details": [
          "details.historic"
        ],
        "datasource": {
          "sourcename": "openstreetmap",
          "attribution": "© OpenStreetMap contributors",
          "license": "Open Database License",
          "url": "https://www.openstreetmap.org/copyright",
          "raw": {
            "lat": 50.2575634,
            "lon": 22.0099958,
            "name": "Za Ojczyznę i Wolność",
            "access": "yes",
            "osm_id": 3047049436,
            "historic": "memorial",
            "material": "stone",
            "memorial": "war_memorial",
            "osm_type": "n",
            "inscription": "Za Ojczyznę i Wolność / W dniu 13 lipca 1943 roku w czasie pacyfikacji wsi zginęli tu z rąk hitlerowskich faszystów za współpracę z podziemną organizacją \"ISKRA\"",
            "inscription:2": "Adamczyk Jan/Adamczyk Ludwik/Jurek Józef/Jurek Maria/Jurek Marcin/Łasica Paweł/Mazgaj Józef/Paduch Józef/Pomykała Jan/Tęcza Anna/Cześć Ich Pamięci!/Mieszkańcy Gr. Staniszewskie/1960"
          }
        },
        "historic": {
          "type": "memorial",
          "memorial": "war_memorial",
          "inscription": "Za Ojczyznę i Wolność / W dniu 13 lipca 1943 roku w czasie pacyfikacji wsi zginęli tu z rąk hitlerowskich faszystów za współpracę z podziemną organizacją \"ISKRA\""
        },
        "restrictions": {
          "access": "permissive"
        },
        "distance": 24537,
        "place_id": "51ec18b2158f02364059c3d265d6f7204940f00103f901dc489eb5000000009203185a61204f6a637a797a6ec499206920576f6c6e6fc59bc487"
      },
      "geometry": {
        "type": "Point",
        "coordinates": [
          22.0099958,
          50.2575634
        ]
      }
    },
    {
      "type": "Feature",
      "properties": {
        "name": "Jan Paweł II",
        "country": "Polska",
        "country_code": "pl",
        "state": "województwo podkarpackie",
        "county": "powiat łańcucki",
        "city": "Białobrzegi",
        "hamlet": "Na Polach",
        "municipality": "gmina Białobrzegi",
        "postcode": "37-114",
        "street": "A4",
        "iso3166_2": "PL-18",
        "lon": 22.3321124,
        "lat": 50.1017229,
        "state_code": "PK",
        "formatted": "Jan Paweł II, A4, 37-114 Białobrzegi, Polska",
        "address_line1": "Jan Paweł II",
        "address_line2": "A4, 37-114 Białobrzegi, Polska",
        "categories": [
          "tourism",
          "tourism.sights",
          "tourism.sights.memorial"
        ],
        "details": [],
        "datasource": {
          "sourcename": "openstreetmap",
          "attribution": "© OpenStreetMap contributors",
          "license": "Open Database License",
          "url": "https://www.openstreetmap.org/copyright",
          "raw": {
            "lat": 50.1017229,
            "lon": 22.3321124,
            "name": "Jan Paweł II",
            "osm_id": 7684375909,
            "historic": "memorial",
            "osm_type": "n"
          }
        },
        "historic": {
          "type": "memorial"
        },
        "distance": 24569,
        "place_id": "519898785105553640598c608841050d4940f00103f901654506ca0100000092030d4a616e2050617765c582204949"
      },
      "geometry": {
        "type": "Point",
        "coordinates": [
          22.3321124,
          50.1017229
        ]
      }
    },
    {
      "type": "Feature",
      "properties": {
        "name": "Maria Konopnicka",
        "country": "Polska",
        "country_code": "pl",
        "state": "województwo podkarpackie",
        "county": "powiat kolbuszowski",
        "city": "Zielonka",
        "municipality": "gmina Raniżów",
        "postcode": "36-130",
        "housenumber": "85",
        "iso3166_2": "PL-18",
        "lon": 22.0302023,
        "lat": 50.257743,
        "state_code": "PK",
        "formatted": "Maria Konopnicka, 85, 36-130 Zielonka, Polska",
        "address_line1": "Maria Konopnicka",
        "address_line2": "85, 36-130 Zielonka, Polska",
        "categories": [
          "tourism",
          "tourism.sights",
          "tourism.sights.memorial"
        ],
        "details": [
          "details.historic"
        ],
        "datasource": {
          "sourcename": "openstreetmap",
          "attribution": "© OpenStreetMap contributors",
          "license": "Open Database License",
          "url": "https://www.openstreetmap.org/copyright",
          "raw": {
            "lat": 50.257743,
            "lon": 22.0302023,
            "name": "Maria Konopnicka",
            "place": "Zielonka",
            "osm_id": 13544674717,
            "historic": "memorial",
            "memorial": "plaque",
            "osm_type": "n",
            "postcode": "36-130",
            "_inherited": "",
            "housenumber": 85
          }
        },
        "historic": {
          "type": "memorial",
          "memorial": "plaque"
        },
        "distance": 24625,
        "place_id": "5194c38256bb07364059efe2fdb8fd204940f00103f9019d555327030000009203104d61726961204b6f6e6f706e69636b61"
      },
      "geometry": {
        "type": "Point",
        "coordinates": [
          22.0302023,
          50.257743
        ]
      }
    },
    {
      "type": "Feature",
      "properties": {
        "name": "440. rocznica istnienia wsi Zielonka",
        "country": "Polska",
        "country_code": "pl",
        "state": "województwo podkarpackie",
        "county": "powiat kolbuszowski",
        "city": "Zielonka",
        "municipality": "gmina Raniżów",
        "postcode": "36-130",
        "housenumber": "93",
        "iso3166_2": "PL-18",
        "lon": 22.0274251,
        "lat": 50.2583035,
        "state_code": "PK",
        "formatted": "440. rocznica istnienia wsi Zielonka, 93, 36-130 Zielonka, Polska",
        "address_line1": "440. rocznica istnienia wsi Zielonka",
        "address_line2": "93, 36-130 Zielonka, Polska",
        "categories": [
          "tourism",
          "tourism.sights",
          "tourism.sights.memorial"
        ],
        "details": [
          "details.historic"
        ],
        "datasource": {
          "sourcename": "openstreetmap",
          "attribution": "© OpenStreetMap contributors",
          "license": "Open Database License",
          "url": "https://www.openstreetmap.org/copyright",
          "raw": {
            "lat": 50.2583035,
            "lon": 22.0274251,
            "name": "440. rocznica istnienia wsi Zielonka",
            "place": "Zielonka",
            "osm_id": 13544674719,
            "historic": "memorial",
            "memorial": "plaque",
            "osm_type": "n",
            "postcode": "36-130",
            "_inherited": "",
            "housenumber": 93
          }
        },
        "historic": {
          "type": "memorial",
          "memorial": "plaque"
        },
        "distance": 24673,
        "place_id": "51eb96d35405073640599e78ce1610214940f00103f9019f555327030000009203243434302e20726f637a6e696361206973746e69656e696120777369205a69656c6f6e6b61"
      },
      "geometry": {
        "type": "Point",
        "coordinates": [
          22.0274251,
          50.2583035
        ]
      }
    },
    {
      "type": "Feature",
      "properties": {
        "name": "Pomnik Grunwaldu",
        "country": "Polska",
        "country_code": "pl",
        "state": "województwo podkarpackie",
        "county": "powiat ropczycko-sędziszowski",
        "city": "Boreczek",
        "hamlet": "Pasieki",
        "municipality": "gmina Sędziszów Małopolski",
        "postcode": "39-120",
        "district": "Wolica Piaskowa",
        "street": "A4",
        "iso3166_2": "PL-18",
        "lon": 21.6944703,
        "lat": 50.1358934,
        "state_code": "PK",
        "formatted": "Pomnik Grunwaldu, A4, 39-120 Boreczek, Polska",
        "address_line1": "Pomnik Grunwaldu",
        "address_line2": "A4, 39-120 Boreczek, Polska",
        "categories": [
          "tourism",
          "tourism.sights",
          "tourism.sights.memorial"
        ],
        "details": [
          "details.historic"
        ],
        "datasource": {
          "sourcename": "openstreetmap",
          "attribution": "© OpenStreetMap contributors",
          "license": "Open Database License",
          "url": "https://www.openstreetmap.org/copyright",
          "raw": {
            "lat": 50.1358934,
            "lon": 21.6944703,
            "name": "Pomnik Grunwaldu",
            "osm_id": 6778320108,
            "historic": "memorial",
            "memorial": "war_memorial",
            "osm_type": "n",
            "start_date": 1910,
            "subject:wikidata": "Q33570"
          }
        },
        "historic": {
          "type": "memorial",
          "start_date": 1910,
          "memorial": "war_memorial"
        },
        "distance": 24733,
        "place_id": "51168b3acec8b1354059025f76f464114940f00103f901ecf4049401000000920310506f6d6e696b204772756e77616c6475"
      },
      "geometry": {
        "type": "Point",
        "coordinates": [
          21.6944703,
          50.1358934
        ]
      }
    },
    {
      "type": "Feature",
      "properties": {
        "name": "Pomnik Grunwaldzki",
        "country": "Polska",
        "country_code": "pl",
        "state": "województwo podkarpackie",
        "county": "powiat kolbuszowski",
        "city": "Raniżów",
        "hamlet": "Zagrody",
        "municipality": "gmina Raniżów",
        "postcode": "36-130",
        "street": "Grunwaldzka",
        "iso3166_2": "PL-18",
        "lon": 21.9744025,
        "lat": 50.2585892,
        "state_code": "PK",
        "formatted": "Pomnik Grunwaldzki, Grunwaldzka, 36-130 Raniżów, Polska",
        "address_line1": "Pomnik Grunwaldzki",
        "address_line2": "Grunwaldzka, 36-130 Raniżów, Polska",
        "categories": [
          "tourism",
          "tourism.sights",
          "tourism.sights.memorial"
        ],
        "details": [
          "details.place_of_worship"
        ],
        "datasource": {
          "sourcename": "openstreetmap",
          "attribution": "© OpenStreetMap contributors",
          "license": "Open Database License",
          "url": "https://www.openstreetmap.org/copyright",
          "raw": {
            "lat": 50.2585892,
            "lon": 21.9744025,
            "name": "Pomnik Grunwaldzki",
            "osm_id": 5252034257,
            "historic": "memorial",
            "osm_type": "n",
            "religion": "christian",
            "denomination": "catholic"
          }
        },
        "historic": {
          "type": "memorial"
        },
        "place_of_worship": {
          "religion": "christian",
          "denomination": "catholic"
        },
        "distance": 24738,
        "place_id": "5101a4367172f9354059a68c6e7319214940f00103f901d1ae0b3901000000920312506f6d6e696b204772756e77616c647a6b69"
      },
      "geometry": {
        "type": "Point",
        "coordinates": [
          21.9744025,
          50.2585892
        ]
      }
    },
    {
      "type": "Feature",
      "properties": {
        "name": "450-lecie istnienia wsi Zielonki-Ossówki",
        "country": "Polska",
        "country_code": "pl",
        "state": "województwo podkarpackie",
        "county": "powiat kolbuszowski",
        "city": "Zielonka",
        "hamlet": "Zmysłów",
        "municipality": "gmina Raniżów",
        "postcode": "36-130",
        "street": "875",
        "iso3166_2": "PL-18",
        "lon": 22.0170165,
        "lat": 50.2593081,
        "state_code": "PK",
        "formatted": "450-lecie istnienia wsi Zielonki-Ossówki, 875, 36-130 Zielonka, Polska",
        "address_line1": "450-lecie istnienia wsi Zielonki-Ossówki",
        "address_line2": "875, 36-130 Zielonka, Polska",
        "categories": [
          "tourism",
          "tourism.sights",
          "tourism.sights.memorial"
        ],
        "details": [
          "details.historic"
        ],
        "datasource": {
          "sourcename": "openstreetmap",
          "attribution": "© OpenStreetMap contributors",
          "license": "Open Database License",
          "url": "https://www.openstreetmap.org/copyright",
          "raw": {
            "lat": 50.2593081,
            "lon": 22.0170165,
            "name": "450-lecie istnienia wsi Zielonki-Ossówki",
            "osm_id": 13544674720,
            "historic": "memorial",
            "memorial": "plaque",
            "osm_type": "n"
          }
        },
        "historic": {
          "type": "memorial",
          "memorial": "plaque"
        },
        "distance": 24745,
        "place_id": "510dfe7e315b04364059408b000231214940f00103f901a0555327030000009203293435302d6c65636965206973746e69656e696120777369205a69656c6f6e6b692d4f7373c3b3776b69"
      },
      "geometry": {
        "type": "Point",
        "coordinates": [
          22.0170165,
          50.2593081
        ]
      }
    },
    {
      "type": "Feature",
      "properties": {
        "name": "Pomnik Jezusa Chrystusa",
        "country": "Polska",
        "country_code": "pl",
        "state": "województwo podkarpackie",
        "county": "powiat kolbuszowski",
        "city": "Raniżów",
        "hamlet": "Piaski",
        "municipality": "gmina Raniżów",
        "postcode": "36-130",
        "street": "Rynek",
        "iso3166_2": "PL-18",
        "lon": 21.97146,
        "lat": 50.2586938,
        "state_code": "PK",
        "formatted": "Pomnik Jezusa Chrystusa, Rynek, 36-130 Raniżów, Polska",
        "address_line1": "Pomnik Jezusa Chrystusa",
        "address_line2": "Rynek, 36-130 Raniżów, Polska",
        "categories": [
          "tourism",
          "tourism.sights",
          "tourism.sights.memorial"
        ],
        "details": [
          "details.historic"
        ],
        "datasource": {
          "sourcename": "openstreetmap",
          "attribution": "© OpenStreetMap contributors",
          "license": "Open Database License",
          "url": "https://www.openstreetmap.org/copyright",
          "raw": {
            "lat": 50.2586938,
            "lon": 21.97146,
            "name": "Pomnik Jezusa Chrystusa",
            "osm_id": 2506295815,
            "historic": "memorial",
            "memorial": "statue",
            "osm_type": "n",
            "subject:wikidata": "Q302"
          }
        },
        "historic": {
          "type": "memorial",
          "memorial": "statue"
        },
        "distance": 24769,
        "place_id": "51465f419ab1f8354059c856e1e01c214940f00103f901070a639500000000920317506f6d6e696b204a657a75736120436872797374757361"
      },
      "geometry": {
        "type": "Point",
        "coordinates": [
          21.97146,
          50.2586938
        ]
      }
    },
    {
      "type": "Feature",
      "properties": {
        "name": "Cmentarz Żydowski",
        "country": "Polska",
        "country_code": "pl",
        "state": "województwo podkarpackie",
        "county": "powiat kolbuszowski",
        "city": "Raniżów",
        "hamlet": "Piaski",
        "municipality": "gmina Raniżów",
        "postcode": "36-125",
        "street": "Młyńska",
        "iso3166_2": "PL-18",
        "lon": 21.9671456,
        "lat": 50.2615015,
        "state_code": "PK",
        "formatted": "Cmentarz Żydowski, Młyńska, 36-125 Raniżów, Polska",
        "address_line1": "Cmentarz Żydowski",
        "address_line2": "Młyńska, 36-125 Raniżów, Polska",
        "categories": [
          "tourism",
          "tourism.sights",
          "tourism.sights.memorial"
        ],
        "details": [],
        "datasource": {
          "sourcename": "openstreetmap",
          "attribution": "© OpenStreetMap contributors",
          "license": "Open Database License",
          "url": "https://www.openstreetmap.org/copyright",
          "raw": {
            "lat": 50.2615015,
            "lon": 21.9671456,
            "name": "Cmentarz Żydowski",
            "osm_id": 2990509179,
            "historic": "memorial",
            "osm_type": "n",
            "subject:wikidata": "Q2587808"
          }
        },
        "historic": {
          "type": "memorial"
        },
        "distance": 25110,
        "place_id": "516578a2da96f73540596f2d93e178214940f00103f9017b8c3fb200000000920312436d656e7461727a20c5bb79646f77736b69"
      },
      "geometry": {
        "type": "Point",
        "coordinates": [
          21.9671456,
          50.2615015
        ]
      }
    },
    {
      "type": "Feature",
      "properties": {
        "name": "im. Jana Pawła II",
        "country": "Polska",
        "country_code": "pl",
        "state": "województwo podkarpackie",
        "county": "powiat strzyżowski",
        "city": "Godowa",
        "hamlet": "Skała",
        "municipality": "gmina Strzyżów",
        "postcode": "38-100",
        "street": "989",
        "iso3166_2": "PL-18",
        "lon": 21.812896,
        "lat": 49.8452354,
        "state_code": "PK",
        "formatted": "im. Jana Pawła II, 989, 38-100 Godowa, Polska",
        "address_line1": "im. Jana Pawła II",
        "address_line2": "989, 38-100 Godowa, Polska",
        "categories": [
          "tourism",
          "tourism.sights",
          "tourism.sights.memorial"
        ],
        "details": [
          "details.historic"
        ],
        "datasource": {
          "sourcename": "openstreetmap",
          "attribution": "© OpenStreetMap contributors",
          "license": "Open Database License",
          "url": "https://www.openstreetmap.org/copyright",
          "raw": {
            "lat": 49.8452354,
            "lon": 21.812896,
            "name": "im. Jana Pawła II",
            "osm_id": 3818297763,
            "historic": "memorial",
            "memorial": "statue",
            "osm_type": "n",
            "subject:wikidata": "Q989"
          }
        },
        "historic": {
          "type": "memorial",
          "memorial": "statue"
        },
        "distance": 25360,
        "place_id": "51990cc7f319d0354059f33570ac30ec4840f00103f901a39996e300000000920312696d2e204a616e6120506177c58261204949"
      },
      "geometry": {
        "type": "Point",
        "coordinates": [
          21.812896,
          49.8452354
        ]
      }
    },
    {
      "type": "Feature",
      "properties": {
        "name": "Adam Mickiewicz",
        "country": "Polska",
        "country_code": "pl",
        "state": "województwo podkarpackie",
        "county": "powiat łańcucki",
        "city": "Żołynia",
        "hamlet": "Miasto",
        "municipality": "gmina Żołynia",
        "postcode": "37-110",
        "street": "Rynek",
        "iso3166_2": "PL-18",
        "lon": 22.3064933,
        "lat": 50.1601997,
        "state_code": "PK",
        "formatted": "Adam Mickiewicz, Rynek, 37-110 Żołynia, Polska",
        "address_line1": "Adam Mickiewicz",
        "address_line2": "Rynek, 37-110 Żołynia, Polska",
        "categories": [
          "tourism",
          "tourism.sights",
          "tourism.sights.memorial"
        ],
        "details": [
          "details.historic"
        ],
        "datasource": {
          "sourcename": "openstreetmap",
          "attribution": "© OpenStreetMap contributors",
          "license": "Open Database License",
          "url": "https://www.openstreetmap.org/copyright",
          "raw": {
            "lat": 50.1601997,
            "lon": 22.3064933,
            "name": "Adam Mickiewicz",
            "osm_id": 11524879459,
            "historic": "memorial",
            "memorial": "statue",
            "osm_type": "n",
            "inscription": "ADAMOWI MICKIEWICZOWI 1855-1955"
          }
        },
        "historic": {
          "type": "memorial",
          "memorial": "statue",
          "inscription": "ADAMOWI MICKIEWICZOWI 1855-1955"
        },
        "distance": 25617,
        "place_id": "5170f14b58764e3640591d2a7c6c81144940f00103f90163b4efae0200000092030f4164616d204d69636b69657769637a"
      },
      "geometry": {
        "type": "Point",
        "coordinates": [
          22.3064933,
          50.1601997
        ]
      }
    },
    {
      "type": "Feature",
      "properties": {
        "name": "Grób ofiar pacyfikacji wsi Gać",
        "country": "Polska",
        "country_code": "pl",
        "state": "województwo podkarpackie",
        "county": "powiat łańcucki",
        "city": "Markowa",
        "municipality": "gmina Markowa",
        "postcode": "37-120",
        "street": "881",
        "iso3166_2": "PL-18",
        "lon": 22.3663249,
        "lat": 50.028532,
        "state_code": "PK",
        "formatted": "Grób ofiar pacyfikacji wsi Gać, 881, 37-120 Markowa, Polska",
        "address_line1": "Grób ofiar pacyfikacji wsi Gać",
        "address_line2": "881, 37-120 Markowa, Polska",
        "categories": [
          "tourism",
          "tourism.sights",
          "tourism.sights.memorial"
        ],
        "details": [
          "details.historic"
        ],
        "datasource": {
          "sourcename": "openstreetmap",
          "attribution": "© OpenStreetMap contributors",
          "license": "Open Database License",
          "url": "https://www.openstreetmap.org/copyright",
          "raw": {
            "lat": 50.028532,
            "lon": 22.3663249,
            "name": "Grób ofiar pacyfikacji wsi Gać",
            "osm_id": 4577076664,
            "historic": "memorial",
            "memorial": "plaque",
            "osm_type": "n"
          }
        },
        "historic": {
          "type": "memorial",
          "memorial": "plaque"
        },
        "distance": 25977,
        "place_id": "51e135f977c75d364059da71c3efa6034940f00103f901b8a5d010010000009203204772c3b362206f66696172207061637966696b61636a6920777369204761c487"
      },
      "geometry": {
        "type": "Point",
        "coordinates": [
          22.3663249,
          50.028532
        ]
      }
    },
    {
      "type": "Feature",
      "properties": {
        "name": "Pamięci zmarłych kolegów myśliwych",
        "country": "Polska",
        "country_code": "pl",
        "state": "województwo podkarpackie",
        "county": "powiat leżajski",
        "city": "Brzóza Królewska",
        "hamlet": "Podlas",
        "municipality": "gmina Leżajsk",
        "postcode": "37-307",
        "street": "875",
        "iso3166_2": "PL-18",
        "lon": 22.2383773,
        "lat": 50.2168326,
        "state_code": "PK",
        "formatted": "Pamięci zmarłych kolegów myśliwych, 875, 37-307 Brzóza Królewska, Polska",
        "address_line1": "Pamięci zmarłych kolegów myśliwych",
        "address_line2": "875, 37-307 Brzóza Królewska, Polska",
        "categories": [
          "tourism",
          "tourism.sights",
          "tourism.sights.memorial"
        ],
        "details": [
          "details.historic"
        ],
        "datasource": {
          "sourcename": "openstreetmap",
          "attribution": "© OpenStreetMap contributors",
          "license": "Open Database License",
          "url": "https://www.openstreetmap.org/copyright",
          "raw": {
            "lat": 50.2168326,
            "lon": 22.2383773,
            "name": "Pamięci zmarłych kolegów myśliwych",
            "osm_id": 11928347524,
            "historic": "memorial",
            "memorial": "stone",
            "osm_type": "n",
            "start_date": 2006
          }
        },
        "historic": {
          "type": "memorial",
          "start_date": 2006,
          "memorial": "stone"
        },
        "distance": 26096,
        "place_id": "51d99b734b063d36405973daae2bc11b4940f00103f9018423fcc60200000092032650616d69c4996369207a6d6172c582796368206b6f6c6567c3b377206d79c59b6c6977796368"
      },
      "geometry": {
        "type": "Point",
        "coordinates": [
          22.2383773,
          50.2168326
        ]
      }
    },
    {
      "type": "Feature",
      "properties": {
        "name": "Jan Paweł II",
        "country": "Polska",
        "country_code": "pl",
        "state": "województwo podkarpackie",
        "county": "powiat kolbuszowski",
        "city": "Przedbórz",
        "hamlet": "Łąki",
        "municipality": "gmina Kolbuszowa",
        "postcode": "30-300",
        "street": "987",
        "iso3166_2": "PL-18",
        "lon": 21.7434227,
        "lat": 50.2022906,
        "state_code": "PK",
        "formatted": "Jan Paweł II, 987, 30-300 Przedbórz, Polska",
        "address_line1": "Jan Paweł II",
        "address_line2": "987, 30-300 Przedbórz, Polska",
        "categories": [
          "tourism",
          "tourism.sights",
          "tourism.sights.memorial"
        ],
        "details": [
          "details.historic"
        ],
        "datasource": {
          "sourcename": "openstreetmap",
          "attribution": "© OpenStreetMap contributors",
          "license": "Open Database License",
          "url": "https://www.openstreetmap.org/copyright",
          "raw": {
            "lat": 50.2022906,
            "lon": 21.7434227,
            "name": "Jan Paweł II",
            "osm_id": 9964983950,
            "historic": "memorial",
            "memorial": "statue",
            "osm_type": "n"
          }
        },
        "historic": {
          "type": "memorial",
          "memorial": "statue"
        },
        "distance": 26179,
        "place_id": "51a19a37f350be354059e4a48ba8e4194940f00103f9018e96f5510200000092030d4a616e2050617765c582204949"
      },
      "geometry": {
        "type": "Point",
        "coordinates": [
          21.7434227,
          50.2022906
        ]
      }
    },
    {
      "type": "Feature",
      "properties": {
        "name": "Jezus Chrystus",
        "country": "Polska",
        "country_code": "pl",
        "state": "województwo podkarpackie",
        "county": "powiat kolbuszowski",
        "city": "Werynia",
        "hamlet": "Rejowiec",
        "municipality": "gmina Kolbuszowa",
        "postcode": "36-122",
        "street": "875",
        "iso3166_2": "PL-18",
        "lon": 21.8243345,
        "lat": 50.2496,
        "state_code": "PK",
        "formatted": "Jezus Chrystus, 875, 36-122 Werynia, Polska",
        "address_line1": "Jezus Chrystus",
        "address_line2": "875, 36-122 Werynia, Polska",
        "categories": [
          "tourism",
          "tourism.sights",
          "tourism.sights.memorial"
        ],
        "details": [],
        "datasource": {
          "sourcename": "openstreetmap",
          "attribution": "© OpenStreetMap contributors",
          "license": "Open Database License",
          "url": "https://www.openstreetmap.org/copyright",
          "raw": {
            "lat": 50.2496,
            "lon": 21.8243345,
            "name": "Jezus Chrystus",
            "osm_id": 9967932243,
            "historic": "memorial",
            "osm_type": "n"
          }
        },
        "historic": {
          "type": "memorial"
        },
        "distance": 26910,
        "place_id": "51ea76f69507d3354059728a8ee4f21f4940f00103f901539322520200000092030e4a657a7573204368727973747573"
      },
      "geometry": {
        "type": "Point",
        "coordinates": [
          21.8243345,
          50.2496
        ]
      }
    },
    {
      "type": "Feature",
      "properties": {
        "name": "Zamek Korniaktów",
        "country": "Polska",
        "country_code": "pl",
        "state": "województwo podkarpackie",
        "county": "powiat przeworski",
        "city": "Nowosielce",
        "hamlet": "Górówka",
        "municipality": "gmina Przeworsk",
        "postcode": "37-112",
        "street": "Nowosielska",
        "iso3166_2": "PL-18",
        "lon": 22.379866,
        "lat": 50.0278324,
        "state_code": "PK",
        "formatted": "Zamek Korniaktów, Nowosielska, 37-112 Nowosielce, Polska",
        "address_line1": "Zamek Korniaktów",
        "address_line2": "Nowosielska, 37-112 Nowosielce, Polska",
        "categories": [
          "heritage",
          "tourism",
          "tourism.sights",
          "tourism.sights.ruines"
        ],
        "details": [
          "details",
          "details.heritage",
          "details.historic"
        ],
        "datasource": {
          "sourcename": "openstreetmap",
          "attribution": "© OpenStreetMap contributors",
          "license": "Open Database License",
          "url": "https://www.openstreetmap.org/copyright",
          "raw": {
            "lat": 50.0278324,
            "lon": 22.379866,
            "name": "Zamek Korniaktów",
            "ruins": "castle",
            "osm_id": 4677250240,
            "ref:nid": "A-638; A-509",
            "heritage": 2,
            "historic": "ruins",
            "osm_type": "n",
            "start_date": 1609
          }
        },
        "ref_other": {
          "nid": "A-638; A-509"
        },
        "historic": {
          "type": "ruins",
          "start_date": 1609,
          "ruins": true
        },
        "heritage": {
          "level": 2,
          "ref": "A-638; A-509"
        },
        "distance": 26949,
        "place_id": "51c2dceee53e6136405975e2170390034940f00103f901c02cc916010000009203115a616d656b204b6f726e69616b74c3b377"
      },
      "geometry": {
        "type": "Point",
        "coordinates": [
          22.379866,
          50.0278324
        ]
      }
    },
    {
      "type": "Feature",
      "properties": {
        "name": "KU WIĘKSZEJ CZCI I CHWALE BOŻEJ Fundator FLORIAN SAŁEK 1958 r.",
        "country": "Polska",
        "country_code": "pl",
        "state": "województwo podkarpackie",
        "county": "powiat rzeszowski",
        "city": "Markowizna",
        "hamlet": "Pod Turzą",
        "municipality": "gmina Sokołów Małopolski",
        "postcode": "36-051",
        "street": "Via Carpatia im. Prezydenta RP Lecha Kaczyńskiego",
        "iso3166_2": "PL-18",
        "lon": 22.1076822,
        "lat": 50.2747914,
        "state_code": "PK",
        "formatted": "KU WIĘKSZEJ CZCI I CHWALE BOŻEJ Fundator FLORIAN SAŁEK 1958 r., Via Carpatia im. Prezydenta RP Lecha Kaczyńskiego, 36-051 Markowizna, Polska",
        "address_line1": "KU WIĘKSZEJ CZCI I CHWALE BOŻEJ Fundator FLORIAN SAŁEK 1958 r.",
        "address_line2": "Via Carpatia im. Prezydenta RP Lecha Kaczyńskiego, 36-051 Markowizna, Polska",
        "categories": [
          "tourism",
          "tourism.sights",
          "tourism.sights.memorial",
          "tourism.sights.memorial.wayside_cross"
        ],
        "details": [
          "details.place_of_worship"
        ],
        "datasource": {
          "sourcename": "openstreetmap",
          "attribution": "© OpenStreetMap contributors",
          "license": "Open Database License",
          "url": "https://www.openstreetmap.org/copyright",
          "raw": {
            "lat": 50.2747914,
            "lon": 22.1076822,
            "name": "KU WIĘKSZEJ CZCI I CHWALE BOŻEJ Fundator FLORIAN SAŁEK 1958 r.",
            "osm_id": 10864457490,
            "historic": "wayside_cross",
            "osm_type": "n",
            "religion": "christian",
            "denomination": "catholic"
          }
        },
        "historic": {
          "type": "wayside_cross"
        },
        "place_of_worship": {
          "religion": "christian",
          "denomination": "catholic"
        },
        "distance": 27468,
        "place_id": "51805c870f911b3640596c1c565d2c234940f00103f90112779287020000009203414b55205749c4984b535a454a20435a4349204920434857414c4520424fc5bb454a2046756e6461746f7220464c4f5249414e205341c581454b203139353820722e"
      },
      "geometry": {
        "type": "Point",
        "coordinates": [
          22.1076822,
          50.2747914
        ]
      }
    },
    {
      "type": "Feature",
      "properties": {
        "name": "Dęby Pamięci",
        "country": "Polska",
        "country_code": "pl",
        "state": "województwo podkarpackie",
        "county": "powiat kolbuszowski",
        "city": "Dzikowiec",
        "hamlet": "Zadworze",
        "municipality": "gmina Dzikowiec",
        "postcode": "36-122",
        "street": "Błotnickich",
        "iso3166_2": "PL-18",
        "lon": 21.8588092,
        "lat": 50.2660063,
        "state_code": "PK",
        "formatted": "Dęby Pamięci, Błotnickich, 36-122 Dzikowiec, Polska",
        "address_line1": "Dęby Pamięci",
        "address_line2": "Błotnickich, 36-122 Dzikowiec, Polska",
        "categories": [
          "tourism",
          "tourism.sights",
          "tourism.sights.memorial"
        ],
        "details": [
          "details.historic"
        ],
        "datasource": {
          "sourcename": "openstreetmap",
          "attribution": "© OpenStreetMap contributors",
          "license": "Open Database License",
          "url": "https://www.openstreetmap.org/copyright",
          "raw": {
            "lat": 50.2660063,
            "lon": 21.8588092,
            "name": "Dęby Pamięci",
            "osm_id": 7618458822,
            "historic": "memorial",
            "memorial": "stone",
            "osm_type": "n",
            "inscription": "Dęby Pamięci poadzone w 70 rocznicę zbrodni Katyńskiej dla uhonorowania mieszkańców wsi Dzikowiec zamordowanych strzałem w tył głowy przez NKWD",
            "subject:wikidata": "Q134301"
          }
        },
        "historic": {
          "type": "memorial",
          "memorial": "stone",
          "inscription": "Dęby Pamięci poadzone w 70 rocznicę zbrodni Katyńskiej dla uhonorowania mieszkańców wsi Dzikowiec zamordowanych strzałem w tył głowy przez NKWD"
        },
        "distance": 27505,
        "place_id": "51018173ebdadb354059d683937e0c224940f00103f901c67418c60100000092030e44c49962792050616d69c4996369"
      },
      "geometry": {
        "type": "Point",
        "coordinates": [
          21.8588092,
          50.2660063
        ]
      }
    },
    {
      "type": "Feature",
      "properties": {
        "name": "100-lecie odzyskania niepodległości",
        "country": "Polska",
        "country_code": "pl",
        "state": "województwo podkarpackie",
        "county": "powiat kolbuszowski",
        "city": "Dzikowiec",
        "hamlet": "Zadworze",
        "municipality": "gmina Dzikowiec",
        "postcode": "36-122",
        "street": "Dworska",
        "iso3166_2": "PL-18",
        "lon": 21.8606761,
        "lat": 50.2664954,
        "state_code": "PK",
        "formatted": "100-lecie odzyskania niepodległości, Dworska, 36-122 Dzikowiec, Polska",
        "address_line1": "100-lecie odzyskania niepodległości",
        "address_line2": "Dworska, 36-122 Dzikowiec, Polska",
        "categories": [
          "tourism",
          "tourism.sights",
          "tourism.sights.memorial"
        ],
        "details": [
          "details.historic"
        ],
        "datasource": {
          "sourcename": "openstreetmap",
          "attribution": "© OpenStreetMap contributors",
          "license": "Open Database License",
          "url": "https://www.openstreetmap.org/copyright",
          "raw": {
            "lat": 50.2664954,
            "lon": 21.8606761,
            "name": "100-lecie odzyskania niepodległości",
            "osm_id": 12337460382,
            "historic": "memorial",
            "memorial": "plaque",
            "osm_type": "n"
          }
        },
        "historic": {
          "type": "memorial",
          "memorial": "plaque"
        },
        "distance": 27506,
        "place_id": "51e6f2d54455dc35405968c471851c224940f00103f9019eb45edf020000009203253130302d6c65636965206f647a79736b616e6961206e6965706f646c6567c5826fc59b6369"
      },
      "geometry": {
        "type": "Point",
        "coordinates": [
          21.8606761,
          50.2664954
        ]
      }
    },
    {
      "type": "Feature",
      "properties": {
        "name": "Miejsce śmierci żołnierza AK",
        "country": "Polska",
        "country_code": "pl",
        "state": "województwo podkarpackie",
        "county": "powiat leżajski",
        "city": "Brzóza Królewska",
        "hamlet": "Podlas",
        "municipality": "gmina Leżajsk",
        "postcode": "37-307",
        "street": "875",
        "iso3166_2": "PL-18",
        "lon": 22.2587351,
        "lat": 50.2226884,
        "state_code": "PK",
        "formatted": "Miejsce śmierci żołnierza AK, 875, 37-307 Brzóza Królewska, Polska",
        "address_line1": "Miejsce śmierci żołnierza AK",
        "address_line2": "875, 37-307 Brzóza Królewska, Polska",
        "categories": [
          "tourism",
          "tourism.sights",
          "tourism.sights.memorial"
        ],
        "details": [
          "details.historic"
        ],
        "datasource": {
          "sourcename": "openstreetmap",
          "attribution": "© OpenStreetMap contributors",
          "license": "Open Database License",
          "url": "https://www.openstreetmap.org/copyright",
          "raw": {
            "lat": 50.2226884,
            "lon": 22.2587351,
            "name": "Miejsce śmierci żołnierza AK",
            "osm_id": 7367659015,
            "historic": "memorial",
            "material": "metal",
            "memorial": "cross",
            "osm_type": "n",
            "inscription": "W tym miejscu 25 kwietnia 1943 roku zmarł ciężko ranny żołnierz oddziału AK Obwód Łańcut por. Władysław Dudek pseudonim \"ORDON\" uczestnik akcji odbicia więźniów AK z posterunku w Żołyni",
            "subject:wikidata": "Q152529"
          }
        },
        "historic": {
          "type": "memorial",
          "memorial": "cross",
          "inscription": "W tym miejscu 25 kwietnia 1943 roku zmarł ciężko ranny żołnierz oddziału AK Obwód Łańcut por. Władysław Dudek pseudonim \"ORDON\" uczestnik akcji odbicia więźniów AK z posterunku w Żołyni"
        },
        "distance": 27538,
        "place_id": "51c9d3a8763c423640596b99b10d811c4940f00103f901078e25b70100000092031f4d69656a73636520c59b6d696572636920c5bc6fc5826e6965727a6120414b"
      },
      "geometry": {
        "type": "Point",
        "coordinates": [
          22.2587351,
          50.2226884
        ]
      }
    },
    {
      "type": "Feature",
      "properties": {
        "name": "ks. Stanisław Sudoł",
        "country": "Polska",
        "country_code": "pl",
        "state": "województwo podkarpackie",
        "county": "powiat kolbuszowski",
        "city": "Dzikowiec",
        "hamlet": "Zadworze",
        "municipality": "gmina Dzikowiec",
        "postcode": "36-122",
        "street": "Szkolna",
        "iso3166_2": "PL-18",
        "lon": 21.8559608,
        "lat": 50.2657801,
        "state_code": "PK",
        "formatted": "ks. Stanisław Sudoł, Szkolna, 36-122 Dzikowiec, Polska",
        "address_line1": "ks. Stanisław Sudoł",
        "address_line2": "Szkolna, 36-122 Dzikowiec, Polska",
        "categories": [
          "tourism",
          "tourism.sights",
          "tourism.sights.memorial"
        ],
        "details": [
          "details.historic"
        ],
        "datasource": {
          "sourcename": "openstreetmap",
          "attribution": "© OpenStreetMap contributors",
          "license": "Open Database License",
          "url": "https://www.openstreetmap.org/copyright",
          "raw": {
            "lat": 50.2657801,
            "lon": 21.8559608,
            "name": "ks. Stanisław Sudoł",
            "osm_id": 12344930863,
            "historic": "memorial",
            "memorial": "statue",
            "osm_type": "n"
          }
        },
        "historic": {
          "type": "memorial",
          "memorial": "statue"
        },
        "distance": 27560,
        "place_id": "5172a83a3f20db354059bcb6121505224940f00103f9012fb2d0df020000009203156b732e205374616e6973c5826177205375646fc582"
      },
      "geometry": {
        "type": "Point",
        "coordinates": [
          21.8559608,
          50.2657801
        ]
      }
    },
    {
      "type": "Feature",
      "properties": {
        "name": "Iubileum 2000",
        "country": "Polska",
        "country_code": "pl",
        "state": "województwo podkarpackie",
        "county": "powiat brzozowski",
        "city": "Domaradz",
        "hamlet": "Miasteczko",
        "municipality": "gmina Domaradz",
        "postcode": "36-230",
        "street": "19",
        "iso3166_2": "PL-18",
        "lon": 21.9435412,
        "lat": 49.7903877,
        "state_code": "PK",
        "formatted": "Iubileum 2000, 19, 36-230 Domaradz, Polska",
        "address_line1": "Iubileum 2000",
        "address_line2": "19, 36-230 Domaradz, Polska",
        "categories": [
          "tourism",
          "tourism.sights",
          "tourism.sights.memorial"
        ],
        "details": [
          "details.historic",
          "details.wiki_and_media"
        ],
        "datasource": {
          "sourcename": "openstreetmap",
          "attribution": "© OpenStreetMap contributors",
          "license": "Open Database License",
          "url": "https://www.openstreetmap.org/copyright",
          "raw": {
            "lat": 49.7903877,
            "lon": 21.9435412,
            "name": "Iubileum 2000",
            "image": "https://photos.app.goo.gl/rD7wCnQuyTqQn8fm9",
            "osm_id": 13097029568,
            "historic": "memorial",
            "memorial": "plaque",
            "osm_type": "n"
          }
        },
        "wiki_and_media": {
          "image": "https://photos.app.goo.gl/rD7wCnQuyTqQn8fm9"
        },
        "historic": {
          "type": "memorial",
          "memorial": "plaque"
        },
        "distance": 27772,
        "place_id": "51b86d84ea8bf13540599054956c2be54840f00103f901c0cfa40c0300000092030d497562696c65756d2032303030"
      },
      "geometry": {
        "type": "Point",
        "coordinates": [
          21.9435412,
          49.7903877
        ]
      }
    },
    {
      "type": "Feature",
      "properties": {
        "name": "Pamięci 96 ofiar katastrofy lotniczej pod Smoleńskiem",
        "country": "Polska",
        "country_code": "pl",
        "state": "województwo podkarpackie",
        "county": "powiat brzozowski",
        "city": "Domaradz",
        "hamlet": "Miasteczko",
        "municipality": "gmina Domaradz",
        "postcode": "36-230",
        "street": "19",
        "iso3166_2": "PL-18",
        "lon": 21.9449035,
        "lat": 49.7892448,
        "state_code": "PK",
        "formatted": "Pamięci 96 ofiar katastrofy lotniczej pod Smoleńskiem, 19, 36-230 Domaradz, Polska",
        "address_line1": "Pamięci 96 ofiar katastrofy lotniczej pod Smoleńskiem",
        "address_line2": "19, 36-230 Domaradz, Polska",
        "categories": [
          "tourism",
          "tourism.sights",
          "tourism.sights.memorial"
        ],
        "details": [
          "details.historic"
        ],
        "datasource": {
          "sourcename": "openstreetmap",
          "attribution": "© OpenStreetMap contributors",
          "license": "Open Database License",
          "url": "https://www.openstreetmap.org/copyright",
          "raw": {
            "lat": 49.7892448,
            "lon": 21.9449035,
            "name": "Pamięci 96 ofiar katastrofy lotniczej pod Smoleńskiem",
            "osm_id": 12591237515,
            "historic": "memorial",
            "memorial": "stone",
            "osm_type": "n"
          }
        },
        "historic": {
          "type": "memorial",
          "memorial": "stone"
        },
        "distance": 27882,
        "place_id": "513d601e32e5f1354059df443ef905e54840f00103f9018b097fee0200000092033750616d69c4996369203936206f66696172206b6174617374726f6679206c6f746e69637a656a20706f6420536d6f6c65c584736b69656d"
      },
      "geometry": {
        "type": "Point",
        "coordinates": [
          21.9449035,
          49.7892448
        ]
      }
    },
    {
      "type": "Feature",
      "properties": {
        "name": "100 rocznica powstania OSP",
        "country": "Polska",
        "country_code": "pl",
        "state": "województwo podkarpackie",
        "county": "powiat kolbuszowski",
        "city": "Kolbuszowa",
        "municipality": "gmina Kolbuszowa",
        "postcode": "36-100",
        "street": "Piekarska",
        "iso3166_2": "PL-18",
        "lon": 21.7767193,
        "lat": 50.2432083,
        "state_code": "PK",
        "formatted": "100 rocznica powstania OSP, Piekarska, 36-100 Kolbuszowa, Polska",
        "address_line1": "100 rocznica powstania OSP",
        "address_line2": "Piekarska, 36-100 Kolbuszowa, Polska",
        "categories": [
          "tourism",
          "tourism.sights",
          "tourism.sights.memorial"
        ],
        "details": [
          "details.historic"
        ],
        "datasource": {
          "sourcename": "openstreetmap",
          "attribution": "© OpenStreetMap contributors",
          "license": "Open Database License",
          "url": "https://www.openstreetmap.org/copyright",
          "raw": {
            "lat": 50.2432083,
            "lon": 21.7767193,
            "name": "100 rocznica powstania OSP",
            "osm_id": 12070610873,
            "historic": "memorial",
            "memorial": "plaque",
            "osm_type": "n",
            "inscription": "W 100 LETNIA ROCZNICE POWSTANIA OSP SPOŁECZEŃSTWO KOLBUSZOWEJ 1872-1972"
          }
        },
        "historic": {
          "type": "memorial",
          "memorial": "plaque",
          "inscription": "W 100 LETNIA ROCZNICE POWSTANIA OSP SPOŁECZEŃSTWO KOLBUSZOWEJ 1872-1972"
        },
        "distance": 28108,
        "place_id": "5109ac7713d7c6354059d14e1773211f4940f00103f901b9e776cf0200000092031a31303020726f637a6e69636120706f777374616e6961204f5350"
      },
      "geometry": {
        "type": "Point",
        "coordinates": [
          21.7767193,
          50.2432083
        ]
      }
    },
    {
      "type": "Feature",
      "properties": {
        "name": "Tablica strażaków założycieli i kontynuatorów ruchu pożarniczego na Ziemi Kolbuszowskiej",
        "country": "Polska",
        "country_code": "pl",
        "state": "województwo podkarpackie",
        "county": "powiat kolbuszowski",
        "city": "Kolbuszowa",
        "municipality": "gmina Kolbuszowa",
        "postcode": "36-100",
        "street": "Piekarska",
        "iso3166_2": "PL-18",
        "lon": 21.7767206,
        "lat": 50.2432093,
        "state_code": "PK",
        "formatted": "Tablica strażaków założycieli i kontynuatorów ruchu pożarniczego na Ziemi Kolbuszowskiej, Piekarska, 36-100 Kolbuszowa, Polska",
        "address_line1": "Tablica strażaków założycieli i kontynuatorów ruchu pożarniczego na Ziemi Kolbuszowskiej",
        "address_line2": "Piekarska, 36-100 Kolbuszowa, Polska",
        "categories": [
          "tourism",
          "tourism.sights",
          "tourism.sights.memorial"
        ],
        "details": [
          "details.historic"
        ],
        "datasource": {
          "sourcename": "openstreetmap",
          "attribution": "© OpenStreetMap contributors",
          "license": "Open Database License",
          "url": "https://www.openstreetmap.org/copyright",
          "raw": {
            "lat": 50.2432093,
            "lon": 21.7767206,
            "name": "Tablica strażaków założycieli i kontynuatorów ruchu pożarniczego na Ziemi Kolbuszowskiej",
            "osm_id": 12070610872,
            "historic": "memorial",
            "memorial": "plaque",
            "osm_type": "n",
            "start_date": "2022-05-22",
            "inscription": "W HOŁDZIE STRAŻAKOM ZAŁOŻYCIELOM I KONTYNUATOROM RUCHU POŽARNICZEGO NA ZIEMI KOLBUSZOWSKIEJ W ROCZNICĘ 150-LECIA OCHOTNICZYCH STRAŻY POŻARNYCH NA ZIEMI KOLBUSZOWSKIEJ oraz 30-LECIA PAŃSTWOWEJ STRAŻY POŻARNEJ Kolbuszowa, 22 maja 2022"
          }
        },
        "historic": {
          "type": "memorial",
          "start_date": "2022-05-22",
          "memorial": "plaque",
          "inscription": "W HOŁDZIE STRAŻAKOM ZAŁOŻYCIELOM I KONTYNUATOROM RUCHU POŽARNICZEGO NA ZIEMI KOLBUSZOWSKIEJ W ROCZNICĘ 150-LECIA OCHOTNICZYCH STRAŻY POŻARNYCH NA ZIEMI KOLBUSZOWSKIEJ oraz 30-LECIA PAŃSTWOWEJ STRAŻY POŻARNEJ Kolbuszowa, 22 maja 2022"
        },
        "distance": 28109,
        "place_id": "5127214729d7c6354059a1ca7a7b211f4940f00103f901b8e776cf0200000092035e5461626c6963612073747261c5bc616bc3b377207a61c5826fc5bc796369656c692069206b6f6e74796e7561746f72c3b37720727563687520706fc5bc61726e69637a65676f206e61205a69656d69204b6f6c6275737a6f77736b69656a"
      },
      "geometry": {
        "type": "Point",
        "coordinates": [
          21.7767206,
          50.2432093
        ]
      }
    },
    {
      "type": "Feature",
      "properties": {
        "name": "150. rocznica powstania powiatu kolbuszowskiego",
        "country": "Polska",
        "country_code": "pl",
        "state": "województwo podkarpackie",
        "county": "powiat kolbuszowski",
        "city": "Kolbuszowa",
        "municipality": "gmina Kolbuszowa",
        "postcode": "36-100",
        "street": "11 Listopada",
        "housenumber": "10",
        "iso3166_2": "PL-18",
        "lon": 21.7829064,
        "lat": 50.2463834,
        "state_code": "PK",
        "formatted": "150. rocznica powstania powiatu kolbuszowskiego, 11 Listopada 10, 36-100 Kolbuszowa, Polska",
        "address_line1": "150. rocznica powstania powiatu kolbuszowskiego",
        "address_line2": "11 Listopada 10, 36-100 Kolbuszowa, Polska",
        "categories": [
          "tourism",
          "tourism.sights",
          "tourism.sights.memorial"
        ],
        "details": [
          "details.historic"
        ],
        "datasource": {
          "sourcename": "openstreetmap",
          "attribution": "© OpenStreetMap contributors",
          "license": "Open Database License",
          "url": "https://www.openstreetmap.org/copyright",
          "raw": {
            "lat": 50.2463834,
            "lon": 21.7829064,
            "city": "Kolbuszowa",
            "name": "150. rocznica powstania powiatu kolbuszowskiego",
            "osm_id": 10251768514,
            "street": "11 Listopada",
            "historic": "memorial",
            "memorial": "plaque",
            "osm_type": "n",
            "postcode": "36-100",
            "direction": 104,
            "_inherited": "",
            "housenumber": 10
          }
        },
        "historic": {
          "type": "memorial",
          "memorial": "plaque"
        },
        "distance": 28146,
        "place_id": "5140d4c78d6cc83540597ea3c27d891f4940f00103f901c2920d630200000092032f3135302e20726f637a6e69636120706f777374616e696120706f7769617475206b6f6c6275737a6f77736b6965676f"
      },
      "geometry": {
        "type": "Point",
        "coordinates": [
          21.7829064,
          50.2463834
        ]
      }
    },
    {
      "type": "Feature",
      "properties": {
        "name": "Miejsce urodzenia Jana Bytnara",
        "country": "Polska",
        "country_code": "pl",
        "state": "województwo podkarpackie",
        "county": "powiat kolbuszowski",
        "city": "Kolbuszowa",
        "municipality": "gmina Kolbuszowa",
        "postcode": "36-100",
        "street": "Nowe Miasto",
        "housenumber": "11",
        "iso3166_2": "PL-18",
        "lon": 21.7719114,
        "lat": 50.2415057,
        "state_code": "PK",
        "formatted": "Miejsce urodzenia Jana Bytnara, Nowe Miasto 11, 36-100 Kolbuszowa, Polska",
        "address_line1": "Miejsce urodzenia Jana Bytnara",
        "address_line2": "Nowe Miasto 11, 36-100 Kolbuszowa, Polska",
        "categories": [
          "tourism",
          "tourism.sights",
          "tourism.sights.memorial"
        ],
        "details": [
          "details.historic"
        ],
        "datasource": {
          "sourcename": "openstreetmap",
          "attribution": "© OpenStreetMap contributors",
          "license": "Open Database License",
          "url": "https://www.openstreetmap.org/copyright",
          "raw": {
            "lat": 50.2415057,
            "lon": 21.7719114,
            "city": "Kolbuszowa",
            "name": "Miejsce urodzenia Jana Bytnara",
            "osm_id": 10251809462,
            "street": "Nowe Miasto",
            "historic": "memorial",
            "memorial": "plaque",
            "osm_type": "n",
            "postcode": "36-100",
            "_inherited": "",
            "housenumber": 11,
            "inscription": "W TYM DOMU 6-V-1921 URODZIŁ SIĘ | JAN BYTNAR-RUDY | BOHATER WARSZAWY W LATACH OKUPACJI | HITLEROWSKIEJ CZŁONEK SZARYCH | SZEREGÓW I ŻOŁNIERZ AK | UWOLNIONY PRZEZ KOLEGÓW Z RĄK |  NIEMIECKICH W AKCJI POD | ARSENAŁEM, ZMARŁ Z ODNIESIONYCH | RAN 30 MARCA 194"
          }
        },
        "historic": {
          "type": "memorial",
          "memorial": "plaque",
          "inscription": "W TYM DOMU 6-V-1921 URODZIŁ SIĘ | JAN BYTNAR-RUDY | BOHATER WARSZAWY W LATACH OKUPACJI | HITLEROWSKIEJ CZŁONEK SZARYCH | SZEREGÓW I ŻOŁNIERZ AK | UWOLNIONY PRZEZ KOLEGÓW Z RĄK |  NIEMIECKICH W AKCJI POD | ARSENAŁEM, ZMARŁ Z ODNIESIONYCH | RAN 30 MARCA 194"
        },
        "distance": 28155,
        "place_id": "51da684afc9bc535405917a6a5a8e91e4940f00103f901b6320e630200000092031e4d69656a7363652075726f647a656e6961204a616e61204279746e617261"
      },
      "geometry": {
        "type": "Point",
        "coordinates": [
          21.7719114,
          50.2415057
        ]
      }
    },
    {
      "type": "Feature",
      "properties": {
        "name": "Julian Maciej Goslar",
        "country": "Polska",
        "country_code": "pl",
        "state": "województwo podkarpackie",
        "county": "powiat kolbuszowski",
        "city": "Kolbuszowa",
        "municipality": "gmina Kolbuszowa",
        "postcode": "36-100",
        "street": "Piekarska",
        "housenumber": "17",
        "iso3166_2": "PL-18",
        "lon": 21.7759741,
        "lat": 50.2434032,
        "state_code": "PK",
        "formatted": "Julian Maciej Goslar, Piekarska 17, 36-100 Kolbuszowa, Polska",
        "address_line1": "Julian Maciej Goslar",
        "address_line2": "Piekarska 17, 36-100 Kolbuszowa, Polska",
        "categories": [
          "tourism",
          "tourism.sights",
          "tourism.sights.memorial"
        ],
        "details": [
          "details.historic"
        ],
        "datasource": {
          "sourcename": "openstreetmap",
          "attribution": "© OpenStreetMap contributors",
          "license": "Open Database License",
          "url": "https://www.openstreetmap.org/copyright",
          "raw": {
            "lat": 50.2434032,
            "lon": 21.7759741,
            "city": "Kolbuszowa",
            "name": "Julian Maciej Goslar",
            "osm_id": 10251809464,
            "street": "Piekarska",
            "historic": "memorial",
            "memorial": "plaque",
            "osm_type": "n",
            "postcode": "36-100",
            "_inherited": "",
            "housenumber": 17,
            "inscription": "JULIAN MACIEJ GOSLAR | 1820-1852 | WYBITNY REWOLUCJONISTA | GALICYJSKI |\nTOWARZYSTWO KULTURY |  IM. J.M. GOSLARA | W KOLBUSZOWEJ | 1982"
          }
        },
        "historic": {
          "type": "memorial",
          "memorial": "plaque",
          "inscription": "JULIAN MACIEJ GOSLAR | 1820-1852 | WYBITNY REWOLUCJONISTA | GALICYJSKI |\nTOWARZYSTWO KULTURY |  IM. J.M. GOSLARA | W KOLBUSZOWEJ | 1982"
        },
        "distance": 28157,
        "place_id": "51040b163da6c6354059f2de07d6271f4940f00103f901b8320e63020000009203144a756c69616e204d616369656a20476f736c6172"
      },
      "geometry": {
        "type": "Point",
        "coordinates": [
          21.7759741,
          50.2434032
        ]
      }
    },
    {
      "type": "Feature",
      "properties": {
        "name": "Hołd Poległym Uczestnikom Strajków Chłopskich",
        "country": "Polska",
        "country_code": "pl",
        "state": "województwo podkarpackie",
        "county": "powiat rzeszowski",
        "city": "Harta",
        "hamlet": "Krzywda",
        "municipality": "gmina Dynów",
        "postcode": "36-067",
        "street": "Węgierska",
        "iso3166_2": "PL-18",
        "lon": 22.2387972,
        "lat": 49.8341904,
        "state_code": "PK",
        "formatted": "Hołd Poległym Uczestnikom Strajków Chłopskich, Węgierska, 36-067 Harta, Polska",
        "address_line1": "Hołd Poległym Uczestnikom Strajków Chłopskich",
        "address_line2": "Węgierska, 36-067 Harta, Polska",
        "categories": [
          "tourism",
          "tourism.sights",
          "tourism.sights.memorial"
        ],
        "details": [
          "details",
          "details.historic",
          "details.wiki_and_media"
        ],
        "datasource": {
          "sourcename": "openstreetmap",
          "attribution": "© OpenStreetMap contributors",
          "license": "Open Database License",
          "url": "https://www.openstreetmap.org/copyright",
          "raw": {
            "lat": 49.8341904,
            "lon": 22.2387972,
            "url": "https://fotopolska.eu/508971,obiekt.html?map_z=17",
            "name": "Hołd Poległym Uczestnikom Strajków Chłopskich",
            "image": "https://photos.app.goo.gl/6sueByTaacPUH88GA",
            "osm_id": 5831990885,
            "historic": "memorial",
            "memorial": "statue",
            "osm_type": "n",
            "start_date": "1957-08-18",
            "inscription": "W XX rocznicę strajków chłopskich hołd poległym uczestnikom składa społeczeństwo Pogórza Dynowskiego"
          }
        },
        "website": "https://fotopolska.eu/508971,obiekt.html?map_z=17",
        "wiki_and_media": {
          "image": "https://photos.app.goo.gl/6sueByTaacPUH88GA"
        },
        "historic": {
          "type": "memorial",
          "start_date": "1957-08-18",
          "memorial": "statue",
          "inscription": "W XX rocznicę strajków chłopskich hołd poległym uczestnikom składa społeczeństwo Pogórza Dynowskiego"
        },
        "distance": 28160,
        "place_id": "515a6034d0213d3640598e5143c0c6ea4840f00103f901651e9d5b01000000920331486fc5826420506f6c6567c582796d2055637a6573746e696b6f6d20537472616a6bc3b377204368c5826f70736b696368"
      },
      "geometry": {
        "type": "Point",
        "coordinates": [
          22.2387972,
          49.8341904
        ]
      }
    },
    {
      "type": "Feature",
      "properties": {
        "name": "Budynek synagogi",
        "country": "Polska",
        "country_code": "pl",
        "state": "województwo podkarpackie",
        "county": "powiat kolbuszowski",
        "city": "Kolbuszowa",
        "municipality": "gmina Kolbuszowa",
        "postcode": "36-100",
        "street": "Piekarska",
        "housenumber": "17",
        "iso3166_2": "PL-18",
        "lon": 21.7759409,
        "lat": 50.2434692,
        "state_code": "PK",
        "formatted": "Budynek synagogi, Piekarska 17, 36-100 Kolbuszowa, Polska",
        "address_line1": "Budynek synagogi",
        "address_line2": "Piekarska 17, 36-100 Kolbuszowa, Polska",
        "categories": [
          "tourism",
          "tourism.sights",
          "tourism.sights.memorial"
        ],
        "details": [
          "details.historic"
        ],
        "datasource": {
          "sourcename": "openstreetmap",
          "attribution": "© OpenStreetMap contributors",
          "license": "Open Database License",
          "url": "https://www.openstreetmap.org/copyright",
          "raw": {
            "lat": 50.2434692,
            "lon": 21.7759409,
            "city": "Kolbuszowa",
            "name": "Budynek synagogi",
            "osm_id": 10251809463,
            "street": "Piekarska",
            "historic": "memorial",
            "memorial": "plaque",
            "osm_type": "n",
            "postcode": "36-100",
            "_inherited": "",
            "housenumber": 17
          }
        },
        "historic": {
          "type": "memorial",
          "memorial": "plaque"
        },
        "distance": 28164,
        "place_id": "51f9201510a4c6354059a9caadff291f4940f00103f901b7320e6302000000920310427564796e656b2073796e61676f6769"
      },
      "geometry": {
        "type": "Point",
        "coordinates": [
          21.7759409,
          50.2434692
        ]
      }
    },
    {
      "type": "Feature",
      "properties": {
        "name": "Pomnik Bohaterom walczącym o niepodległość Ojczyzny",
        "country": "Polska",
        "country_code": "pl",
        "state": "województwo podkarpackie",
        "county": "powiat ropczycko-sędziszowski",
        "city": "Ropczyce",
        "municipality": "gmina Ropczyce",
        "postcode": "39-100",
        "district": "Stawisko",
        "street": "Rynek",
        "iso3166_2": "PL-18",
        "lon": 21.6113929,
        "lat": 50.052761,
        "state_code": "PK",
        "formatted": "Pomnik Bohaterom walczącym o niepodległość Ojczyzny, Rynek, 39-100 Ropczyce, Polska",
        "address_line1": "Pomnik Bohaterom walczącym o niepodległość Ojczyzny",
        "address_line2": "Rynek, 39-100 Ropczyce, Polska",
        "categories": [
          "tourism",
          "tourism.sights",
          "tourism.sights.memorial"
        ],
        "details": [
          "details.historic"
        ],
        "datasource": {
          "sourcename": "openstreetmap",
          "attribution": "© OpenStreetMap contributors",
          "license": "Open Database License",
          "url": "https://www.openstreetmap.org/copyright",
          "raw": {
            "lat": 50.05276095000001,
            "lon": 21.61139295,
            "name": "Pomnik Bohaterom walczącym o niepodległość Ojczyzny",
            "osm_id": 998882591,
            "historic": "memorial",
            "memorial": "statue",
            "osm_type": "w",
            "start_date": 1991,
            "inscription": "Bohaterom walczącym o niepodległość Ojczyzny - 11 XI 1991 mieszkańcy Ropczyc"
          }
        },
        "historic": {
          "type": "memorial",
          "start_date": 1991,
          "memorial": "statue",
          "inscription": "Bohaterom walczącym o niepodległość Ojczyzny - 11 XI 1991 mieszkańcy Ropczyc"
        },
        "distance": 28177,
        "place_id": "514541953f849c354059c260eddec0064940f00102f9011fbd893b00000000920337506f6d6e696b20426f68617465726f6d2077616c637ac48563796d206f206e6965706f646c6567c5826fc59bc487204f6a637a797a6e79"
      },
      "geometry": {
        "type": "Point",
        "coordinates": [
          21.61139295,
          50.05276095000001
        ]
      }
    },
    {
      "type": "Feature",
      "properties": {
        "name": "Pomnik św. Jana Pawła II",
        "country": "Polska",
        "country_code": "pl",
        "state": "województwo podkarpackie",
        "county": "powiat ropczycko-sędziszowski",
        "city": "Ropczyce",
        "municipality": "gmina Ropczyce",
        "postcode": "39-100",
        "district": "Stawisko",
        "street": "Juliusza Słowackiego",
        "iso3166_2": "PL-18",
        "lon": 21.6113895,
        "lat": 50.0536709,
        "state_code": "PK",
        "formatted": "Pomnik św. Jana Pawła II, Juliusza Słowackiego, 39-100 Ropczyce, Polska",
        "address_line1": "Pomnik św. Jana Pawła II",
        "address_line2": "Juliusza Słowackiego, 39-100 Ropczyce, Polska",
        "categories": [
          "tourism",
          "tourism.sights",
          "tourism.sights.memorial"
        ],
        "details": [
          "details.historic"
        ],
        "datasource": {
          "sourcename": "openstreetmap",
          "attribution": "© OpenStreetMap contributors",
          "license": "Open Database License",
          "url": "https://www.openstreetmap.org/copyright",
          "raw": {
            "lat": 50.0536709,
            "lon": 21.6113895,
            "name": "Pomnik św. Jana Pawła II",
            "osm_id": 8396270670,
            "historic": "memorial",
            "memorial": "statue",
            "osm_type": "n",
            "inscription": "Święty Jan Paweł II 1920 - 2005"
          }
        },
        "historic": {
          "type": "memorial",
          "memorial": "statue",
          "inscription": "Święty Jan Paweł II 1920 - 2005"
        },
        "distance": 28183,
        "place_id": "51289eb305849c3540599a1f24b0de064940f00103f9014eec74f40100000092031a506f6d6e696b20c59b772e204a616e6120506177c58261204949"
      },
      "geometry": {
        "type": "Point",
        "coordinates": [
          21.6113895,
          50.0536709
        ]
      }
    },
    {
      "type": "Feature",
      "properties": {
        "name": "Ks. dr Jan Zwierz",
        "country": "Polska",
        "country_code": "pl",
        "state": "województwo podkarpackie",
        "county": "powiat ropczycko-sędziszowski",
        "city": "Ropczyce",
        "municipality": "gmina Ropczyce",
        "postcode": "39-100",
        "district": "Stawisko",
        "street": "Rynek",
        "iso3166_2": "PL-18",
        "lon": 21.6111085,
        "lat": 50.0529863,
        "state_code": "PK",
        "formatted": "Ks. dr Jan Zwierz, Rynek, 39-100 Ropczyce, Polska",
        "address_line1": "Ks. dr Jan Zwierz",
        "address_line2": "Rynek, 39-100 Ropczyce, Polska",
        "categories": [
          "tourism",
          "tourism.sights",
          "tourism.sights.memorial"
        ],
        "details": [
          "details.historic"
        ],
        "datasource": {
          "sourcename": "openstreetmap",
          "attribution": "© OpenStreetMap contributors",
          "license": "Open Database License",
          "url": "https://www.openstreetmap.org/copyright",
          "raw": {
            "lat": 50.0529863,
            "lon": 21.6111085,
            "name": "Ks. dr Jan Zwierz",
            "osm_id": 11363171671,
            "historic": "memorial",
            "memorial": "statue",
            "osm_type": "n"
          }
        },
        "historic": {
          "type": "memorial",
          "memorial": "statue"
        },
        "distance": 28198,
        "place_id": "51c0ce4d9b719c3540596ad14c41c8064940f00103f901573d4ca5020000009203114b732e206472204a616e205a776965727a"
      },
      "geometry": {
        "type": "Point",
        "coordinates": [
          21.6111085,
          50.0529863
        ]
      }
    },
    {
      "type": "Feature",
      "properties": {
        "name": "Głaz 600 lat Ropczyc",
        "country": "Polska",
        "country_code": "pl",
        "state": "województwo podkarpackie",
        "county": "powiat ropczycko-sędziszowski",
        "city": "Ropczyce",
        "municipality": "gmina Ropczyce",
        "postcode": "39-100",
        "district": "Stawisko",
        "street": "Księdza doktora Jana Zwierza",
        "iso3166_2": "PL-18",
        "lon": 21.6105429,
        "lat": 50.053162,
        "state_code": "PK",
        "formatted": "Głaz 600 lat Ropczyc, Księdza doktora Jana Zwierza, 39-100 Ropczyce, Polska",
        "address_line1": "Głaz 600 lat Ropczyc",
        "address_line2": "Księdza doktora Jana Zwierza, 39-100 Ropczyce, Polska",
        "categories": [
          "tourism",
          "tourism.sights",
          "tourism.sights.memorial"
        ],
        "details": [
          "details.historic"
        ],
        "datasource": {
          "sourcename": "openstreetmap",
          "attribution": "© OpenStreetMap contributors",
          "license": "Open Database License",
          "url": "https://www.openstreetmap.org/copyright",
          "raw": {
            "lat": 50.053162,
            "lon": 21.6105429,
            "name": "Głaz 600 lat Ropczyc",
            "osm_id": 8396270682,
            "historic": "memorial",
            "memorial": "stone",
            "osm_type": "n",
            "start_date": 1962,
            "inscription": "600 lat Ropczyc 1362 - 1962"
          }
        },
        "historic": {
          "type": "memorial",
          "start_date": 1962,
          "memorial": "stone",
          "inscription": "600 lat Ropczyc 1362 - 1962"
        },
        "distance": 28240,
        "place_id": "51144e1c8a4c9c354059eab12d03ce064940f00103f9015aec74f40100000092031547c582617a20363030206c617420526f70637a7963"
      },
      "geometry": {
        "type": "Point",
        "coordinates": [
          21.6105429,
          50.053162
        ]
      }
    },
    {
      "type": "Feature",
      "properties": {
        "name": "Nadanie gimnazjum imienia 11 Listopada",
        "country": "Polska",
        "country_code": "pl",
        "state": "województwo podkarpackie",
        "county": "powiat kolbuszowski",
        "city": "Kolbuszowa",
        "municipality": "gmina Kolbuszowa",
        "postcode": "36-100",
        "street": "Parkowa",
        "iso3166_2": "PL-18",
        "lon": 21.7772429,
        "lat": 50.2450449,
        "state_code": "PK",
        "formatted": "Nadanie gimnazjum imienia 11 Listopada, Parkowa, 36-100 Kolbuszowa, Polska",
        "address_line1": "Nadanie gimnazjum imienia 11 Listopada",
        "address_line2": "Parkowa, 36-100 Kolbuszowa, Polska",
        "categories": [
          "tourism",
          "tourism.sights",
          "tourism.sights.memorial"
        ],
        "details": [
          "details.historic"
        ],
        "datasource": {
          "sourcename": "openstreetmap",
          "attribution": "© OpenStreetMap contributors",
          "license": "Open Database License",
          "url": "https://www.openstreetmap.org/copyright",
          "raw": {
            "lat": 50.2450449,
            "lon": 21.7772429,
            "name": "Nadanie gimnazjum imienia 11 Listopada",
            "osm_id": 12009403636,
            "historic": "memorial",
            "memorial": "plaque",
            "osm_type": "n"
          }
        },
        "historic": {
          "type": "memorial",
          "memorial": "plaque"
        },
        "distance": 28254,
        "place_id": "51578c0464f9c63540599bc69ba15d1f4940f00103f901f4f4d0cb020000009203264e6164616e69652067696d6e617a6a756d20696d69656e6961203131204c6973746f70616461"
      },
      "geometry": {
        "type": "Point",
        "coordinates": [
          21.7772429,
          50.2450449
        ]
      }
    },
    {
      "type": "Feature",
      "properties": {
        "name": "Nadanie szkole imienia Henryka Sienkiewicza",
        "country": "Polska",
        "country_code": "pl",
        "state": "województwo podkarpackie",
        "county": "powiat kolbuszowski",
        "city": "Kolbuszowa",
        "municipality": "gmina Kolbuszowa",
        "postcode": "36-100",
        "street": "Parkowa",
        "iso3166_2": "PL-18",
        "lon": 21.7772414,
        "lat": 50.2450449,
        "state_code": "PK",
        "formatted": "Nadanie szkole imienia Henryka Sienkiewicza, Parkowa, 36-100 Kolbuszowa, Polska",
        "address_line1": "Nadanie szkole imienia Henryka Sienkiewicza",
        "address_line2": "Parkowa, 36-100 Kolbuszowa, Polska",
        "categories": [
          "tourism",
          "tourism.sights",
          "tourism.sights.memorial"
        ],
        "details": [
          "details.historic"
        ],
        "datasource": {
          "sourcename": "openstreetmap",
          "attribution": "© OpenStreetMap contributors",
          "license": "Open Database License",
          "url": "https://www.openstreetmap.org/copyright",
          "raw": {
            "lat": 50.2450449,
            "lon": 21.7772414,
            "name": "Nadanie szkole imienia Henryka Sienkiewicza",
            "osm_id": 12009403637,
            "historic": "memorial",
            "memorial": "plaque",
            "osm_type": "n"
          }
        },
        "historic": {
          "type": "memorial",
          "memorial": "plaque"
        },
        "distance": 28254,
        "place_id": "51e618da4af9c63540599bc69ba15d1f4940f00103f901f5f4d0cb0200000092032b4e6164616e696520737a6b6f6c6520696d69656e69612048656e72796b61205369656e6b69657769637a61"
      },
      "geometry": {
        "type": "Point",
        "coordinates": [
          21.7772414,
          50.2450449
        ]
      }
    },
    {
      "type": "Feature",
      "properties": {
        "name": "50-lecie gimnazjum-liceum",
        "country": "Polska",
        "country_code": "pl",
        "state": "województwo podkarpackie",
        "county": "powiat kolbuszowski",
        "city": "Kolbuszowa",
        "municipality": "gmina Kolbuszowa",
        "postcode": "36-100",
        "street": "Parkowa",
        "iso3166_2": "PL-18",
        "lon": 21.7772398,
        "lat": 50.2450447,
        "state_code": "PK",
        "formatted": "50-lecie gimnazjum-liceum, Parkowa, 36-100 Kolbuszowa, Polska",
        "address_line1": "50-lecie gimnazjum-liceum",
        "address_line2": "Parkowa, 36-100 Kolbuszowa, Polska",
        "categories": [
          "tourism",
          "tourism.sights",
          "tourism.sights.memorial"
        ],
        "details": [
          "details.historic"
        ],
        "datasource": {
          "sourcename": "openstreetmap",
          "attribution": "© OpenStreetMap contributors",
          "license": "Open Database License",
          "url": "https://www.openstreetmap.org/copyright",
          "raw": {
            "lat": 50.2450447,
            "lon": 21.7772398,
            "name": "50-lecie gimnazjum-liceum",
            "osm_id": 12009403638,
            "historic": "memorial",
            "memorial": "plaque",
            "osm_type": "n"
          }
        },
        "historic": {
          "type": "memorial",
          "memorial": "plaque"
        },
        "distance": 28254,
        "place_id": "514b260230f9c63540597147ee9f5d1f4940f00103f901f6f4d0cb0200000092031935302d6c656369652067696d6e617a6a756d2d6c696365756d"
      },
      "geometry": {
        "type": "Point",
        "coordinates": [
          21.7772398,
          50.2450447
        ]
      }
    },
    {
      "type": "Feature",
      "properties": {
        "name": "Pomnik Żołnierzy i Bohaterów",
        "country": "Polska",
        "country_code": "pl",
        "state": "województwo podkarpackie",
        "county": "powiat kolbuszowski",
        "city": "Kolbuszowa",
        "municipality": "gmina Kolbuszowa",
        "postcode": "36-100",
        "street": "Plac Wolności",
        "iso3166_2": "PL-18",
        "lon": 21.7746859,
        "lat": 50.244009,
        "state_code": "PK",
        "formatted": "Pomnik Żołnierzy i Bohaterów, Plac Wolności, 36-100 Kolbuszowa, Polska",
        "address_line1": "Pomnik Żołnierzy i Bohaterów",
        "address_line2": "Plac Wolności, 36-100 Kolbuszowa, Polska",
        "categories": [
          "tourism",
          "tourism.sights",
          "tourism.sights.memorial"
        ],
        "details": [
          "details.historic",
          "details.wiki_and_media"
        ],
        "datasource": {
          "sourcename": "openstreetmap",
          "attribution": "© OpenStreetMap contributors",
          "license": "Open Database License",
          "url": "https://www.openstreetmap.org/copyright",
          "raw": {
            "lat": 50.244005074703104,
            "lon": 21.774689109939136,
            "name": "Pomnik Żołnierzy i Bohaterów",
            "osm_id": 513381671,
            "historic": "memorial",
            "osm_type": "w",
            "inscription": "ŻOŁNIERZOM I BOHATEROM WALCZĄCYM I POLEGŁYM ZA WOLNOŚĆ, NIEPODLEGŁOŚĆ I SUWERENNOŚĆ OJCZYZNY. KOLBUSZOWA 2009",
            "subject:wikidata": "Q9377431",
            "wikimedia_commons": "File:Kolbuszowa - pomnik na rynku.jpg"
          }
        },
        "wiki_and_media": {
          "wikimedia_commons": "File:Kolbuszowa - pomnik na rynku.jpg"
        },
        "historic": {
          "type": "memorial",
          "inscription": "ŻOŁNIERZOM I BOHATEROM WALCZĄCYM I POLEGŁYM ZA WOLNOŚĆ, NIEPODLEGŁOŚĆ I SUWERENNOŚĆ OJCZYZNY. KOLBUSZOWA 2009"
        },
        "distance": 28265,
        "place_id": "5185c1870652c635405935f4eb8e3b1f4940f00102f9012795991e0000000092031f506f6d6e696b20c5bb6fc5826e6965727a79206920426f6861746572c3b377"
      },
      "geometry": {
        "type": "Point",
        "coordinates": [
          21.774689109939136,
          50.244005074703104
        ]
      }
    },
    {
      "type": "Feature",
      "properties": {
        "name": "Dąb Pamięci",
        "country": "Polska",
        "country_code": "pl",
        "state": "województwo podkarpackie",
        "county": "powiat kolbuszowski",
        "city": "Kolbuszowa",
        "municipality": "gmina Kolbuszowa",
        "postcode": "36-100",
        "street": "Plac Wolności",
        "iso3166_2": "PL-18",
        "lon": 21.7746699,
        "lat": 50.2440888,
        "state_code": "PK",
        "formatted": "Dąb Pamięci, Plac Wolności, 36-100 Kolbuszowa, Polska",
        "address_line1": "Dąb Pamięci",
        "address_line2": "Plac Wolności, 36-100 Kolbuszowa, Polska",
        "categories": [
          "tourism",
          "tourism.sights",
          "tourism.sights.memorial"
        ],
        "details": [
          "details.historic"
        ],
        "datasource": {
          "sourcename": "openstreetmap",
          "attribution": "© OpenStreetMap contributors",
          "license": "Open Database License",
          "url": "https://www.openstreetmap.org/copyright",
          "raw": {
            "lat": 50.2440888,
            "lon": 21.7746699,
            "name": "Dąb Pamięci",
            "osm_id": 11382373178,
            "historic": "memorial",
            "memorial": "plaque",
            "osm_type": "n",
            "inscription": "DĄB PAMIĘCI\nASPIRANTOWI POLICJI PAŃSTWOWEJ\nJANOWI OZIMKOWI\nI JEGO SYNOWI STANISŁAWOWI OZIMKOWI\nZAMORDOWANYM WIOSNĄ 1940 R W KALININIE (TWER - ROSJA) SPOCZYWAJĄCYM NA POLSKIM CMENTARZU WOJENNY W MIEDNOJE\nKOLBUSZOWIANIE\nKOLBUSZOWA, 15 MAJA 2016 R"
          }
        },
        "historic": {
          "type": "memorial",
          "memorial": "plaque",
          "inscription": "DĄB PAMIĘCI\nASPIRANTOWI POLICJI PAŃSTWOWEJ\nJANOWI OZIMKOWI\nI JEGO SYNOWI STANISŁAWOWI OZIMKOWI\nZAMORDOWANYM WIOSNĄ 1940 R W KALININIE (TWER - ROSJA) SPOCZYWAJĄCYM NA POLSKIM CMENTARZU WOJENNY W MIEDNOJE\nKOLBUSZOWIANIE\nKOLBUSZOWA, 15 MAJA 2016 R"
        },
        "distance": 28273,
        "place_id": "5112b23dc450c6354059f2a8424d3e1f4940f00103f9013a3b71a60200000092030d44c485622050616d69c4996369"
      },
      "geometry": {
        "type": "Point",
        "coordinates": [
          21.7746699,
          50.2440888
        ]
      }
    },
    {
      "type": "Feature",
      "properties": {
        "name": "Adam Mickiewicz",
        "country": "Polska",
        "country_code": "pl",
        "state": "województwo podkarpackie",
        "county": "powiat kolbuszowski",
        "city": "Kolbuszowa",
        "municipality": "gmina Kolbuszowa",
        "postcode": "36-100",
        "street": "Adama Mickiewicza",
        "housenumber": "15",
        "iso3166_2": "PL-18",
        "lon": 21.7737319,
        "lat": 50.2437759,
        "state_code": "PK",
        "formatted": "Adam Mickiewicz, Adama Mickiewicza 15, 36-100 Kolbuszowa, Polska",
        "address_line1": "Adam Mickiewicz",
        "address_line2": "Adama Mickiewicza 15, 36-100 Kolbuszowa, Polska",
        "categories": [
          "tourism",
          "tourism.sights",
          "tourism.sights.memorial"
        ],
        "details": [
          "details.historic",
          "details.wiki_and_media"
        ],
        "datasource": {
          "sourcename": "openstreetmap",
          "attribution": "© OpenStreetMap contributors",
          "license": "Open Database License",
          "url": "https://www.openstreetmap.org/copyright",
          "raw": {
            "lat": 50.2437759,
            "lon": 21.7737319,
            "city": "Kolbuszowa",
            "name": "Adam Mickiewicz",
            "osm_id": 10253957302,
            "street": "Adama Mickiewicza",
            "historic": "memorial",
            "memorial": "plaque",
            "osm_type": "n",
            "postcode": "36-100",
            "_inherited": "",
            "housenumber": 15,
            "inscription": "ADAM | MICKIEWICZ |1798-1855 | MIEJ SERCE | I PATRZAJ W SERCE | NA PAMIĄTKĘ | REWITALIZACJI MIASTA | KOLBUSZOWIANIE | WRZESIEŃ 2012",
            "subject:wikidata": "Q79822",
            "subject:wikipedia": "pl:Adam Mickiewicz",
            "wikimedia_commons": "File:Adam Mickiewicz. Upamiętnienie Kolbuszowa 2012.jpg"
          }
        },
        "wiki_and_media": {
          "wikimedia_commons": "File:Adam Mickiewicz. Upamiętnienie Kolbuszowa 2012.jpg"
        },
        "historic": {
          "type": "memorial",
          "memorial": "plaque",
          "inscription": "ADAM | MICKIEWICZ |1798-1855 | MIEJ SERCE | I PATRZAJ W SERCE | NA PAMIĄTKĘ | REWITALIZACJI MIASTA | KOLBUSZOWIANIE | WRZESIEŃ 2012"
        },
        "distance": 28284,
        "place_id": "51385f364b13c6354059c806770c341f4940f00103f901b6f82e630200000092030f4164616d204d69636b69657769637a"
      },
      "geometry": {
        "type": "Point",
        "coordinates": [
          21.7737319,
          50.2437759
        ]
      }
    },
    {
      "type": "Feature",
      "properties": {
        "name": "Stefan Wyszyński",
        "country": "Polska",
        "country_code": "pl",
        "state": "województwo podkarpackie",
        "county": "powiat kolbuszowski",
        "city": "Kolbuszowa",
        "municipality": "gmina Kolbuszowa",
        "postcode": "36-100",
        "street": "Plac Wolności",
        "iso3166_2": "PL-18",
        "lon": 21.775425,
        "lat": 50.2450477,
        "state_code": "PK",
        "formatted": "Stefan Wyszyński, Plac Wolności, 36-100 Kolbuszowa, Polska",
        "address_line1": "Stefan Wyszyński",
        "address_line2": "Plac Wolności, 36-100 Kolbuszowa, Polska",
        "categories": [
          "tourism",
          "tourism.sights",
          "tourism.sights.memorial"
        ],
        "details": [
          "details.historic",
          "details.wiki_and_media"
        ],
        "datasource": {
          "sourcename": "openstreetmap",
          "attribution": "© OpenStreetMap contributors",
          "license": "Open Database License",
          "url": "https://www.openstreetmap.org/copyright",
          "raw": {
            "lat": 50.2450477,
            "lon": 21.775425,
            "name": "Stefan Wyszyński",
            "osm_id": 9902957631,
            "historic": "memorial",
            "memorial": "statue",
            "osm_type": "n",
            "inscription": "Błogosławiony Ksiądz Kardynał Stefan Wyszyński Prymas Tysiąclecia (1901-1981)",
            "wikimedia_commons": "File:Kolbuszowa - pomnik Wyszyńskiego (lipiec 2022).jpg"
          }
        },
        "wiki_and_media": {
          "wikimedia_commons": "File:Kolbuszowa - pomnik Wyszyńskiego (lipiec 2022).jpg"
        },
        "historic": {
          "type": "memorial",
          "memorial": "statue",
          "inscription": "Błogosławiony Ksiądz Kardynał Stefan Wyszyński Prymas Tysiąclecia (1901-1981)"
        },
        "distance": 28329,
        "place_id": "513480b74082c6354059e2ba18b95d1f4940f00103f9013f24434e0200000092031153746566616e205779737a79c584736b69"
      },
      "geometry": {
        "type": "Point",
        "coordinates": [
          21.775425,
          50.2450477
        ]
      }
    },
    {
      "type": "Feature",
      "properties": {
        "name": "90 rocznica powstania Stronnictwa Ludowego na terenie powiatu kolbuszowskiego",
        "country": "Polska",
        "country_code": "pl",
        "state": "województwo podkarpackie",
        "county": "powiat kolbuszowski",
        "city": "Kolbuszowa",
        "municipality": "gmina Kolbuszowa",
        "postcode": "36-100",
        "street": "Tadeusza Kościuszki",
        "housenumber": "16",
        "iso3166_2": "PL-18",
        "lon": 21.7783426,
        "lat": 50.2464719,
        "state_code": "PK",
        "formatted": "90 rocznica powstania Stronnictwa Ludowego na terenie powiatu kolbuszowskiego, Tadeusza Kościuszki 16, 36-100 Kolbuszowa, Polska",
        "address_line1": "90 rocznica powstania Stronnictwa Ludowego na terenie powiatu kolbuszowskiego",
        "address_line2": "Tadeusza Kościuszki 16, 36-100 Kolbuszowa, Polska",
        "categories": [
          "tourism",
          "tourism.sights",
          "tourism.sights.memorial"
        ],
        "details": [
          "details.historic"
        ],
        "datasource": {
          "sourcename": "openstreetmap",
          "attribution": "© OpenStreetMap contributors",
          "license": "Open Database License",
          "url": "https://www.openstreetmap.org/copyright",
          "raw": {
            "lat": 50.2464719,
            "lon": 21.7783426,
            "city": "Kolbuszowa",
            "name": "90 rocznica powstania Stronnictwa Ludowego na terenie powiatu kolbuszowskiego",
            "osm_id": 10219455439,
            "street": "Tadeusza Kościuszki",
            "historic": "memorial",
            "memorial": "plaque",
            "osm_type": "n",
            "postcode": "36-100",
            "_inherited": "",
            "housenumber": 16,
            "inscription": "W 90-tą rocznicę | powstania Stronnictwa Ludowego | na terenie powiatu kolbuszowskiego | Ludowcy | 1910-2000"
          }
        },
        "historic": {
          "type": "memorial",
          "memorial": "plaque",
          "inscription": "W 90-tą rocznicę | powstania Stronnictwa Ludowego | na terenie powiatu kolbuszowskiego | Ludowcy | 1910-2000"
        },
        "distance": 28339,
        "place_id": "516715ec7541c735405906f126648c1f4940f00103f901cf8320610200000092034d393020726f637a6e69636120706f777374616e6961205374726f6e6e6963747761204c75646f7765676f206e6120746572656e696520706f7769617475206b6f6c6275737a6f77736b6965676f"
      },
      "geometry": {
        "type": "Point",
        "coordinates": [
          21.7783426,
          50.2464719
        ]
      }
    },
    {
      "type": "Feature",
      "properties": {
        "name": "100 rocznica powstania szkoły",
        "country": "Polska",
        "country_code": "pl",
        "state": "województwo podkarpackie",
        "county": "powiat kolbuszowski",
        "city": "Kolbuszowa",
        "municipality": "gmina Kolbuszowa",
        "postcode": "36-100",
        "street": "Obrońców Pokoju",
        "housenumber": "46",
        "iso3166_2": "PL-18",
        "lon": 21.7683243,
        "lat": 50.2422468,
        "state_code": "PK",
        "formatted": "100 rocznica powstania szkoły, Obrońców Pokoju 46, 36-100 Kolbuszowa, Polska",
        "address_line1": "100 rocznica powstania szkoły",
        "address_line2": "Obrońców Pokoju 46, 36-100 Kolbuszowa, Polska",
        "categories": [
          "tourism",
          "tourism.sights",
          "tourism.sights.memorial"
        ],
        "details": [
          "details.historic"
        ],
        "datasource": {
          "sourcename": "openstreetmap",
          "attribution": "© OpenStreetMap contributors",
          "license": "Open Database License",
          "url": "https://www.openstreetmap.org/copyright",
          "raw": {
            "lat": 50.2422468,
            "lon": 21.7683243,
            "city": "Kolbuszowa",
            "name": "100 rocznica powstania szkoły",
            "osm_id": 10253864307,
            "street": "Obrońców Pokoju",
            "historic": "memorial",
            "memorial": "plaque",
            "osm_type": "n",
            "postcode": "36-100",
            "_inherited": "",
            "housenumber": 46,
            "inscription": "„Czyż możemy narodowi ofiarować większy dar nad wychowanie i wykształcenie młodzieży?” | /Cyceron/ | W 100 ROCZNICĘ | POWSTANIA | SZKOŁY | 1905-2005 \nAusolwenci Uczniowie, Rodzice, | Nauczyciele i Pracownicy Zespołu Szkół nr 2 | w Kolbuszowej"
          }
        },
        "historic": {
          "type": "memorial",
          "memorial": "plaque",
          "inscription": "„Czyż możemy narodowi ofiarować większy dar nad wychowanie i wykształcenie młodzieży?” | /Cyceron/ | W 100 ROCZNICĘ | POWSTANIA | SZKOŁY | 1905-2005 \nAusolwenci Uczniowie, Rodzice, | Nauczyciele i Pracownicy Zespołu Szkół nr 2 | w Kolbuszowej"
        },
        "distance": 28374,
        "place_id": "51db38bde6b0c4354059c3c771f1011f4940f00103f901738d2d630200000092031e31303020726f637a6e69636120706f777374616e696120737a6b6fc58279"
      },
      "geometry": {
        "type": "Point",
        "coordinates": [
          21.7683243,
          50.2422468
        ]
      }
    },
    {
      "type": "Feature",
      "properties": {
        "name": "Dzwon „Głos Nienarodzonych”",
        "country": "Polska",
        "country_code": "pl",
        "state": "województwo podkarpackie",
        "county": "powiat kolbuszowski",
        "city": "Kolbuszowa",
        "municipality": "gmina Kolbuszowa",
        "postcode": "36-100",
        "street": "Gabriela Narutowicza",
        "iso3166_2": "PL-18",
        "lon": 21.774352,
        "lat": 50.2452283,
        "state_code": "PK",
        "formatted": "Dzwon „Głos Nienarodzonych”, Gabriela Narutowicza, 36-100 Kolbuszowa, Polska",
        "address_line1": "Dzwon „Głos Nienarodzonych”",
        "address_line2": "Gabriela Narutowicza, 36-100 Kolbuszowa, Polska",
        "categories": [
          "tourism",
          "tourism.sights",
          "tourism.sights.memorial"
        ],
        "details": [
          "details.historic"
        ],
        "datasource": {
          "sourcename": "openstreetmap",
          "attribution": "© OpenStreetMap contributors",
          "license": "Open Database License",
          "url": "https://www.openstreetmap.org/copyright",
          "raw": {
            "lat": 50.2452283,
            "lon": 21.774352,
            "name": "Dzwon „Głos Nienarodzonych”",
            "osm_id": 11532532358,
            "historic": "memorial",
            "memorial": "bell",
            "osm_type": "n"
          }
        },
        "historic": {
          "type": "memorial",
          "memorial": "bell"
        },
        "distance": 28389,
        "place_id": "519a97c3ee3bc6354059df4614a4631f4940f00103f901867a64af02000000920320447a776f6e20e2809e47c5826f73204e69656e61726f647a6f6e796368e2809d"
      },
      "geometry": {
        "type": "Point",
        "coordinates": [
          21.774352,
          50.2452283
        ]
      }
    },
    {
      "type": "Feature",
      "properties": {
        "name": "Jan Paweł II",
        "country": "Polska",
        "country_code": "pl",
        "state": "województwo podkarpackie",
        "county": "powiat kolbuszowski",
        "city": "Kolbuszowa",
        "municipality": "gmina Kolbuszowa",
        "postcode": "36-100",
        "street": "Gabriela Narutowicza",
        "iso3166_2": "PL-18",
        "lon": 21.7742633,
        "lat": 50.2453218,
        "state_code": "PK",
        "formatted": "Jan Paweł II, Gabriela Narutowicza, 36-100 Kolbuszowa, Polska",
        "address_line1": "Jan Paweł II",
        "address_line2": "Gabriela Narutowicza, 36-100 Kolbuszowa, Polska",
        "categories": [
          "tourism",
          "tourism.sights",
          "tourism.sights.memorial"
        ],
        "details": [
          "details.historic"
        ],
        "datasource": {
          "sourcename": "openstreetmap",
          "attribution": "© OpenStreetMap contributors",
          "license": "Open Database License",
          "url": "https://www.openstreetmap.org/copyright",
          "raw": {
            "lat": 50.2453218,
            "lon": 21.7742633,
            "name": "Jan Paweł II",
            "osm_id": 9964881383,
            "historic": "memorial",
            "memorial": "statue",
            "osm_type": "n",
            "inscription": "NAJWIĘKSZEMU Z RODU POLAKÓW"
          }
        },
        "historic": {
          "type": "memorial",
          "memorial": "statue",
          "inscription": "NAJWIĘKSZEMU Z RODU POLAKÓW"
        },
        "distance": 28402,
        "place_id": "5138fe9f1e36c635405978ff69b4661f4940f00103f901e705f4510200000092030d4a616e2050617765c582204949"
      },
      "geometry": {
        "type": "Point",
        "coordinates": [
          21.7742633,
          50.2453218
        ]
      }
    },
    {
      "type": "Feature",
      "properties": {
        "name": "25 rocznica pontyfikatu Jana Pawła II",
        "country": "Polska",
        "country_code": "pl",
        "state": "województwo podkarpackie",
        "county": "powiat kolbuszowski",
        "city": "Kolbuszowa",
        "municipality": "gmina Kolbuszowa",
        "postcode": "36-100",
        "street": "Henryka Sienkiewicza",
        "iso3166_2": "PL-18",
        "lon": 21.7680146,
        "lat": 50.2424553,
        "state_code": "PK",
        "formatted": "25 rocznica pontyfikatu Jana Pawła II, Henryka Sienkiewicza, 36-100 Kolbuszowa, Polska",
        "address_line1": "25 rocznica pontyfikatu Jana Pawła II",
        "address_line2": "Henryka Sienkiewicza, 36-100 Kolbuszowa, Polska",
        "categories": [
          "tourism",
          "tourism.sights",
          "tourism.sights.memorial"
        ],
        "details": [
          "details.historic"
        ],
        "datasource": {
          "sourcename": "openstreetmap",
          "attribution": "© OpenStreetMap contributors",
          "license": "Open Database License",
          "url": "https://www.openstreetmap.org/copyright",
          "raw": {
            "lat": 50.2424553,
            "lon": 21.7680146,
            "name": "25 rocznica pontyfikatu Jana Pawła II",
            "osm_id": 11975419957,
            "historic": "memorial",
            "memorial": "plaque",
            "osm_type": "n"
          }
        },
        "historic": {
          "type": "memorial",
          "memorial": "plaque"
        },
        "distance": 28405,
        "place_id": "51bcd9d59a9cc4354059f61e78c6081f4940f00103f9013568cac902000000920326323520726f637a6e69636120706f6e747966696b617475204a616e6120506177c58261204949"
      },
      "geometry": {
        "type": "Point",
        "coordinates": [
          21.7680146,
          50.2424553
        ]
      }
    },
    {
      "type": "Feature",
      "properties": {
        "name": "Dzień kanonizacji Jana Pawła II",
        "country": "Polska",
        "country_code": "pl",
        "state": "województwo podkarpackie",
        "county": "powiat kolbuszowski",
        "city": "Kolbuszowa",
        "municipality": "gmina Kolbuszowa",
        "postcode": "36-100",
        "street": "Henryka Sienkiewicza",
        "iso3166_2": "PL-18",
        "lon": 21.7680109,
        "lat": 50.2424549,
        "state_code": "PK",
        "formatted": "Dzień kanonizacji Jana Pawła II, Henryka Sienkiewicza, 36-100 Kolbuszowa, Polska",
        "address_line1": "Dzień kanonizacji Jana Pawła II",
        "address_line2": "Henryka Sienkiewicza, 36-100 Kolbuszowa, Polska",
        "categories": [
          "tourism",
          "tourism.sights",
          "tourism.sights.memorial"
        ],
        "details": [
          "details.historic"
        ],
        "datasource": {
          "sourcename": "openstreetmap",
          "attribution": "© OpenStreetMap contributors",
          "license": "Open Database License",
          "url": "https://www.openstreetmap.org/copyright",
          "raw": {
            "lat": 50.2424549,
            "lon": 21.7680109,
            "name": "Dzień kanonizacji Jana Pawła II",
            "osm_id": 11975419958,
            "historic": "memorial",
            "memorial": "plaque",
            "osm_type": "n"
          }
        },
        "historic": {
          "type": "memorial",
          "memorial": "plaque"
        },
        "distance": 28405,
        "place_id": "51b678c25c9cc4354059a2201dc3081f4940f00103f9013668cac902000000920321447a6965c584206b616e6f6e697a61636a69204a616e6120506177c58261204949"
      },
      "geometry": {
        "type": "Point",
        "coordinates": [
          21.7680109,
          50.2424549
        ]
      }
    },
    {
      "type": "Feature",
      "properties": {
        "name": "Jerzy Popiełuszko",
        "country": "Polska",
        "country_code": "pl",
        "state": "województwo podkarpackie",
        "county": "powiat kolbuszowski",
        "city": "Kolbuszowa",
        "municipality": "gmina Kolbuszowa",
        "postcode": "36-100",
        "street": "Gabriela Narutowicza",
        "iso3166_2": "PL-18",
        "lon": 21.7744163,
        "lat": 50.245436,
        "state_code": "PK",
        "formatted": "Jerzy Popiełuszko, Gabriela Narutowicza, 36-100 Kolbuszowa, Polska",
        "address_line1": "Jerzy Popiełuszko",
        "address_line2": "Gabriela Narutowicza, 36-100 Kolbuszowa, Polska",
        "categories": [
          "tourism",
          "tourism.sights",
          "tourism.sights.memorial"
        ],
        "details": [
          "details.historic"
        ],
        "datasource": {
          "sourcename": "openstreetmap",
          "attribution": "© OpenStreetMap contributors",
          "license": "Open Database License",
          "url": "https://www.openstreetmap.org/copyright",
          "raw": {
            "lat": 50.245436,
            "lon": 21.7744163,
            "name": "Jerzy Popiełuszko",
            "osm_id": 9964881382,
            "historic": "memorial",
            "memorial": "statue",
            "osm_type": "n",
            "inscription": "\"ZŁO DOBREM ZWYCIĘŻAJ NIE DAJ ZWYCIĘŻYĆ SIĘ ZŁU\" \nKS. JERZY POPIEŁUSZKO\nKAPELAN SOLIDARNOŚCI ZAMORDOWANY BESTIALSKO 19.10.1984 r. W 37 ROKU ŻYCIA PRZEZ SŁUŻBĘ BEZPIECZEŃSTWA PRL"
          }
        },
        "historic": {
          "type": "memorial",
          "memorial": "statue",
          "inscription": "\"ZŁO DOBREM ZWYCIĘŻAJ NIE DAJ ZWYCIĘŻYĆ SIĘ ZŁU\" \nKS. JERZY POPIEŁUSZKO\nKAPELAN SOLIDARNOŚCI ZAMORDOWANY BESTIALSKO 19.10.1984 r. W 37 ROKU ŻYCIA PRZEZ SŁUŻBĘ BEZPIECZEŃSTWA PRL"
        },
        "distance": 28406,
        "place_id": "5144fd892540c63540596aa164726a1f4940f00103f901e605f451020000009203124a65727a7920506f706965c58275737a6b6f"
      },
      "geometry": {
        "type": "Point",
        "coordinates": [
          21.7744163,
          50.245436
        ]
      }
    },
    {
      "type": "Feature",
      "properties": {
        "name": "100 rocznica urodzin Zygmunta Krasińskiego",
        "country": "Polska",
        "country_code": "pl",
        "state": "województwo podkarpackie",
        "county": "powiat kolbuszowski",
        "city": "Kolbuszowa",
        "municipality": "gmina Kolbuszowa",
        "postcode": "36-100",
        "street": "Obrońców Pokoju",
        "housenumber": "66",
        "iso3166_2": "PL-18",
        "lon": 21.7658495,
        "lat": 50.2418596,
        "state_code": "PK",
        "formatted": "100 rocznica urodzin Zygmunta Krasińskiego, Obrońców Pokoju 66, 36-100 Kolbuszowa, Polska",
        "address_line1": "100 rocznica urodzin Zygmunta Krasińskiego",
        "address_line2": "Obrońców Pokoju 66, 36-100 Kolbuszowa, Polska",
        "categories": [
          "tourism",
          "tourism.sights",
          "tourism.sights.memorial"
        ],
        "details": [
          "details.historic",
          "details.wiki_and_media"
        ],
        "datasource": {
          "sourcename": "openstreetmap",
          "attribution": "© OpenStreetMap contributors",
          "license": "Open Database License",
          "url": "https://www.openstreetmap.org/copyright",
          "raw": {
            "lat": 50.2418596,
            "lon": 21.7658495,
            "city": "Kolbuszowa",
            "name": "100 rocznica urodzin Zygmunta Krasińskiego",
            "osm_id": 10251809461,
            "street": "Obrońców Pokoju",
            "historic": "memorial",
            "memorial": "plaque",
            "osm_type": "n",
            "postcode": "36-100",
            "_inherited": "",
            "housenumber": 66,
            "inscription": "W SETNĄ ROCZNICĘ URODZIN | ZYGMUNTOWI KRASIŃSKIEMU | KOLBUSZOWIANIE | 1812-1912",
            "wikimedia_commons": "File:MDK Kolbuszowa - tablica (6).jpg"
          }
        },
        "wiki_and_media": {
          "wikimedia_commons": "File:MDK Kolbuszowa - tablica (6).jpg"
        },
        "historic": {
          "type": "memorial",
          "memorial": "plaque",
          "inscription": "W SETNĄ ROCZNICĘ URODZIN | ZYGMUNTOWI KRASIŃSKIEMU | KOLBUSZOWIANIE | 1812-1912"
        },
        "distance": 28444,
        "place_id": "5170287cb60ec4354059a01c6041f51e4940f00103f901b5320e630200000092032b31303020726f637a6e6963612075726f647a696e205a79676d756e7461204b72617369c584736b6965676f"
      },
      "geometry": {
        "type": "Point",
        "coordinates": [
          21.7658495,
          50.2418596
        ]
      }
    },
    {
      "type": "Feature",
      "properties": {
        "name": "100 rocznica urodzin Juliusza Słowackiego",
        "country": "Polska",
        "country_code": "pl",
        "state": "województwo podkarpackie",
        "county": "powiat kolbuszowski",
        "city": "Kolbuszowa",
        "municipality": "gmina Kolbuszowa",
        "postcode": "36-100",
        "street": "Obrońców Pokoju",
        "housenumber": "66",
        "iso3166_2": "PL-18",
        "lon": 21.765786,
        "lat": 50.2418447,
        "state_code": "PK",
        "formatted": "100 rocznica urodzin Juliusza Słowackiego, Obrońców Pokoju 66, 36-100 Kolbuszowa, Polska",
        "address_line1": "100 rocznica urodzin Juliusza Słowackiego",
        "address_line2": "Obrońców Pokoju 66, 36-100 Kolbuszowa, Polska",
        "categories": [
          "tourism",
          "tourism.sights",
          "tourism.sights.memorial"
        ],
        "details": [
          "details.historic",
          "details.wiki_and_media"
        ],
        "datasource": {
          "sourcename": "openstreetmap",
          "attribution": "© OpenStreetMap contributors",
          "license": "Open Database License",
          "url": "https://www.openstreetmap.org/copyright",
          "raw": {
            "lat": 50.2418447,
            "lon": 21.765786,
            "city": "Kolbuszowa",
            "name": "100 rocznica urodzin Juliusza Słowackiego",
            "osm_id": 10251809460,
            "street": "Obrońców Pokoju",
            "historic": "memorial",
            "memorial": "plaque",
            "osm_type": "n",
            "postcode": "36-100",
            "_inherited": "",
            "housenumber": 66,
            "inscription": "W SETNĄ ROCZNICĘ URODZIN | JULIUSZOWI SŁOWACKIEMU | KOLBUSZOWIANIE | R. 1909.",
            "wikimedia_commons": "File:MDK Kolbuszowa - tablica (5).jpg"
          }
        },
        "wiki_and_media": {
          "wikimedia_commons": "File:MDK Kolbuszowa - tablica (5).jpg"
        },
        "historic": {
          "type": "memorial",
          "memorial": "plaque",
          "inscription": "W SETNĄ ROCZNICĘ URODZIN | JULIUSZOWI SŁOWACKIEMU | KOLBUSZOWIANIE | R. 1909."
        },
        "distance": 28446,
        "place_id": "5112bc218d0ac4354059009b62c4f41e4940f00103f901b4320e630200000092032a31303020726f637a6e6963612075726f647a696e204a756c6975737a612053c5826f7761636b6965676f"
      },
      "geometry": {
        "type": "Point",
        "coordinates": [
          21.765786,
          50.2418447
        ]
      }
    },
    {
      "type": "Feature",
      "properties": {
        "name": "Janusz hr. Tyszkiewicz i druchowie budowniczy sokolni",
        "country": "Polska",
        "country_code": "pl",
        "state": "województwo podkarpackie",
        "county": "powiat kolbuszowski",
        "city": "Kolbuszowa",
        "municipality": "gmina Kolbuszowa",
        "postcode": "36-100",
        "street": "Obrońców Pokoju",
        "housenumber": "66",
        "iso3166_2": "PL-18",
        "lon": 21.7657835,
        "lat": 50.2418515,
        "state_code": "PK",
        "formatted": "Janusz hr. Tyszkiewicz i druchowie budowniczy sokolni, Obrońców Pokoju 66, 36-100 Kolbuszowa, Polska",
        "address_line1": "Janusz hr. Tyszkiewicz i druchowie budowniczy sokolni",
        "address_line2": "Obrońców Pokoju 66, 36-100 Kolbuszowa, Polska",
        "categories": [
          "tourism",
          "tourism.sights",
          "tourism.sights.memorial"
        ],
        "details": [
          "details.historic",
          "details.wiki_and_media"
        ],
        "datasource": {
          "sourcename": "openstreetmap",
          "attribution": "© OpenStreetMap contributors",
          "license": "Open Database License",
          "url": "https://www.openstreetmap.org/copyright",
          "raw": {
            "lat": 50.2418515,
            "lon": 21.7657835,
            "city": "Kolbuszowa",
            "name": "Janusz hr. Tyszkiewicz i druchowie budowniczy sokolni",
            "osm_id": 10251809459,
            "street": "Obrońców Pokoju",
            "historic": "memorial",
            "memorial": "plaque",
            "osm_type": "n",
            "postcode": "36-100",
            "_inherited": "",
            "housenumber": 66,
            "inscription": "Z OKAZJI GENERALNEJ RENOWACJI OBIEKTU |\nPREZESOWI |\nJANUSZOWI HR TYSZKIEWICZOWI | I DRUHOM BUDOWNICZYM SOKOLNI |  Z 15 SIERPNIA 1908 |\nKOLBUSZOWIANIE | R. 2014",
            "wikimedia_commons": "File:MDK Kolbuszowa - tablica (4).jpg"
          }
        },
        "wiki_and_media": {
          "wikimedia_commons": "File:MDK Kolbuszowa - tablica (4).jpg"
        },
        "historic": {
          "type": "memorial",
          "memorial": "plaque",
          "inscription": "Z OKAZJI GENERALNEJ RENOWACJI OBIEKTU |\nPREZESOWI |\nJANUSZOWI HR TYSZKIEWICZOWI | I DRUHOM BUDOWNICZYM SOKOLNI |  Z 15 SIERPNIA 1908 |\nKOLBUSZOWIANIE | R. 2014"
        },
        "distance": 28447,
        "place_id": "51015130630ac4354059897e6dfdf41e4940f00103f901b3320e63020000009203354a616e75737a2068722e205479737a6b69657769637a20692064727563686f776965206275646f776e69637a7920736f6b6f6c6e69"
      },
      "geometry": {
        "type": "Point",
        "coordinates": [
          21.7657835,
          50.2418515
        ]
      }
    }
  ]
}