sourceRow;id;name;city;action;afterStatus;parentSourceRow;reason;evidence;sourceUrls;note
1;41f02db7-7ab3-5642-b04a-be599c3f228e;Muzeum Etnograficzne im. Franciszka Kotuli;Rzeszów;keep;active;;"Muzeum, skansen lub galeria z ekspozycją; sensowny cel wizyty edukacyjnej.";catalogue_and_editorial_judgment;[];Dostępność i godziny wymagają osobnej weryfikacji przed planowaniem wizyty.
3;3ac53e57-a866-58c0-ba9c-2eb1f1c2e63e;Skwer im. Kazimierza Górskiego;Rzeszów;remove;removed;;"Mały skwer, ogród kieszonkowy lub ogródek jordanowski; lokalna przestrzeń wypoczynku o małej wartości jako osobny cel wycieczki.";catalogue_and_editorial_judgment;[];"Wyłączenie z listy API, z zachowaniem oryginału i możliwości przywrócenia; nie jest to ocena wartości historycznej."
5;32437c37-99c2-5cb7-90e5-0d2303baee6c;Papugarnia;Rzeszów;keep;active;;"Miejsce oferujące zaplanowaną aktywność lub kontakt ze zwierzętami; przydatne w trasie rodzinnej.";catalogue_and_editorial_judgment;[];Dostępność i godziny wymagają osobnej weryfikacji przed planowaniem wizyty.
7;b5be16a8-f743-5acc-8f50-9a0d7223e1ac;Rzeszowskie Piwnice;Rzeszów;keep;active;;"Muzeum, skansen lub galeria z ekspozycją; sensowny cel wizyty edukacyjnej.";catalogue_and_editorial_judgment;[];Dostępność i godziny wymagają osobnej weryfikacji przed planowaniem wizyty.
9;73fb5dd6-f1f9-50bf-ad22-2dc1bf47f37b;Biały Ogród;Rzeszów;keep;active;;"Park, planty, bulwary lub historyczny zespół zieleni; miejsce na spacer, a nie pojedynczy mały skwer.";catalogue_and_editorial_judgment;[];Dostępność i godziny wymagają osobnej weryfikacji przed planowaniem wizyty.
10;844962d9-85cd-54ff-b710-5a8e45752c3f;Platforma Widokowa;Czudec;keep;active;;"Punkt oznaczony jako widokowy; cel spaceru i oglądania panoramy, a nie sama nazwa wzniesienia.";catalogue_and_editorial_judgment;[];Dostępność i godziny wymagają osobnej weryfikacji przed planowaniem wizyty.
11;72294b44-9b0c-5412-814d-bf3b4004ec7f;Magiczna Polana;Rzeszów;keep;active;;"Miejsce oferujące zaplanowaną aktywność lub kontakt ze zwierzętami; przydatne w trasie rodzinnej.";catalogue_and_editorial_judgment;[];Dostępność i godziny wymagają osobnej weryfikacji przed planowaniem wizyty.
13;2a07f551-6546-5f64-a51a-def5cf48e19b;Muzeum Historii Miasta Rzeszowa;Rzeszów;keep;active;;"Muzeum, skansen lub galeria z ekspozycją; sensowny cel wizyty edukacyjnej.";catalogue_and_editorial_judgment;[];Dostępność i godziny wymagają osobnej weryfikacji przed planowaniem wizyty.
15;9dd53c68-bc79-54f6-8f57-9d1dc1a33087;Plac Ofiar Getta;Rzeszów;keep;active;;"Park, planty, bulwary lub historyczny zespół zieleni; miejsce na spacer, a nie pojedynczy mały skwer.";catalogue_and_editorial_judgment;[];Dostępność i godziny wymagają osobnej weryfikacji przed planowaniem wizyty.
16;b6b734c2-5928-52f6-ba49-bde010b823f5;Krzemionka;Niechobrz;keep;active;;"Punkt oznaczony jako widokowy; cel spaceru i oglądania panoramy, a nie sama nazwa wzniesienia.";catalogue_and_editorial_judgment;[];Dostępność i godziny wymagają osobnej weryfikacji przed planowaniem wizyty.
17;223c4f80-381d-5482-ab00-2dfb31feb12e;Wiewiórki Świata;Rudna Wielka;keep;active;;"Miejsce oferujące zaplanowaną aktywność lub kontakt ze zwierzętami; przydatne w trasie rodzinnej.";catalogue_and_editorial_judgment;[];Dostępność i godziny wymagają osobnej weryfikacji przed planowaniem wizyty.
18;1ca3150b-8122-5b7f-87fe-b86efc9b7889;Pomnik Kazimierza Górskiego;Rzeszów;keep;active;;"Zabytek, ekspozycja, rzemiosło lub charakterystyczny obiekt sztuki publicznej; rozpoznawalny cel krótkiej wizyty.";catalogue_and_editorial_judgment;[];Dostępność i godziny wymagają osobnej weryfikacji przed planowaniem wizyty.
19;f19c30e0-de9d-578e-b2d0-224870c7e238;Nierzeczywista;Rzeszów;keep;active;;"Muzeum, skansen lub galeria z ekspozycją; sensowny cel wizyty edukacyjnej.";source_supported_editorial_judgment;['https://www.rsf.rzeszow.pl/galeria-nierzeczywista-rsf/'];"Galeria z ograniczonymi terminami otwarcia; pozostałe wizyty po uzgodnieniu."
20;65e71c1d-dc33-580c-be8e-5ca681414823;Pomnik Tadeusza Kościuszki;Rzeszów;keep;active;;"Wybrany pomnik, rynek, miejsce pamięci lub pozostałość fortyfikacji o wartości krajoznawczej; może być krótkim przystankiem.";source_supported_editorial_judgment;['https://erzeszow.pl/1073-zabytki-rzeszowa/24283-pomniki.html'];Dostępność i godziny wymagają osobnej weryfikacji przed planowaniem wizyty.
21;c4b5fde2-8b6b-5fd9-9615-b24fcae51e6b;Plac Wolności;Rzeszów;keep;active;;"Park, planty, bulwary lub historyczny zespół zieleni; miejsce na spacer, a nie pojedynczy mały skwer.";catalogue_and_editorial_judgment;[];Dostępność i godziny wymagają osobnej weryfikacji przed planowaniem wizyty.
22;b5a8105f-144a-5b91-8472-c06e09b2b042;widok na Rzeszow i okolice;Medynia Głogowska;keep;active;;"Punkt oznaczony jako widokowy; cel spaceru i oglądania panoramy, a nie sama nazwa wzniesienia.";catalogue_and_editorial_judgment;[];Dostępność i godziny wymagają osobnej weryfikacji przed planowaniem wizyty.
23;f22be405-dfc7-54c8-9be4-becb433b228d;AlpakaTeam - Przygoda z Alpaką;Nosówka;keep;active;;"Miejsce oferujące zaplanowaną aktywność lub kontakt ze zwierzętami; przydatne w trasie rodzinnej.";catalogue_and_editorial_judgment;[];Dostępność i godziny wymagają osobnej weryfikacji przed planowaniem wizyty.
25;4e4602ff-7bfb-5ce5-8568-2a958af8e90f;Muzeum Dobranocek ze Zbiorów Wojciecha Jamy;Rzeszów;keep;active;;"Muzeum, skansen lub galeria z ekspozycją; sensowny cel wizyty edukacyjnej.";catalogue_and_editorial_judgment;[];Dostępność i godziny wymagają osobnej weryfikacji przed planowaniem wizyty.
26;050059a8-ceaa-54ad-9c24-164316997baf;Rynek;Rzeszów;keep;active;;"Wybrany pomnik, rynek, miejsce pamięci lub pozostałość fortyfikacji o wartości krajoznawczej; może być krótkim przystankiem.";source_supported_editorial_judgment;['https://erzeszow.pl/44-turystyka/1727-atrakcje.html'];Dostępność i godziny wymagają osobnej weryfikacji przed planowaniem wizyty.
27;a2072e73-21ab-535f-8a06-33fba09d6025;Park Jedności Polonii z Macierzą;Rzeszów;keep;active;;"Park, planty, bulwary lub historyczny zespół zieleni; miejsce na spacer, a nie pojedynczy mały skwer.";catalogue_and_editorial_judgment;[];Dostępność i godziny wymagają osobnej weryfikacji przed planowaniem wizyty.
28;5c3f5d3f-3f79-5c77-a093-e34ee49b7628;Łysa Góra;Wola Zgłobieńska;keep;active;;"Punkt oznaczony jako widokowy; cel spaceru i oglądania panoramy, a nie sama nazwa wzniesienia.";catalogue_and_editorial_judgment;[];Dostępność i godziny wymagają osobnej weryfikacji przed planowaniem wizyty.
29;76d78bb0-7984-5b7f-8652-12127b5bbefc;Turkusowa Polana;Rzeszów;keep;active;;"Miejsce oferujące zaplanowaną aktywność lub kontakt ze zwierzętami; przydatne w trasie rodzinnej.";catalogue_and_editorial_judgment;[];Dostępność i godziny wymagają osobnej weryfikacji przed planowaniem wizyty.
31;ef288468-7553-51b4-86b2-bdfc2bfd030a;ZPAP;Rzeszów;keep;active;;"Muzeum, skansen lub galeria z ekspozycją; sensowny cel wizyty edukacyjnej.";catalogue_and_editorial_judgment;[];Dostępność i godziny wymagają osobnej weryfikacji przed planowaniem wizyty.
33;8d677f54-7a6d-52e8-adf6-f619ab82cd2e;Skwer im. ks. Józefa Hermana Osińskiego;Rzeszów;remove;removed;;"Mały skwer, ogród kieszonkowy lub ogródek jordanowski; lokalna przestrzeń wypoczynku o małej wartości jako osobny cel wycieczki.";catalogue_and_editorial_judgment;[];"Wyłączenie z listy API, z zachowaniem oryginału i możliwości przywrócenia; nie jest to ocena wartości historycznej."
34;b28a7efa-2b2d-5e66-b28b-e5e81ee9770a;Widok na Rzeszów;Żarnowa;keep;active;;"Punkt oznaczony jako widokowy; cel spaceru i oglądania panoramy, a nie sama nazwa wzniesienia.";catalogue_and_editorial_judgment;[];Dostępność i godziny wymagają osobnej weryfikacji przed planowaniem wizyty.
35;ca9a0f5d-2419-5785-9d81-e1851fdcb1e3;Mini Zoo;Pstrągowa;keep;active;;"Miejsce oferujące zaplanowaną aktywność lub kontakt ze zwierzętami; przydatne w trasie rodzinnej.";catalogue_and_editorial_judgment;[];Dostępność i godziny wymagają osobnej weryfikacji przed planowaniem wizyty.
37;2132e6f2-e2e9-5621-8891-f2d732dcf13c;Muzeum Okręgowe w Rzeszowie;Rzeszów;keep;active;;"Muzeum, skansen lub galeria z ekspozycją; sensowny cel wizyty edukacyjnej.";catalogue_and_editorial_judgment;[];Dostępność i godziny wymagają osobnej weryfikacji przed planowaniem wizyty.
39;e8177c8d-e53a-5ddb-9810-d8960bbe556b;Skwer prof. dr hab. n. med. Lesława Grzegorczyka;Rzeszów;remove;removed;;"Mały skwer, ogród kieszonkowy lub ogródek jordanowski; lokalna przestrzeń wypoczynku o małej wartości jako osobny cel wycieczki.";catalogue_and_editorial_judgment;[];"Wyłączenie z listy API, z zachowaniem oryginału i możliwości przywrócenia; nie jest to ocena wartości historycznej."
40;0fa9348f-0153-5e4a-8eca-0d73df94ca98;Wilcze;Barycz;keep;active;;"Punkt oznaczony jako widokowy; cel spaceru i oglądania panoramy, a nie sama nazwa wzniesienia.";catalogue_and_editorial_judgment;[];Dostępność i godziny wymagają osobnej weryfikacji przed planowaniem wizyty.
41;79a080e4-7b41-5085-80b9-1625c19ad5e9;Kompleks Turystyczny Brzezóvka w Brzezówce;Brzezówka;keep;active;;"Miejsce oferujące zaplanowaną aktywność lub kontakt ze zwierzętami; przydatne w trasie rodzinnej.";catalogue_and_editorial_judgment;[];Dostępność i godziny wymagają osobnej weryfikacji przed planowaniem wizyty.
43;9884675d-94ff-5ff8-bea2-fd995a958368;Muzeum Diecezjalne w Rzeszowie;Rzeszów;keep;active;;"Muzeum, skansen lub galeria z ekspozycją; sensowny cel wizyty edukacyjnej.";catalogue_and_editorial_judgment;[];Dostępność i godziny wymagają osobnej weryfikacji przed planowaniem wizyty.
45;76690e7d-c00c-5d19-a716-878801b1be96;Ogród Miejski im. Solidarności;Rzeszów;keep;active;;"Park, planty, bulwary lub historyczny zespół zieleni; miejsce na spacer, a nie pojedynczy mały skwer.";source_supported_editorial_judgment;['https://eko.erzeszow.pl/pl/13-zielony/94-parki-i-zielence.html'];Dostępność i godziny wymagają osobnej weryfikacji przed planowaniem wizyty.
46;e662d4ff-d4bf-5362-bb34-b3230426ec95;Smokówka;Żarnowa;keep;active;;"Punkt oznaczony jako widokowy; cel spaceru i oglądania panoramy, a nie sama nazwa wzniesienia.";catalogue_and_editorial_judgment;[];Dostępność i godziny wymagają osobnej weryfikacji przed planowaniem wizyty.
47;2904393b-e2b0-5f21-8741-fea69c2438c0;Jan Nepomucen;Rzeszów;remove;removed;;Drobna dekoracja, figura lub instalacja niewybrana jako samodzielny cel wycieczki w becie.;catalogue_and_editorial_judgment;[];"Wyłączenie z listy API, z zachowaniem oryginału i możliwości przywrócenia; nie jest to ocena wartości historycznej."
48;f0932f1f-148e-5b20-bac5-efeda5accd11;Muzeum Energetyki;Rzeszów;keep;active;;"Muzeum, skansen lub galeria z ekspozycją; sensowny cel wizyty edukacyjnej.";catalogue_and_editorial_judgment;[];Dostępność i godziny wymagają osobnej weryfikacji przed planowaniem wizyty.
50;adc8463e-93f3-556c-9272-66c41cbea533;Ogród Kieszonkowy;Rzeszów;remove;removed;;"Mały skwer, ogród kieszonkowy lub ogródek jordanowski; lokalna przestrzeń wypoczynku o małej wartości jako osobny cel wycieczki.";catalogue_and_editorial_judgment;[];"Wyłączenie z listy API, z zachowaniem oryginału i możliwości przywrócenia; nie jest to ocena wartości historycznej."
51;609e6e7f-0836-5375-84dd-e0fe05047d46;Ratośniówki;Strzyżów;keep;active;;"Punkt oznaczony jako widokowy; cel spaceru i oglądania panoramy, a nie sama nazwa wzniesienia.";catalogue_and_editorial_judgment;[];Dostępność i godziny wymagają osobnej weryfikacji przed planowaniem wizyty.
53;9ccc7709-1e68-52e0-9c43-8cdafc175a1c;Muzeum Łowiectwa w Rzeszowie;Rzeszów;keep;active;;"Muzeum, skansen lub galeria z ekspozycją; sensowny cel wizyty edukacyjnej.";catalogue_and_editorial_judgment;[];Dostępność i godziny wymagają osobnej weryfikacji przed planowaniem wizyty.
55;e33620f5-5a1a-5338-87ef-4db430cda632;Park Kultury i Wypoczynku;Rzeszów;keep;active;;"Park, planty, bulwary lub historyczny zespół zieleni; miejsce na spacer, a nie pojedynczy mały skwer.";source_supported_editorial_judgment;['https://eko.erzeszow.pl/pl/13-zielony/94-parki-i-zielence.html'];Dostępność i godziny wymagają osobnej weryfikacji przed planowaniem wizyty.
56;c7bd67ab-a017-5ad2-9012-0acd29a87e7d;Irena Sendler;Rzeszów;keep;awaiting_photo;;"Mural zachowany zgodnie z wcześniejszą decyzją użytkownika; wymaga poprawnie dopasowanego i zatwierdzonego zdjęcia.";previous_user_decision;[];Nie jest aktywną atrakcją i nie trafi do planowania przed uzyskaniem zdjęcia.
57;94ef858c-2e64-5e20-a04f-b66e2d901ba8;Muzeum Techniki i Militariów;Rzeszów;keep;active;;"Muzeum, skansen lub galeria z ekspozycją; sensowny cel wizyty edukacyjnej.";catalogue_and_editorial_judgment;[];Dostępność i godziny wymagają osobnej weryfikacji przed planowaniem wizyty.
59;9a59f1bb-f628-5dc0-a85d-9ea857b148bf;Park kieszonkowy;Rzeszów;remove;removed;;"Mały skwer, ogród kieszonkowy lub ogródek jordanowski; lokalna przestrzeń wypoczynku o małej wartości jako osobny cel wycieczki.";catalogue_and_editorial_judgment;[];"Wyłączenie z listy API, z zachowaniem oryginału i możliwości przywrócenia; nie jest to ocena wartości historycznej."
60;5d557614-e0f5-5d33-b597-f9bc2060dce9;Przejście 2001;Rzeszów;keep;active;;"Zabytek, ekspozycja, rzemiosło lub charakterystyczny obiekt sztuki publicznej; rozpoznawalny cel krótkiej wizyty.";catalogue_and_editorial_judgment;[];Dostępność i godziny wymagają osobnej weryfikacji przed planowaniem wizyty.
61;2915ec02-e399-57c2-9949-9d0a86297873;Muzeum Mleczarstwa;Rzeszów;keep;active;;"Muzeum, skansen lub galeria z ekspozycją; sensowny cel wizyty edukacyjnej.";catalogue_and_editorial_judgment;[];Dostępność i godziny wymagają osobnej weryfikacji przed planowaniem wizyty.
63;2c60dac5-aeca-5558-adda-98b9780dd365;Kopiec Konfederatów Barskich;Rzeszów;keep;active;;"Rozpoznawalny kopiec o historii opisanej przez miasto; cel spaceru krajoznawczego.";source_supported_editorial_judgment;['https://erzeszow.pl/print/516/8375/8404'];Dostępność i godziny wymagają osobnej weryfikacji przed planowaniem wizyty.
64;b73f8e37-9f6c-5f11-a953-9d13b1460a88;Stanisław Konarski;Rzeszów;remove;removed;;Drobna dekoracja, figura lub instalacja niewybrana jako samodzielny cel wycieczki w becie.;catalogue_and_editorial_judgment;[];"Wyłączenie z listy API, z zachowaniem oryginału i możliwości przywrócenia; nie jest to ocena wartości historycznej."
65;5a0c279e-489c-51bb-aab3-69fc7298ccc8;Muzeum Techniki i Militariów - Schron Marysieńka;Rzeszów;keep;active;;"Muzeum, skansen lub galeria z ekspozycją; sensowny cel wizyty edukacyjnej.";catalogue_and_editorial_judgment;[];Dostępność i godziny wymagają osobnej weryfikacji przed planowaniem wizyty.
67;fd2a3ff7-4ebd-5034-b24a-8224310fb876;Park Zdrowia;Rzeszów;keep;active;;"Park, planty, bulwary lub historyczny zespół zieleni; miejsce na spacer, a nie pojedynczy mały skwer.";catalogue_and_editorial_judgment;[];Dostępność i godziny wymagają osobnej weryfikacji przed planowaniem wizyty.
68;ed83be0c-327f-5b9a-8a82-26c455856b37;Ptak;Rzeszów;remove;removed;;Drobna dekoracja, figura lub instalacja niewybrana jako samodzielny cel wycieczki w becie.;catalogue_and_editorial_judgment;[];"Wyłączenie z listy API, z zachowaniem oryginału i możliwości przywrócenia; nie jest to ocena wartości historycznej."
69;adf9bc87-d99d-540a-821f-c0bf06aae233;Muzeum Regionalne;Zaczernie;keep;active;;"Muzeum, skansen lub galeria z ekspozycją; sensowny cel wizyty edukacyjnej.";catalogue_and_editorial_judgment;[];Dostępność i godziny wymagają osobnej weryfikacji przed planowaniem wizyty.
71;c455baab-1b64-5f23-8097-b3228e6bd413;ogródek jordanowski;Rzeszów;remove;removed;;"Mały skwer, ogród kieszonkowy lub ogródek jordanowski; lokalna przestrzeń wypoczynku o małej wartości jako osobny cel wycieczki.";catalogue_and_editorial_judgment;[];"Wyłączenie z listy API, z zachowaniem oryginału i możliwości przywrócenia; nie jest to ocena wartości historycznej."
72;8b0c23ef-ef5b-5a7c-ba38-a18a100f6958;Strusie;Rzeszów;remove;removed;;Drobna dekoracja, figura lub instalacja niewybrana jako samodzielny cel wycieczki w becie.;catalogue_and_editorial_judgment;[];"Wyłączenie z listy API, z zachowaniem oryginału i możliwości przywrócenia; nie jest to ocena wartości historycznej."
73;ef140a0c-7dfe-5bb0-9d93-04cd5d316e36;Izba Tradycji Zapel S.A.;Boguchwała;remove;removed;;"Izba na terenie wydziału produkcyjnego zakładu; źródło potwierdza istnienie, ale nie regularną ofertę dla zwiedzających. Po potwierdzeniu dostępu można przywrócić.";source_supported_editorial_judgment;['https://zapel.com.pl/historia/'];"Wyłączenie z listy API, z zachowaniem oryginału i możliwości przywrócenia; nie jest to ocena wartości historycznej."
74;7bd79909-3f44-5605-bf6f-fd555499f38d;Tadeusz Nalepa;Rzeszów;keep;active;;"Wybrany pomnik, rynek, miejsce pamięci lub pozostałość fortyfikacji o wartości krajoznawczej; może być krótkim przystankiem.";catalogue_and_editorial_judgment;[];Dostępność i godziny wymagają osobnej weryfikacji przed planowaniem wizyty.
75;3af1a7bb-4d28-5d05-b863-58f8a32ce05a;Park im. Inwalidów Wojennych;Rzeszów;keep;active;;"Park, planty, bulwary lub historyczny zespół zieleni; miejsce na spacer, a nie pojedynczy mały skwer.";catalogue_and_editorial_judgment;[];Dostępność i godziny wymagają osobnej weryfikacji przed planowaniem wizyty.
76;ba0e3dba-ec15-5ff4-84a1-b746f79eff2f;Plan Wiedemanna;Rzeszów;keep;awaiting_photo;;"Mural zachowany zgodnie z wcześniejszą decyzją użytkownika; wymaga poprawnie dopasowanego i zatwierdzonego zdjęcia.";previous_user_decision;[];Nie jest aktywną atrakcją i nie trafi do planowania przed uzyskaniem zdjęcia.
77;6e8fbd45-8c30-5072-a405-ff61a11dc487;Podkarpackie Centrum Nauki ,,Łukasiewicz'';Jasionka;keep;active;;"Muzeum, skansen lub galeria z ekspozycją; sensowny cel wizyty edukacyjnej.";catalogue_and_editorial_judgment;[];Dostępność i godziny wymagają osobnej weryfikacji przed planowaniem wizyty.
78;aa192f9f-d172-5ee2-b8e9-35aeb0bf4c10;Michał Stasiuk;Rzeszów;remove;removed;;"Kamień, tablica lub znak upamiętniający; lokalny punkt informacyjny bez osobnej aktywności turystycznej.";catalogue_and_editorial_judgment;[];"Wyłączenie z listy API, z zachowaniem oryginału i możliwości przywrócenia; nie jest to ocena wartości historycznej."
79;09959ed7-f7ba-5636-8cdc-0e3fe92720e7;Bulwar WSK Rzeszów;Rzeszów;keep;active;;"Park, planty, bulwary lub historyczny zespół zieleni; miejsce na spacer, a nie pojedynczy mały skwer.";catalogue_and_editorial_judgment;[];Dostępność i godziny wymagają osobnej weryfikacji przed planowaniem wizyty.
80;163cd93b-6bd2-5976-af88-4ee1837aea76;PZL 37 Łoś;Rzeszów;keep;awaiting_photo;;"Mural zachowany zgodnie z wcześniejszą decyzją użytkownika; wymaga poprawnie dopasowanego i zatwierdzonego zdjęcia.";previous_user_decision;[];Nie jest aktywną atrakcją i nie trafi do planowania przed uzyskaniem zdjęcia.
81;b9f12da0-d0a6-5ebf-b126-2e3d3e810b79;Kaplica bł. Józefa Kowalskiego;Siedliska;keep;active;;Miejsce zachowane zgodnie z wcześniejszą szczegółową decyzją użytkownika.;previous_user_decision;[];Dostępność i godziny wymagają osobnej weryfikacji przed planowaniem wizyty.
82;7403e647-6985-51d5-b0ac-dfc1d6839b7d;Pomieci 40 mieszkańców Rzeszowa aresztowanych 1 maja 1940 roku i przewiezionych 14 czerwca 1940 roku z Tarnowa pierwszym transportem do niemieckiego obozu koncentracyjnego Auschwitz.;Rzeszów;remove;removed;;"Kamień, tablica lub znak upamiętniający; lokalny punkt informacyjny bez osobnej aktywności turystycznej.";catalogue_and_editorial_judgment;[];"Wyłączenie z listy API, z zachowaniem oryginału i możliwości przywrócenia; nie jest to ocena wartości historycznej."
83;3df9ab4c-c987-549f-9e06-4b6d61f1ccea;Ogród kieszonkowy Bielefeld;Rzeszów;remove;removed;;"Mały skwer, ogród kieszonkowy lub ogródek jordanowski; lokalna przestrzeń wypoczynku o małej wartości jako osobny cel wycieczki.";catalogue_and_editorial_judgment;[];"Wyłączenie z listy API, z zachowaniem oryginału i możliwości przywrócenia; nie jest to ocena wartości historycznej."
84;c4014dcc-7ef7-5fec-9823-543c58b588b9;Déballage;Rzeszów;keep;awaiting_photo;;"Mural zachowany zgodnie z wcześniejszą decyzją użytkownika; wymaga poprawnie dopasowanego i zatwierdzonego zdjęcia.";previous_user_decision;[];Nie jest aktywną atrakcją i nie trafi do planowania przed uzyskaniem zdjęcia.
85;de8ab041-4141-505f-97d1-960947ce610a;Regionalny Dom Tradycji Ludowych;Trzciana;keep;active;;"Muzeum, skansen lub galeria z ekspozycją; sensowny cel wizyty edukacyjnej.";catalogue_and_editorial_judgment;[];Dostępność i godziny wymagają osobnej weryfikacji przed planowaniem wizyty.
87;727803e2-6c45-5e2d-85a5-d969894d562e;Park Niezapominajki;Rzeszów;remove;removed;;"Mały skwer, ogród kieszonkowy lub ogródek jordanowski; lokalna przestrzeń wypoczynku o małej wartości jako osobny cel wycieczki.";catalogue_and_editorial_judgment;[];"Wyłączenie z listy API, z zachowaniem oryginału i możliwości przywrócenia; nie jest to ocena wartości historycznej."
88;f82445f7-4631-5210-878f-e4a98cd5e063;150 lat Rzeszowskiej Straży Pożarnej;Rzeszów;keep;awaiting_photo;;"Mural zachowany zgodnie z wcześniejszą decyzją użytkownika; wymaga poprawnie dopasowanego i zatwierdzonego zdjęcia.";previous_user_decision;[];Nie jest aktywną atrakcją i nie trafi do planowania przed uzyskaniem zdjęcia.
89;aa980e5f-0407-5da9-bf09-d6970aeadcfa;Muzeum Strachów Polnych;Sołonka;keep;active;;"Muzeum, skansen lub galeria z ekspozycją; sensowny cel wizyty edukacyjnej.";catalogue_and_editorial_judgment;[];Dostępność i godziny wymagają osobnej weryfikacji przed planowaniem wizyty.
91;b6f34d6a-2a61-5fbe-81fc-d5779b96864d;Park Sybiraków;Rzeszów;keep;active;;"Park, planty, bulwary lub historyczny zespół zieleni; miejsce na spacer, a nie pojedynczy mały skwer.";catalogue_and_editorial_judgment;[];Dostępność i godziny wymagają osobnej weryfikacji przed planowaniem wizyty.
92;a67f2d4a-d7a2-5612-a50d-3f1ec40e9b8f;Letni Pałac Lubomirskich;Rzeszów;keep;active;;"Zabytek, ekspozycja, rzemiosło lub charakterystyczny obiekt sztuki publicznej; rozpoznawalny cel krótkiej wizyty.";source_supported_editorial_judgment;['https://erzeszow.pl/44-turystyka/1727-atrakcje.html'];Dostępność i godziny wymagają osobnej weryfikacji przed planowaniem wizyty.
93;f2537876-0938-58c4-9c03-099b49d3470b;Muzeum Regionalne;Handzlówka;keep;active;;"Muzeum, skansen lub galeria z ekspozycją; sensowny cel wizyty edukacyjnej.";catalogue_and_editorial_judgment;[];Dostępność i godziny wymagają osobnej weryfikacji przed planowaniem wizyty.
95;a2d6a794-df02-54ab-adb6-4fac5495b643;Ogród kieszonkowy - Klagenfurt;Rzeszów;remove;removed;;"Mały skwer, ogród kieszonkowy lub ogródek jordanowski; lokalna przestrzeń wypoczynku o małej wartości jako osobny cel wycieczki.";catalogue_and_editorial_judgment;[];"Wyłączenie z listy API, z zachowaniem oryginału i możliwości przywrócenia; nie jest to ocena wartości historycznej."
96;bff80b14-06a2-5898-bfb4-6321492bfba8;Błogosławiona Rodzina Ulmów;Rzeszów;keep;awaiting_photo;;"Mural zachowany zgodnie z wcześniejszą decyzją użytkownika; wymaga poprawnie dopasowanego i zatwierdzonego zdjęcia.";previous_user_decision;[];Nie jest aktywną atrakcją i nie trafi do planowania przed uzyskaniem zdjęcia.
97;a6bf56ba-6d14-56c5-9620-b941929ba590;Muzeum Historii Miasta i Regionu (d. Kasyno);Łańcut;keep;active;;"Muzeum, skansen lub galeria z ekspozycją; sensowny cel wizyty edukacyjnej.";source_supported_editorial_judgment;['https://zamek-lancut.pl/zasady-zwiedzania'];Dostępność i godziny wymagają osobnej weryfikacji przed planowaniem wizyty.
99;f2a0c5b3-0713-5517-bd98-31c99e2b3026;Park Papieski;Rzeszów;keep;active;;"Park, planty, bulwary lub historyczny zespół zieleni; miejsce na spacer, a nie pojedynczy mały skwer.";source_supported_editorial_judgment;['https://eko.erzeszow.pl/pl/13-zielony/94-parki-i-zielence.html'];Dostępność i godziny wymagają osobnej weryfikacji przed planowaniem wizyty.
100;460717b8-9b5a-5224-8b93-17e9187d466c;Taniec Życia;Rzeszów;component;component;177;"Rzeźba przy teatrze; element wizyty w miejscu wskazanym wcześniej przez użytkownika.";catalogue_and_editorial_judgment;[];Powiązanie nie zatwierdza automatycznie zdjęcia ani nie przenosi go na miejsce nadrzędne.
101;2ff2ddf6-066b-5e76-abd0-135d746b6e8e;Muzeum Judaistyczne;Łańcut;keep;active;;"Muzeum, skansen lub galeria z ekspozycją; sensowny cel wizyty edukacyjnej.";catalogue_and_editorial_judgment;[];Dostępność i godziny wymagają osobnej weryfikacji przed planowaniem wizyty.
102;654b7114-550c-5cb0-afd6-f41f92f4f838;Pomnik Leopolda Lisa-Kuli;Rzeszów;keep;active;;"Wybrany pomnik, rynek, miejsce pamięci lub pozostałość fortyfikacji o wartości krajoznawczej; może być krótkim przystankiem.";source_supported_editorial_judgment;['https://erzeszow.pl/1073-zabytki-rzeszowa/24283-pomniki.html'];Dostępność i godziny wymagają osobnej weryfikacji przed planowaniem wizyty.
103;bc523f9e-1a7a-564a-8ed0-eddbaf97e168;Park Błogosławionej Karoliny Kózki;Rzeszów;keep;active;;"Park, planty, bulwary lub historyczny zespół zieleni; miejsce na spacer, a nie pojedynczy mały skwer.";catalogue_and_editorial_judgment;[];Dostępność i godziny wymagają osobnej weryfikacji przed planowaniem wizyty.
105;437ce275-543f-56bf-a440-101d76e3ceb9;"Muzeum wsi Podkarpackiej ""Potoki""";Błażowa Górna;keep;active;;"Muzeum, skansen lub galeria z ekspozycją; sensowny cel wizyty edukacyjnej.";catalogue_and_editorial_judgment;[];Dostępność i godziny wymagają osobnej weryfikacji przed planowaniem wizyty.
107;c82a6680-dde2-5e9f-8afd-d352d3f390b5;Park im. Władysława Szafera;Rzeszów;keep;active;;"Park, planty, bulwary lub historyczny zespół zieleni; miejsce na spacer, a nie pojedynczy mały skwer.";catalogue_and_editorial_judgment;[];Dostępność i godziny wymagają osobnej weryfikacji przed planowaniem wizyty.
108;93f1865b-7c50-5eb9-a452-4f035f610cd9;Saksofon;Rzeszów;keep;awaiting_photo;;"Mural zachowany zgodnie z wcześniejszą decyzją użytkownika; wymaga poprawnie dopasowanego i zatwierdzonego zdjęcia.";previous_user_decision;[];Nie jest aktywną atrakcją i nie trafi do planowania przed uzyskaniem zdjęcia.
109;4402cf21-12ab-5f1c-9802-f07ab332feb7;Muzeum - Zamek w Łańcucie;Łańcut;keep;active;;"Muzeum, skansen lub galeria z ekspozycją; sensowny cel wizyty edukacyjnej.";source_supported_editorial_judgment;['https://zamek-lancut.pl/zasady-zwiedzania'];Dostępność i godziny wymagają osobnej weryfikacji przed planowaniem wizyty.
110;05654809-af48-557d-bb9e-5365243c4bc8;"Tablica pamiątkowa w miejscu kirkutu;XVI-wieczny Cmentarz Żydowski";Rzeszów;remove;removed;;"Kamień, tablica lub znak upamiętniający; lokalny punkt informacyjny bez osobnej aktywności turystycznej.";catalogue_and_editorial_judgment;[];"Wyłączenie z listy API, z zachowaniem oryginału i możliwości przywrócenia; nie jest to ocena wartości historycznej."
111;67fbcbb0-6836-5878-8e3e-287466c64817;Skwer Księdza Infułata Stanisława Maca;Rzeszów;remove;removed;;"Mały skwer, ogród kieszonkowy lub ogródek jordanowski; lokalna przestrzeń wypoczynku o małej wartości jako osobny cel wycieczki.";catalogue_and_editorial_judgment;[];"Wyłączenie z listy API, z zachowaniem oryginału i możliwości przywrócenia; nie jest to ocena wartości historycznej."
112;44190b17-7aef-5b5d-aec9-ac1ed74cd44e;Skrzydła dla Filipa;Rzeszów;keep;active;;"Zabytek, ekspozycja, rzemiosło lub charakterystyczny obiekt sztuki publicznej; rozpoznawalny cel krótkiej wizyty.";catalogue_and_editorial_judgment;[];Dostępność i godziny wymagają osobnej weryfikacji przed planowaniem wizyty.
113;2a433cbf-5082-585e-b51c-883ab56b30fc;Muzeum Gorzelnictwa;Łańcut;keep;active;;"Muzeum, skansen lub galeria z ekspozycją; sensowny cel wizyty edukacyjnej.";catalogue_and_editorial_judgment;[];Dostępność i godziny wymagają osobnej weryfikacji przed planowaniem wizyty.
115;4a71b90b-db58-5bcc-b689-92a3f7d0c8e4;Ogród kieszonkowy Nyíregyháza;Rzeszów;remove;removed;;"Mały skwer, ogród kieszonkowy lub ogródek jordanowski; lokalna przestrzeń wypoczynku o małej wartości jako osobny cel wycieczki.";catalogue_and_editorial_judgment;[];"Wyłączenie z listy API, z zachowaniem oryginału i możliwości przywrócenia; nie jest to ocena wartości historycznej."
116;2a5cc762-0a81-595d-8cc0-79020f743e11;Adam Lazarowicz;Rzeszów;component;component;198;Jedno z sześciu popiersi należących do zespołu pomnika Łukasza Cieplińskiego.;source_supported_editorial_judgment;['https://rzeszowpodkarpackie.com/pomniki-rzeszow/'];Powiązanie nie zatwierdza automatycznie zdjęcia ani nie przenosi go na miejsce nadrzędne.
117;6c0992e2-70c7-5e31-9c28-c732ee83f5ef;Izba Pamięci gen. Władysława Sikorskiego;Hyżne;keep;active;;"Muzeum, skansen lub galeria z ekspozycją; sensowny cel wizyty edukacyjnej.";catalogue_and_editorial_judgment;[];Dostępność i godziny wymagają osobnej weryfikacji przed planowaniem wizyty.
119;308553ed-d5ab-5a6e-9fdd-eb6d27494fcd;Park dworski;Rzeszów;keep;active;;"Park, planty, bulwary lub historyczny zespół zieleni; miejsce na spacer, a nie pojedynczy mały skwer.";catalogue_and_editorial_judgment;[];Dostępność i godziny wymagają osobnej weryfikacji przed planowaniem wizyty.
120;de4cb037-9b54-51d9-991c-20e07e724d5a;Józef Batory;Rzeszów;component;component;198;Jedno z sześciu popiersi należących do zespołu pomnika Łukasza Cieplińskiego.;source_supported_editorial_judgment;['https://rzeszowpodkarpackie.com/pomniki-rzeszow/'];Powiązanie nie zatwierdza automatycznie zdjęcia ani nie przenosi go na miejsce nadrzędne.
121;9f735d6c-243b-5088-971b-65e2f93b746d;Muzeum Pisanek;Błażowa;keep;active;;"Muzeum, skansen lub galeria z ekspozycją; sensowny cel wizyty edukacyjnej.";catalogue_and_editorial_judgment;[];Dostępność i godziny wymagają osobnej weryfikacji przed planowaniem wizyty.
123;d046b236-a8ce-52e1-9c55-86c4a010360e;Park im. Adama Węgrzyna;Rzeszów;remove;removed;;"Mały skwer, ogród kieszonkowy lub ogródek jordanowski; lokalna przestrzeń wypoczynku o małej wartości jako osobny cel wycieczki.";catalogue_and_editorial_judgment;[];"Wyłączenie z listy API, z zachowaniem oryginału i możliwości przywrócenia; nie jest to ocena wartości historycznej."
124;205eed1d-07a8-59e2-8f1a-366a2e0c8ec6;Mieczysław Kawalec;Rzeszów;component;component;198;Jedno z sześciu popiersi należących do zespołu pomnika Łukasza Cieplińskiego.;source_supported_editorial_judgment;['https://rzeszowpodkarpackie.com/pomniki-rzeszow/'];Powiązanie nie zatwierdza automatycznie zdjęcia ani nie przenosi go na miejsce nadrzędne.
125;2ebf7c8a-fd50-50da-bd28-897c8af5561e;Społeczne Muzeum Ziemi Błażowskiej;Błażowa;keep;active;;"Muzeum, skansen lub galeria z ekspozycją; sensowny cel wizyty edukacyjnej.";catalogue_and_editorial_judgment;[];Dostępność i godziny wymagają osobnej weryfikacji przed planowaniem wizyty.
127;67a042ef-423b-5b39-94e3-782dec7d3275;Park Miłocin;Rzeszów;keep;active;;"Park, planty, bulwary lub historyczny zespół zieleni; miejsce na spacer, a nie pojedynczy mały skwer.";catalogue_and_editorial_judgment;[];Dostępność i godziny wymagają osobnej weryfikacji przed planowaniem wizyty.
128;6583ce78-ce67-5786-9c48-d5f6934fecbe;Józef Rzepka;Rzeszów;component;component;198;Jedno z sześciu popiersi należących do zespołu pomnika Łukasza Cieplińskiego.;source_supported_editorial_judgment;['https://rzeszowpodkarpackie.com/pomniki-rzeszow/'];Powiązanie nie zatwierdza automatycznie zdjęcia ani nie przenosi go na miejsce nadrzędne.
129;dfc738c4-04ed-5ee3-a1c0-3806e46f75f5;Muzeum Społeczne;Konieczkowa;keep;active;;"Muzeum, skansen lub galeria z ekspozycją; sensowny cel wizyty edukacyjnej.";catalogue_and_editorial_judgment;[];Dostępność i godziny wymagają osobnej weryfikacji przed planowaniem wizyty.
131;ac6f197c-264e-5087-b756-2f7cd7a73970;Łysa Góra;Rzeszów;remove;removed;;"W danych jest przede wszystkim nazwa i wysokość wzniesienia; brak podstaw do uznania go za osobny cel turystyczny w tej becie.";catalogue_and_editorial_judgment;[];"Wyłączenie z listy API, z zachowaniem oryginału i możliwości przywrócenia; nie jest to ocena wartości historycznej."
132;2eda5e9b-b64d-5fd4-ba35-609fbac9d0b3;Franciszek Błażej;Rzeszów;component;component;198;Jedno z sześciu popiersi należących do zespołu pomnika Łukasza Cieplińskiego.;source_supported_editorial_judgment;['https://rzeszowpodkarpackie.com/pomniki-rzeszow/'];Powiązanie nie zatwierdza automatycznie zdjęcia ani nie przenosi go na miejsce nadrzędne.
133;57ea4cd5-2290-56d3-b413-01edc2125296;Muzeum Silników Stacjonarnych i Techniki Rolniczej „S”;Niebylec;keep;active;;"Muzeum, skansen lub galeria z ekspozycją; sensowny cel wizyty edukacyjnej.";catalogue_and_editorial_judgment;[];Dostępność i godziny wymagają osobnej weryfikacji przed planowaniem wizyty.
135;fb112933-b456-5f9c-a93f-b6511a524e1f;Wzgórze Matysa;Rzeszów;remove;removed;;"W danych jest przede wszystkim nazwa i wysokość wzniesienia; brak podstaw do uznania go za osobny cel turystyczny w tej becie.";catalogue_and_editorial_judgment;[];"Wyłączenie z listy API, z zachowaniem oryginału i możliwości przywrócenia; nie jest to ocena wartości historycznej."
136;5e167a50-014c-57dc-b2ed-409a9c7c55a2;Karol Chmiel;Rzeszów;component;component;198;Jedno z sześciu popiersi należących do zespołu pomnika Łukasza Cieplińskiego.;source_supported_editorial_judgment;['https://rzeszowpodkarpackie.com/pomniki-rzeszow/'];Powiązanie nie zatwierdza automatycznie zdjęcia ani nie przenosi go na miejsce nadrzędne.
137;6298808b-e882-51ae-9257-de6ab1cbdf94;Muzeum Polaków Ratujących Żydów na Podkarpaciu im. Ulmów;Markowa;keep;active;;"Muzeum, skansen lub galeria z ekspozycją; sensowny cel wizyty edukacyjnej.";catalogue_and_editorial_judgment;[];Dostępność i godziny wymagają osobnej weryfikacji przed planowaniem wizyty.
139;425abba7-bf1d-5ee0-8002-955b7ef29201;Kopiec;Kielanówka;remove;removed;;"W danych jest przede wszystkim nazwa i wysokość wzniesienia; brak podstaw do uznania go za osobny cel turystyczny w tej becie.";catalogue_and_editorial_judgment;[];"Wyłączenie z listy API, z zachowaniem oryginału i możliwości przywrócenia; nie jest to ocena wartości historycznej."
140;2216a502-fe49-5f7d-9897-fd3637e0c5a2;Fred Zinnemann;Rzeszów;keep;awaiting_photo;;"Mural zachowany zgodnie z wcześniejszą decyzją użytkownika; wymaga poprawnie dopasowanego i zatwierdzonego zdjęcia.";previous_user_decision;[];Nie jest aktywną atrakcją i nie trafi do planowania przed uzyskaniem zdjęcia.
141;4599b13e-2d89-5d81-9dd8-7933e670a229;Skansen w Markowej;Markowa;keep;active;;"Muzeum, skansen lub galeria z ekspozycją; sensowny cel wizyty edukacyjnej.";catalogue_and_editorial_judgment;[];Dostępność i godziny wymagają osobnej weryfikacji przed planowaniem wizyty.
142;05d317cd-51dd-5ca3-a2ca-638f5127ee78;Pomnik Wdzięczności Armii Czerwonej;Rzeszów;remove;removed;;Lokalny pomnik lub upamiętnienie niewybrane do ograniczonego katalogu ogólnych tras beta. Można przywrócić dla trasy tematycznej.;catalogue_and_editorial_judgment;[];"Wyłączenie z listy API, z zachowaniem oryginału i możliwości przywrócenia; nie jest to ocena wartości historycznej."
143;76616b86-889f-52ee-8a0f-cf9c96801bf7;Park dworski;Zaczernie;keep;active;;"Park, planty, bulwary lub historyczny zespół zieleni; miejsce na spacer, a nie pojedynczy mały skwer.";catalogue_and_editorial_judgment;[];Dostępność i godziny wymagają osobnej weryfikacji przed planowaniem wizyty.
144;447a9e04-ae54-5ca3-b949-a7dee2c66aa2;Pomnik Czynu Rewolucyjnego;Rzeszów;keep;active;;"Zabytek, ekspozycja, rzemiosło lub charakterystyczny obiekt sztuki publicznej; rozpoznawalny cel krótkiej wizyty.";source_supported_editorial_judgment;['https://erzeszow.pl/1073-zabytki-rzeszowa/24283-pomniki.html'];Dostępność i godziny wymagają osobnej weryfikacji przed planowaniem wizyty.
145;03647eb6-1455-589f-a52d-5bfa05bc9c9b;Tunel schronowy;Strzyżów;keep;active;;"Muzeum, skansen lub galeria z ekspozycją; sensowny cel wizyty edukacyjnej.";catalogue_and_editorial_judgment;[];Dostępność i godziny wymagają osobnej weryfikacji przed planowaniem wizyty.
147;3c7c8462-1599-5946-9547-b425d4c183ec;Patryja;gmina Krasne;remove;removed;;"W danych jest przede wszystkim nazwa i wysokość wzniesienia; brak podstaw do uznania go za osobny cel turystyczny w tej becie.";catalogue_and_editorial_judgment;[];"Wyłączenie z listy API, z zachowaniem oryginału i możliwości przywrócenia; nie jest to ocena wartości historycznej."
148;22ad8fa6-ad43-530b-aa56-8f65c9782c87;Zamek Lubomirskich;Rzeszów;keep;active;;Miejsce zachowane zgodnie z wcześniejszą szczegółową decyzją użytkownika.;previous_user_decision;[];Dostępność i godziny wymagają osobnej weryfikacji przed planowaniem wizyty.
149;9a7f4474-e72b-569d-a84d-8e5646ba987d;Muzeum Samorządowe Ziemi Strzyżowskiej;Strzyżów;keep;active;;"Muzeum, skansen lub galeria z ekspozycją; sensowny cel wizyty edukacyjnej.";catalogue_and_editorial_judgment;[];Dostępność i godziny wymagają osobnej weryfikacji przed planowaniem wizyty.
151;115b1422-353a-5142-8532-036324bd15ed;Retyrada;Rudna Mała;keep;active;;"Park, planty, bulwary lub historyczny zespół zieleni; miejsce na spacer, a nie pojedynczy mały skwer.";catalogue_and_editorial_judgment;[];Dostępność i godziny wymagają osobnej weryfikacji przed planowaniem wizyty.
153;114db40a-b64c-56a5-879e-21670dd0bd10;Wystawa Starych Motocykli;Sędziszów Małopolski;keep;active;;"Muzeum, skansen lub galeria z ekspozycją; sensowny cel wizyty edukacyjnej.";catalogue_and_editorial_judgment;[];Dostępność i godziny wymagają osobnej weryfikacji przed planowaniem wizyty.
155;dc1863be-91fe-5ac9-beb5-c93a12330a9d;Park Stanisława Smykały;Rudna Mała;remove;removed;;"Mały skwer, ogród kieszonkowy lub ogródek jordanowski; lokalna przestrzeń wypoczynku o małej wartości jako osobny cel wycieczki.";catalogue_and_editorial_judgment;[];"Wyłączenie z listy API, z zachowaniem oryginału i możliwości przywrócenia; nie jest to ocena wartości historycznej."
156;8fa9eb56-85c4-584f-a502-2d6650dbfde9;Jaszczurka;Rzeszów;component;component;27;"Rzeźba przy Alei Gwiazd Sportowców Polonijnych w Parku Jedności Polonii z Macierzą; element spaceru.";catalogue_and_editorial_judgment;[];Powiązanie nie zatwierdza automatycznie zdjęcia ani nie przenosi go na miejsce nadrzędne.
157;c7699f90-e122-5056-9f80-e39b5204848b;Dom pamięci ludowej w Weryni;Werynia;keep;active;;"Muzeum, skansen lub galeria z ekspozycją; sensowny cel wizyty edukacyjnej.";catalogue_and_editorial_judgment;[];Dostępność i godziny wymagają osobnej weryfikacji przed planowaniem wizyty.
158;2470583e-7d67-5ae3-b84b-5b5bee000fd7;Pomnik Adama Mickiewicza;Rzeszów;keep;active;;"Wybrany pomnik, rynek, miejsce pamięci lub pozostałość fortyfikacji o wartości krajoznawczej; może być krótkim przystankiem.";source_supported_editorial_judgment;['https://erzeszow.pl/1073-zabytki-rzeszowa/24283-pomniki.html'];Dostępność i godziny wymagają osobnej weryfikacji przed planowaniem wizyty.
159;c6a719bb-ab72-5775-ab36-b10d0a13a89e;Kamionka;gmina Krasne;remove;removed;;"W danych jest przede wszystkim nazwa i wysokość wzniesienia; brak podstaw do uznania go za osobny cel turystyczny w tej becie.";catalogue_and_editorial_judgment;[];"Wyłączenie z listy API, z zachowaniem oryginału i możliwości przywrócenia; nie jest to ocena wartości historycznej."
160;287f97bd-8d3a-53af-adec-e00019a45222;Ślimak;Rzeszów;component;component;27;"Rzeźba przy Alei Gwiazd Sportowców Polonijnych w Parku Jedności Polonii z Macierzą; element spaceru.";catalogue_and_editorial_judgment;[];Powiązanie nie zatwierdza automatycznie zdjęcia ani nie przenosi go na miejsce nadrzędne.
161;a6e920a1-74cc-5ecd-af29-bf6a6fb6d04d;Muzeum Kultury Ludowej;Brzezówka;keep;active;;"Muzeum, skansen lub galeria z ekspozycją; sensowny cel wizyty edukacyjnej.";catalogue_and_editorial_judgment;[];Dostępność i godziny wymagają osobnej weryfikacji przed planowaniem wizyty.
163;73b38a1e-8614-561c-9be0-3955f7fc257b;Lasek w Mrowli;Mrowla;keep;active;;"Park, planty, bulwary lub historyczny zespół zieleni; miejsce na spacer, a nie pojedynczy mały skwer.";catalogue_and_editorial_judgment;[];Dostępność i godziny wymagają osobnej weryfikacji przed planowaniem wizyty.
164;affb3e66-8646-59de-8423-bbac823af333;Żaba;Rzeszów;component;component;27;"Rzeźba przy Alei Gwiazd Sportowców Polonijnych w Parku Jedności Polonii z Macierzą; element spaceru.";catalogue_and_editorial_judgment;[];Powiązanie nie zatwierdza automatycznie zdjęcia ani nie przenosi go na miejsce nadrzędne.
167;152b2cc8-ba3d-5481-a6ec-b0b71dbb6fdf;Maria Magdalena;gmina Krasne;keep;active;;"Wzniesienie powiązane z opublikowanym szlakiem PTTK; cel wycieczki pieszej.";source_supported_editorial_judgment;['https://www.pttk.rzeszow.pl/szlaki-turystyczne.html'];"Należy sprawdzić aktualny przebieg szlaku i dojście; nie wyznaczamy trasy w linii prostej."
168;92bd6dd8-ed52-5f87-8389-4d6463a1be63;Dziewczynka ze słuchawkami;Rzeszów;keep;awaiting_photo;;"Mural zachowany zgodnie z wcześniejszą decyzją użytkownika; wymaga poprawnie dopasowanego i zatwierdzonego zdjęcia.";previous_user_decision;[];Nie jest aktywną atrakcją i nie trafi do planowania przed uzyskaniem zdjęcia.
169;bece5f73-39fb-5e40-a39b-87b9858222e5;Kolbuszowskie Muzeum Techniki Militarnej i Użytkowej;Kolbuszowa Dolna;keep;active;;"Muzeum, skansen lub galeria z ekspozycją; sensowny cel wizyty edukacyjnej.";catalogue_and_editorial_judgment;[];Dostępność i godziny wymagają osobnej weryfikacji przed planowaniem wizyty.
171;cda0c882-e8fc-5d04-b5f8-c8a2bb3c6e9c;Park Księdza Władysława Brzuszka;Głogów Małopolski;keep;active;;"Park, planty, bulwary lub historyczny zespół zieleni; miejsce na spacer, a nie pojedynczy mały skwer.";catalogue_and_editorial_judgment;[];Dostępność i godziny wymagają osobnej weryfikacji przed planowaniem wizyty.
172;ab41fb6b-fef9-5261-a8fe-e572bd10fcb5;Kobieta klasyczna;Rzeszów;component;component;27;"Rzeźba przy Alei Gwiazd Sportowców Polonijnych w Parku Jedności Polonii z Macierzą; element spaceru.";catalogue_and_editorial_judgment;[];Powiązanie nie zatwierdza automatycznie zdjęcia ani nie przenosi go na miejsce nadrzędne.
173;dc480174-01fa-50e0-853b-0fa9e2450e76;Muzeum T. Kantora;Wielopole Skrzyńskie;keep;active;;"Muzeum, skansen lub galeria z ekspozycją; sensowny cel wizyty edukacyjnej.";catalogue_and_editorial_judgment;[];Dostępność i godziny wymagają osobnej weryfikacji przed planowaniem wizyty.
175;a0343514-05a4-5e19-a77d-a4d28192ac07;park imienia Tadeusza Nalepy;Zgłobień;keep;active;;"Park, planty, bulwary lub historyczny zespół zieleni; miejsce na spacer, a nie pojedynczy mały skwer.";catalogue_and_editorial_judgment;[];Dostępność i godziny wymagają osobnej weryfikacji przed planowaniem wizyty.
176;febce603-039d-523f-a561-591a84b1085b;Bicykl;Rzeszów;keep;active;;"Zabytek, ekspozycja, rzemiosło lub charakterystyczny obiekt sztuki publicznej; rozpoznawalny cel krótkiej wizyty.";catalogue_and_editorial_judgment;[];Dostępność i godziny wymagają osobnej weryfikacji przed planowaniem wizyty.
177;b8b02fab-c636-5fe5-a7be-81ac7785ce2c;Teatr Narodowy w Rzeszowie;Rzeszów;keep;active;;Miejsce zachowane zgodnie z wcześniejszą szczegółową decyzją użytkownika.;previous_user_decision;[];Dostępność i godziny wymagają osobnej weryfikacji przed planowaniem wizyty.
178;3f6d7ef8-bc21-559a-920d-6b7d0ddd79c7;Jasna Góra;Borek Stary;remove;removed;;"W danych jest przede wszystkim nazwa i wysokość wzniesienia; brak podstaw do uznania go za osobny cel turystyczny w tej becie.";catalogue_and_editorial_judgment;[];"Wyłączenie z listy API, z zachowaniem oryginału i możliwości przywrócenia; nie jest to ocena wartości historycznej."
179;cb159eb3-2a24-5738-85f4-cc651bf0ac21;TKt48-27;Rzeszów;keep;active;;"Zabytek, ekspozycja, rzemiosło lub charakterystyczny obiekt sztuki publicznej; rozpoznawalny cel krótkiej wizyty.";catalogue_and_editorial_judgment;[];Dostępność i godziny wymagają osobnej weryfikacji przed planowaniem wizyty.
181;18b8e895-3d2a-5abc-840f-54164dec067e;Kamionka;Kraczkowa;remove;removed;;"W danych jest przede wszystkim nazwa i wysokość wzniesienia; brak podstaw do uznania go za osobny cel turystyczny w tej becie.";catalogue_and_editorial_judgment;[];"Wyłączenie z listy API, z zachowaniem oryginału i możliwości przywrócenia; nie jest to ocena wartości historycznej."
182;c59b8bcf-150c-57d2-8166-5478496af10d;Tomasz Stańko;Rzeszów;keep;awaiting_photo;;"Mural zachowany zgodnie z wcześniejszą decyzją użytkownika; wymaga poprawnie dopasowanego i zatwierdzonego zdjęcia.";previous_user_decision;[];Nie jest aktywną atrakcją i nie trafi do planowania przed uzyskaniem zdjęcia.
184;418ea330-7750-5cf2-b286-803d1e0160c4;Dalnica;Tyczyn;remove;removed;;"W danych jest przede wszystkim nazwa i wysokość wzniesienia; brak podstaw do uznania go za osobny cel turystyczny w tej becie.";catalogue_and_editorial_judgment;[];"Wyłączenie z listy API, z zachowaniem oryginału i możliwości przywrócenia; nie jest to ocena wartości historycznej."
185;ab3f94ea-e486-5918-a18c-e2e0fccdc670;Punkt Widzenia;Rzeszów;keep;awaiting_photo;;"Mural zachowany zgodnie z wcześniejszą decyzją użytkownika; wymaga poprawnie dopasowanego i zatwierdzonego zdjęcia.";previous_user_decision;[];Nie jest aktywną atrakcją i nie trafi do planowania przed uzyskaniem zdjęcia.
186;90e043e8-713a-560a-a5d4-fbf22579da96;Dzwon Niepodległości;Rzeszów;keep;active;;"Wybrany pomnik, rynek, miejsce pamięci lub pozostałość fortyfikacji o wartości krajoznawczej; może być krótkim przystankiem.";catalogue_and_editorial_judgment;[];Dostępność i godziny wymagają osobnej weryfikacji przed planowaniem wizyty.
187;d6edda86-437d-531c-9140-ea45141d067f;Zimna Góra;Kraczkowa;remove;removed;;"W danych jest przede wszystkim nazwa i wysokość wzniesienia; brak podstaw do uznania go za osobny cel turystyczny w tej becie.";catalogue_and_editorial_judgment;[];"Wyłączenie z listy API, z zachowaniem oryginału i możliwości przywrócenia; nie jest to ocena wartości historycznej."
188;d137b965-8a8a-5919-8d4d-027c5771d673;Deloitte;Rzeszów;keep;awaiting_photo;;"Mural zachowany zgodnie z wcześniejszą decyzją użytkownika; wymaga poprawnie dopasowanego i zatwierdzonego zdjęcia.";previous_user_decision;[];Nie jest aktywną atrakcją i nie trafi do planowania przed uzyskaniem zdjęcia.
190;203e3932-887c-547d-b056-5924c36516d3;Patryja;Kraczkowa;remove;removed;;"W danych jest przede wszystkim nazwa i wysokość wzniesienia; brak podstaw do uznania go za osobny cel turystyczny w tej becie.";catalogue_and_editorial_judgment;[];"Wyłączenie z listy API, z zachowaniem oryginału i możliwości przywrócenia; nie jest to ocena wartości historycznej."
191;9d550bc8-91c5-574a-94d5-b06f9c3102e0;Joker;Rzeszów;keep;awaiting_photo;;"Mural zachowany zgodnie z wcześniejszą decyzją użytkownika; wymaga poprawnie dopasowanego i zatwierdzonego zdjęcia.";previous_user_decision;[];Nie jest aktywną atrakcją i nie trafi do planowania przed uzyskaniem zdjęcia.
192;a934471e-acea-54de-a218-38d2a0086bff;Pomnik Józefa Piłsudskiego;Rzeszów;keep;active;;"Wybrany pomnik, rynek, miejsce pamięci lub pozostałość fortyfikacji o wartości krajoznawczej; może być krótkim przystankiem.";catalogue_and_editorial_judgment;[];Dostępność i godziny wymagają osobnej weryfikacji przed planowaniem wizyty.
193;ba7d85ad-e783-5a58-80d4-7699fc7df94f;Dział;Niechobrz;remove;removed;;"W danych jest przede wszystkim nazwa i wysokość wzniesienia; brak podstaw do uznania go za osobny cel turystyczny w tej becie.";catalogue_and_editorial_judgment;[];"Wyłączenie z listy API, z zachowaniem oryginału i możliwości przywrócenia; nie jest to ocena wartości historycznej."
194;c754c071-b070-59fc-aec6-c1f154abc249;Żyj zdrowo w zdrowym świecie;Rzeszów;keep;awaiting_photo;;"Mural zachowany zgodnie z wcześniejszą decyzją użytkownika; wymaga poprawnie dopasowanego i zatwierdzonego zdjęcia.";previous_user_decision;[];Nie jest aktywną atrakcją i nie trafi do planowania przed uzyskaniem zdjęcia.
195;58cda381-4c45-5101-ba5d-4017d2671445;Św. Jan z Dukli;Rzeszów;remove;removed;;"Przydrożna figura, krzyż lub lokalny pomnik sakralny; nie wybrano go jako samodzielnego celu ogólnej trasy turystycznej.";catalogue_and_editorial_judgment;[];"Wyłączenie z listy API, z zachowaniem oryginału i możliwości przywrócenia; nie jest to ocena wartości historycznej."
196;b6f10b72-8c03-5169-9a26-6c5066472b03;Cyp;Lubenia;remove;removed;;"W danych jest przede wszystkim nazwa i wysokość wzniesienia; brak podstaw do uznania go za osobny cel turystyczny w tej becie.";catalogue_and_editorial_judgment;[];"Wyłączenie z listy API, z zachowaniem oryginału i możliwości przywrócenia; nie jest to ocena wartości historycznej."
198;5950ea09-e2b1-53c8-be88-f52f7dcc4d44;Pomnik Łukasza Cieplińskiego;Rzeszów;keep;active;;"Wybrany pomnik, rynek, miejsce pamięci lub pozostałość fortyfikacji o wartości krajoznawczej; może być krótkim przystankiem.";catalogue_and_editorial_judgment;[];Dostępność i godziny wymagają osobnej weryfikacji przed planowaniem wizyty.
199;e157bc70-0d55-559c-bd0b-888897aa6df9;Dereniówka;Zgłobień;remove;removed;;"W danych jest przede wszystkim nazwa i wysokość wzniesienia; brak podstaw do uznania go za osobny cel turystyczny w tej becie.";catalogue_and_editorial_judgment;[];"Wyłączenie z listy API, z zachowaniem oryginału i możliwości przywrócenia; nie jest to ocena wartości historycznej."
200;9891a9e2-7868-56e6-8cdc-9c5b66146f8b;Nasze Maki;Rzeszów;keep;awaiting_photo;;"Mural zachowany zgodnie z wcześniejszą decyzją użytkownika; wymaga poprawnie dopasowanego i zatwierdzonego zdjęcia.";previous_user_decision;[];Nie jest aktywną atrakcją i nie trafi do planowania przed uzyskaniem zdjęcia.
202;afa0c1e9-876f-5f20-8f51-13d2133da789;Stare Kościelisko;Lubenia;remove;removed;;"Mały skwer, ogród kieszonkowy lub ogródek jordanowski; lokalna przestrzeń wypoczynku o małej wartości jako osobny cel wycieczki.";catalogue_and_editorial_judgment;[];"Wyłączenie z listy API, z zachowaniem oryginału i możliwości przywrócenia; nie jest to ocena wartości historycznej."
203;b512f560-49de-5241-9b81-fa7e6c08948e;Pomnik Stanisława Nitki;Rzeszów;component;component;55;"Pomnik przewoźnika nad Wisłokiem; element spaceru po Parku Kultury i Wypoczynku.";catalogue_and_editorial_judgment;[];Powiązanie nie zatwierdza automatycznie zdjęcia ani nie przenosi go na miejsce nadrzędne.
204;518fe768-3ed7-56ce-93d9-a178944f2013;Figura Matki Boskiej Rzeszowskiej;Rzeszów;remove;removed;;"Przydrożna figura, krzyż lub lokalny pomnik sakralny; nie wybrano go jako samodzielnego celu ogólnej trasy turystycznej.";catalogue_and_editorial_judgment;[];"Wyłączenie z listy API, z zachowaniem oryginału i możliwości przywrócenia; nie jest to ocena wartości historycznej."
205;e5d8f170-97c5-50e1-892c-5d1095962af4;Skwer im. Franciszka Litwina;Głogów Małopolski;remove;removed;;"Mały skwer, ogród kieszonkowy lub ogródek jordanowski; lokalna przestrzeń wypoczynku o małej wartości jako osobny cel wycieczki.";catalogue_and_editorial_judgment;[];"Wyłączenie z listy API, z zachowaniem oryginału i możliwości przywrócenia; nie jest to ocena wartości historycznej."
206;4146d936-0c03-5984-803e-90319c69ee6d;Tadeusz Nalepa;Rzeszów;keep;awaiting_photo;;"Mural zachowany zgodnie z wcześniejszą decyzją użytkownika; wymaga poprawnie dopasowanego i zatwierdzonego zdjęcia.";previous_user_decision;[];Nie jest aktywną atrakcją i nie trafi do planowania przed uzyskaniem zdjęcia.
207;965edcb6-debf-59b4-9434-7a5c2c5ffd23;Pomnik Chwały Żołnierzy Armii Krajowej Podokręgu Rzeszów AK;Rzeszów;keep;active;;"Wybrany pomnik, rynek, miejsce pamięci lub pozostałość fortyfikacji o wartości krajoznawczej; może być krótkim przystankiem.";catalogue_and_editorial_judgment;[];Dostępność i godziny wymagają osobnej weryfikacji przed planowaniem wizyty.
208;5ed535cb-4f15-50f5-9417-0eba9e97a9d9;Babia Góra;Zgłobień;remove;removed;;"W danych jest przede wszystkim nazwa i wysokość wzniesienia; brak podstaw do uznania go za osobny cel turystyczny w tej becie.";catalogue_and_editorial_judgment;[];"Wyłączenie z listy API, z zachowaniem oryginału i możliwości przywrócenia; nie jest to ocena wartości historycznej."
209;c05f02fc-f6de-5595-81a8-9b22d0b05e8b;Bajka Malowana;Rzeszów;keep;awaiting_photo;;"Mural zachowany zgodnie z wcześniejszą decyzją użytkownika; wymaga poprawnie dopasowanego i zatwierdzonego zdjęcia.";previous_user_decision;[];Nie jest aktywną atrakcją i nie trafi do planowania przed uzyskaniem zdjęcia.
210;d66aa059-5e9e-5b4c-9a64-0ad7a185ae98;Jan Pakosławic;Rzeszów;keep;active;;"Wybrany pomnik, rynek, miejsce pamięci lub pozostałość fortyfikacji o wartości krajoznawczej; może być krótkim przystankiem.";catalogue_and_editorial_judgment;[];Dostępność i godziny wymagają osobnej weryfikacji przed planowaniem wizyty.
211;1772ab06-8d75-5b8e-b52c-b80334da461c;Park Jana Bieniaszewskiego;Wysoka Głogowska;keep;active;;"Park, planty, bulwary lub historyczny zespół zieleni; miejsce na spacer, a nie pojedynczy mały skwer.";catalogue_and_editorial_judgment;[];Dostępność i godziny wymagają osobnej weryfikacji przed planowaniem wizyty.
212;b3df0c42-6cc3-5b7b-84bc-4acbd985175f;Zdobywcom przestrzeni;Rzeszów;keep;active;;"Zabytek, ekspozycja, rzemiosło lub charakterystyczny obiekt sztuki publicznej; rozpoznawalny cel krótkiej wizyty.";source_supported_editorial_judgment;['https://muzeum.tychy.pl/zbiory/sztuka/projekt-rzezby-plenerowej-zdobywcom-przestrzeni/'];Dostępność i godziny wymagają osobnej weryfikacji przed planowaniem wizyty.
214;3bc958c5-74b4-5684-bdca-85d21c1fc949;Park Grabina;Głogów Małopolski;keep;active;;"Park, planty, bulwary lub historyczny zespół zieleni; miejsce na spacer, a nie pojedynczy mały skwer.";source_supported_editorial_judgment;['https://powiat.rzeszowski.pl/powiat/glogow-malopolski/'];Dostępność i godziny wymagają osobnej weryfikacji przed planowaniem wizyty.
215;ec16c1eb-ac2e-5aed-8e38-4917002470f1;Misio i Jaszczur;Rzeszów;keep;awaiting_photo;;"Mural zachowany zgodnie z wcześniejszą decyzją użytkownika; wymaga poprawnie dopasowanego i zatwierdzonego zdjęcia.";previous_user_decision;[];Nie jest aktywną atrakcją i nie trafi do planowania przed uzyskaniem zdjęcia.
217;0db7b7e2-288b-5969-b589-27f4bd53acd0;Szklana Góra;Borek Stary;remove;removed;;"W danych jest przede wszystkim nazwa i wysokość wzniesienia; brak podstaw do uznania go za osobny cel turystyczny w tej becie.";catalogue_and_editorial_judgment;[];"Wyłączenie z listy API, z zachowaniem oryginału i możliwości przywrócenia; nie jest to ocena wartości historycznej."
218;450faea3-61ae-5de4-97e6-ddcc529fc422;Lot;Rzeszów;keep;active;;"Zabytek, ekspozycja, rzemiosło lub charakterystyczny obiekt sztuki publicznej; rozpoznawalny cel krótkiej wizyty.";catalogue_and_editorial_judgment;[];Dostępność i godziny wymagają osobnej weryfikacji przed planowaniem wizyty.
219;d1c77147-1a58-563c-b8a7-9463fb64ab4a;Pomnik Generała Władysława Sikorskiego;Rzeszów;keep;active;;"Wybrany pomnik, rynek, miejsce pamięci lub pozostałość fortyfikacji o wartości krajoznawczej; może być krótkim przystankiem.";source_supported_editorial_judgment;['https://erzeszow.pl/1073-zabytki-rzeszowa/24283-pomniki.html'];Dostępność i godziny wymagają osobnej weryfikacji przed planowaniem wizyty.
220;99fcad52-6b4a-50c6-8571-d27c8481542e;Park Dworski;Bratkowice;keep;active;;"Park, planty, bulwary lub historyczny zespół zieleni; miejsce na spacer, a nie pojedynczy mały skwer.";catalogue_and_editorial_judgment;[];Dostępność i godziny wymagają osobnej weryfikacji przed planowaniem wizyty.
223;0a5d4448-a56e-5654-8def-0dc6b7d3afa0;Koziniec;Nowy Borek;remove;removed;;"W danych jest przede wszystkim nazwa i wysokość wzniesienia; brak podstaw do uznania go za osobny cel turystyczny w tej becie.";catalogue_and_editorial_judgment;[];"Wyłączenie z listy API, z zachowaniem oryginału i możliwości przywrócenia; nie jest to ocena wartości historycznej."
226;95743ea0-eceb-58db-b21c-f791d88c0ed8;Park Księdza Antoniego Bukały;Budy Głogowskie;remove;removed;;"Mały skwer, ogród kieszonkowy lub ogródek jordanowski; lokalna przestrzeń wypoczynku o małej wartości jako osobny cel wycieczki.";catalogue_and_editorial_judgment;[];"Wyłączenie z listy API, z zachowaniem oryginału i możliwości przywrócenia; nie jest to ocena wartości historycznej."
228;c3d23bec-711f-599d-8d23-4141a4554b25;Katastrofa smoleńska;Rzeszów;remove;removed;;Lokalny pomnik lub upamiętnienie niewybrane do ograniczonego katalogu ogólnych tras beta. Można przywrócić dla trasy tematycznej.;catalogue_and_editorial_judgment;[];"Wyłączenie z listy API, z zachowaniem oryginału i możliwości przywrócenia; nie jest to ocena wartości historycznej."
229;ee13549f-f6a1-5270-be47-63f65b5ef647;Dział;Handzlówka;remove;removed;;"W danych jest przede wszystkim nazwa i wysokość wzniesienia; brak podstaw do uznania go za osobny cel turystyczny w tej becie.";catalogue_and_editorial_judgment;[];"Wyłączenie z listy API, z zachowaniem oryginału i możliwości przywrócenia; nie jest to ocena wartości historycznej."
231;8d9544ce-c3d5-53e9-ab2d-e445c91fc2b4;1050. rocznica Chrztu Polski;Rzeszów;remove;removed;;"Kamień, tablica lub znak upamiętniający; lokalny punkt informacyjny bez osobnej aktywności turystycznej.";catalogue_and_editorial_judgment;[];"Wyłączenie z listy API, z zachowaniem oryginału i możliwości przywrócenia; nie jest to ocena wartości historycznej."
232;c11dbd7a-1f3e-5b45-88a9-b292788d04b1;Szalowe Góry;Błażowa Dolna;remove;removed;;"W danych jest przede wszystkim nazwa i wysokość wzniesienia; brak podstaw do uznania go za osobny cel turystyczny w tej becie.";catalogue_and_editorial_judgment;[];"Wyłączenie z listy API, z zachowaniem oryginału i możliwości przywrócenia; nie jest to ocena wartości historycznej."
233;25d8deca-1059-5407-9b6c-49c9ba4bddf8;Drabina do Nieba;Rzeszów;keep;active;;"Zabytek, ekspozycja, rzemiosło lub charakterystyczny obiekt sztuki publicznej; rozpoznawalny cel krótkiej wizyty.";catalogue_and_editorial_judgment;[];Dostępność i godziny wymagają osobnej weryfikacji przed planowaniem wizyty.
234;5e1d748c-da7f-5941-98b0-9ed74080d2d2;W 100. rocznicę powstania Związku Harcerstwa Polskiego;Rzeszów;remove;removed;;"Kamień, tablica lub znak upamiętniający; lokalny punkt informacyjny bez osobnej aktywności turystycznej.";catalogue_and_editorial_judgment;[];"Wyłączenie z listy API, z zachowaniem oryginału i możliwości przywrócenia; nie jest to ocena wartości historycznej."
235;54b70b2e-c270-5095-8ecb-17c05ea71ee6;Kamionki;Hyżne;remove;removed;;"W danych jest przede wszystkim nazwa i wysokość wzniesienia; brak podstaw do uznania go za osobny cel turystyczny w tej becie.";catalogue_and_editorial_judgment;[];"Wyłączenie z listy API, z zachowaniem oryginału i możliwości przywrócenia; nie jest to ocena wartości historycznej."
236;e288bf21-d8e3-5fc7-ba6b-c5b653023d73;Żubr;Rzeszów;remove;removed;;Drobna dekoracja, figura lub instalacja niewybrana jako samodzielny cel wycieczki w becie.;catalogue_and_editorial_judgment;[];"Wyłączenie z listy API, z zachowaniem oryginału i możliwości przywrócenia; nie jest to ocena wartości historycznej."
237;0e049adf-2191-5250-b392-1b93e89a9006;Krzyż-Pomnik „Ofiarom Komunizmu”;Rzeszów;keep;active;;"Wybrany pomnik, rynek, miejsce pamięci lub pozostałość fortyfikacji o wartości krajoznawczej; może być krótkim przystankiem.";catalogue_and_editorial_judgment;[];Dostępność i godziny wymagają osobnej weryfikacji przed planowaniem wizyty.
238;d198ab1e-7388-5b3b-87f7-b804fa3ef57f;Kamieniec;Błędowa Tyczyńska;remove;removed;;"W danych jest przede wszystkim nazwa i wysokość wzniesienia; brak podstaw do uznania go za osobny cel turystyczny w tej becie.";catalogue_and_editorial_judgment;[];"Wyłączenie z listy API, z zachowaniem oryginału i możliwości przywrócenia; nie jest to ocena wartości historycznej."
239;c86f6ff8-af62-5df4-a8c5-ba274fcc4bf3;"Mural ""Pamiętany""";Rzeszów;keep;awaiting_photo;;"Mural zachowany zgodnie z wcześniejszą decyzją użytkownika; wymaga poprawnie dopasowanego i zatwierdzonego zdjęcia.";previous_user_decision;[];Nie jest aktywną atrakcją i nie trafi do planowania przed uzyskaniem zdjęcia.
240;c83990f5-cae2-5d88-a2ae-cb42070e5fe2;Figura Świętej Katarzyny;Rzeszów;remove;removed;;"Przydrożna figura, krzyż lub lokalny pomnik sakralny; nie wybrano go jako samodzielnego celu ogólnej trasy turystycznej.";catalogue_and_editorial_judgment;[];"Wyłączenie z listy API, z zachowaniem oryginału i możliwości przywrócenia; nie jest to ocena wartości historycznej."
242;f49dda6e-8fd8-5a0a-8266-f9334216e92d;Ignacy Łukasiewicz;Rzeszów;keep;awaiting_photo;;"Mural zachowany zgodnie z wcześniejszą decyzją użytkownika; wymaga poprawnie dopasowanego i zatwierdzonego zdjęcia.";previous_user_decision;[];Nie jest aktywną atrakcją i nie trafi do planowania przed uzyskaniem zdjęcia.
243;bb53b7a0-b564-5be1-9025-d2b2c7bb5f72;Solidarność;Rzeszów;remove;removed;;Lokalny pomnik lub upamiętnienie niewybrane do ograniczonego katalogu ogólnych tras beta. Można przywrócić dla trasy tematycznej.;catalogue_and_editorial_judgment;[];"Wyłączenie z listy API, z zachowaniem oryginału i możliwości przywrócenia; nie jest to ocena wartości historycznej."
244;e67e971c-6ab8-5c16-b337-895d33f411b3;Stawiska;Połomia;remove;removed;;"W danych jest przede wszystkim nazwa i wysokość wzniesienia; brak podstaw do uznania go za osobny cel turystyczny w tej becie.";catalogue_and_editorial_judgment;[];"Wyłączenie z listy API, z zachowaniem oryginału i możliwości przywrócenia; nie jest to ocena wartości historycznej."
245;51c868fa-f7c7-5baf-8cd9-af6de92c09e4;Zwierzęta Lisiej Góry;Rzeszów;keep;awaiting_photo;;"Mural zachowany zgodnie z wcześniejszą decyzją użytkownika; wymaga poprawnie dopasowanego i zatwierdzonego zdjęcia.";previous_user_decision;[];Nie jest aktywną atrakcją i nie trafi do planowania przed uzyskaniem zdjęcia.
247;35fabe74-5d24-5436-9bd6-dd94f50b0462;Kopiec;Hyżne;remove;removed;;"W danych jest przede wszystkim nazwa i wysokość wzniesienia; brak podstaw do uznania go za osobny cel turystyczny w tej becie.";catalogue_and_editorial_judgment;[];"Wyłączenie z listy API, z zachowaniem oryginału i możliwości przywrócenia; nie jest to ocena wartości historycznej."
248;8bf123ca-10ad-5da7-a8e8-73cfb9dbcb6c;Super Saiyan Gokū;Rzeszów;keep;awaiting_photo;;"Mural zachowany zgodnie z wcześniejszą decyzją użytkownika; wymaga poprawnie dopasowanego i zatwierdzonego zdjęcia.";previous_user_decision;[];Nie jest aktywną atrakcją i nie trafi do planowania przed uzyskaniem zdjęcia.
249;5619f409-cdd2-5241-b206-1bc529515945;Kazimierz Pułaski;Rzeszów;remove;removed;;Lokalny pomnik lub upamiętnienie niewybrane do ograniczonego katalogu ogólnych tras beta. Można przywrócić dla trasy tematycznej.;catalogue_and_editorial_judgment;[];"Wyłączenie z listy API, z zachowaniem oryginału i możliwości przywrócenia; nie jest to ocena wartości historycznej."
250;ac0162e0-3a3c-528c-b0f2-9847e006dfbd;Jaźwia Góra;Pogwizdów;remove;removed;;"W danych jest przede wszystkim nazwa i wysokość wzniesienia; brak podstaw do uznania go za osobny cel turystyczny w tej becie.";catalogue_and_editorial_judgment;[];"Wyłączenie z listy API, z zachowaniem oryginału i możliwości przywrócenia; nie jest to ocena wartości historycznej."
251;5f4c540b-2f27-5b66-8999-d9c294d97fef;Piccolo;Rzeszów;keep;awaiting_photo;;"Mural zachowany zgodnie z wcześniejszą decyzją użytkownika; wymaga poprawnie dopasowanego i zatwierdzonego zdjęcia.";previous_user_decision;[];Nie jest aktywną atrakcją i nie trafi do planowania przed uzyskaniem zdjęcia.
253;e6cc83f4-fc27-5303-bd19-94e7385b8db9;Planty;Łańcut;keep;active;;"Park, planty, bulwary lub historyczny zespół zieleni; miejsce na spacer, a nie pojedynczy mały skwer.";catalogue_and_editorial_judgment;[];Dostępność i godziny wymagają osobnej weryfikacji przed planowaniem wizyty.
254;3de95a0d-8def-5faf-9406-5f0748e8b72c;Ikar;Rzeszów;remove;removed;;Drobna dekoracja, figura lub instalacja niewybrana jako samodzielny cel wycieczki w becie.;catalogue_and_editorial_judgment;[];"Wyłączenie z listy API, z zachowaniem oryginału i możliwości przywrócenia; nie jest to ocena wartości historycznej."
255;10b65397-86b8-5777-a1d1-90e52c13fe60;Pomnik św. Jana Nepomucena;Rzeszów;remove;removed;;"Przydrożna figura, krzyż lub lokalny pomnik sakralny; nie wybrano go jako samodzielnego celu ogólnej trasy turystycznej.";catalogue_and_editorial_judgment;[];"Wyłączenie z listy API, z zachowaniem oryginału i możliwości przywrócenia; nie jest to ocena wartości historycznej."
256;377de258-249e-5276-b3d8-c429251c67ba;Góra Zamkowa;Przedmieście Czudeckie;keep;active;;Góra Zamkowa związana z ruinami zamku czudeckiego, opisana przez gminę jako miejsce warte zobaczenia.;source_supported_editorial_judgment;['https://www.czudec.pl/a/solectwo-przedmiescie-czudeckie'];Dostępność i godziny wymagają osobnej weryfikacji przed planowaniem wizyty.
257;2e907428-a50e-5d4b-babc-b3331d5d385c;Rosiczka;Rzeszów;remove;removed;;Drobna dekoracja, figura lub instalacja niewybrana jako samodzielny cel wycieczki w becie.;catalogue_and_editorial_judgment;[];"Wyłączenie z listy API, z zachowaniem oryginału i możliwości przywrócenia; nie jest to ocena wartości historycznej."
258;ca715e07-4edc-5b6a-9819-da84e9700bce;Pomnik Jana Kochanowskiego;Rzeszów;keep;active;;"Wybrany pomnik, rynek, miejsce pamięci lub pozostałość fortyfikacji o wartości krajoznawczej; może być krótkim przystankiem.";catalogue_and_editorial_judgment;[];Dostępność i godziny wymagają osobnej weryfikacji przed planowaniem wizyty.
259;0ffcc2d8-8fe4-575b-a021-58d1627e8f75;Powozownia;Łańcut;keep;active;;"Powozownia jest ekspozycją Muzeum - Zamku w Łańcucie, dostępną do zwiedzania; pozostawiono jako miejsce wizyty.";source_supported_editorial_judgment;['https://zamek-lancut.pl/zasady-zwiedzania'];Dostępność i godziny wymagają osobnej weryfikacji przed planowaniem wizyty.
261;9430b61b-3fb6-57b8-9317-641e7be1d620;Pomnik Juliusza Słowackiego;Rzeszów;keep;active;;"Wybrany pomnik, rynek, miejsce pamięci lub pozostałość fortyfikacji o wartości krajoznawczej; może być krótkim przystankiem.";source_supported_editorial_judgment;['https://erzeszow.pl/1073-zabytki-rzeszowa/24283-pomniki.html'];Dostępność i godziny wymagają osobnej weryfikacji przed planowaniem wizyty.
262;6f9a36c8-5960-5ea8-b0dd-da49ded7cb5c;Łysa Góra;Handzlówka;remove;removed;;"W danych jest przede wszystkim nazwa i wysokość wzniesienia; brak podstaw do uznania go za osobny cel turystyczny w tej becie.";catalogue_and_editorial_judgment;[];"Wyłączenie z listy API, z zachowaniem oryginału i możliwości przywrócenia; nie jest to ocena wartości historycznej."
263;d8004fc5-fe85-589c-9e2a-5c44c2dabf7d;Centrum Snu;Rzeszów;keep;awaiting_photo;;"Mural zachowany zgodnie z wcześniejszą decyzją użytkownika; wymaga poprawnie dopasowanego i zatwierdzonego zdjęcia.";previous_user_decision;[];Nie jest aktywną atrakcją i nie trafi do planowania przed uzyskaniem zdjęcia.
264;63d84899-88de-58f6-a4ba-3e7ab4bf37aa;Stefan Wyszyński;Rzeszów;remove;removed;;Lokalny pomnik lub upamiętnienie niewybrane do ograniczonego katalogu ogólnych tras beta. Można przywrócić dla trasy tematycznej.;catalogue_and_editorial_judgment;[];"Wyłączenie z listy API, z zachowaniem oryginału i możliwości przywrócenia; nie jest to ocena wartości historycznej."
265;35218f72-3197-51c7-a458-2b77cc3da29e;Park Zamkowy;Łańcut;keep;active;;"Park, planty, bulwary lub historyczny zespół zieleni; miejsce na spacer, a nie pojedynczy mały skwer.";source_supported_editorial_judgment;['https://zamek-lancut.pl/zasady-zwiedzania'];Dostępność i godziny wymagają osobnej weryfikacji przed planowaniem wizyty.
266;395a6f45-35d1-5f25-8423-248101e2ebaf;Franciszek Kotula;Rzeszów;keep;awaiting_photo;;"Mural zachowany zgodnie z wcześniejszą decyzją użytkownika; wymaga poprawnie dopasowanego i zatwierdzonego zdjęcia.";previous_user_decision;[];Nie jest aktywną atrakcją i nie trafi do planowania przed uzyskaniem zdjęcia.
267;c841a43e-c19a-5c01-81d0-af355c6fe511;Jan Paweł II;Rzeszów;remove;removed;;"Przydrożna figura, krzyż lub lokalny pomnik sakralny; nie wybrano go jako samodzielnego celu ogólnej trasy turystycznej.";catalogue_and_editorial_judgment;[];"Wyłączenie z listy API, z zachowaniem oryginału i możliwości przywrócenia; nie jest to ocena wartości historycznej."
268;9290f2b4-a3b1-51bb-bb7f-95df6cf96d06;Zimny Dział;Straszydle;remove;removed;;"W danych jest przede wszystkim nazwa i wysokość wzniesienia; brak podstaw do uznania go za osobny cel turystyczny w tej becie.";catalogue_and_editorial_judgment;[];"Wyłączenie z listy API, z zachowaniem oryginału i możliwości przywrócenia; nie jest to ocena wartości historycznej."
269;8700a290-4c8e-5827-aaac-3130fa83aa40;Pizza;Rzeszów;keep;awaiting_photo;;"Mural zachowany zgodnie z wcześniejszą decyzją użytkownika; wymaga poprawnie dopasowanego i zatwierdzonego zdjęcia.";previous_user_decision;[];Nie jest aktywną atrakcją i nie trafi do planowania przed uzyskaniem zdjęcia.
270;d1f955fd-c7d1-513b-95ca-735adc891d1d;Pomnik Ofiar Terroru;Rzeszów;keep;active;;"Wybrany pomnik, rynek, miejsce pamięci lub pozostałość fortyfikacji o wartości krajoznawczej; może być krótkim przystankiem.";catalogue_and_editorial_judgment;[];Dostępność i godziny wymagają osobnej weryfikacji przed planowaniem wizyty.
271;d28f45f5-c1c7-54e1-93c6-c4f9bfb853f1;Wilcza Góra;Czarna;remove;removed;;"W danych jest przede wszystkim nazwa i wysokość wzniesienia; brak podstaw do uznania go za osobny cel turystyczny w tej becie.";catalogue_and_editorial_judgment;[];"Wyłączenie z listy API, z zachowaniem oryginału i możliwości przywrócenia; nie jest to ocena wartości historycznej."
272;d7a70fd3-27a9-5abf-8c1e-6d811eb4971c;Ser;Rzeszów;keep;awaiting_photo;;"Mural zachowany zgodnie z wcześniejszą decyzją użytkownika; wymaga poprawnie dopasowanego i zatwierdzonego zdjęcia.";previous_user_decision;[];Nie jest aktywną atrakcją i nie trafi do planowania przed uzyskaniem zdjęcia.
273;6117710a-6acb-52e7-affe-e80c37ca79d4;Pomnik Jana Pawła II;Rzeszów;remove;removed;;"Przydrożna figura, krzyż lub lokalny pomnik sakralny; nie wybrano go jako samodzielnego celu ogólnej trasy turystycznej.";catalogue_and_editorial_judgment;[];"Wyłączenie z listy API, z zachowaniem oryginału i możliwości przywrócenia; nie jest to ocena wartości historycznej."
274;6d66b384-94a9-5c02-9fa9-a7297900d3ab;Jastrzębia Góra;Poręby Kupieńskie;remove;removed;;"W danych jest przede wszystkim nazwa i wysokość wzniesienia; brak podstaw do uznania go za osobny cel turystyczny w tej becie.";catalogue_and_editorial_judgment;[];"Wyłączenie z listy API, z zachowaniem oryginału i możliwości przywrócenia; nie jest to ocena wartości historycznej."
275;8f8f36af-66c5-5175-a027-017afa86a22f;Double Trouble;Rzeszów;keep;awaiting_photo;;"Mural zachowany zgodnie z wcześniejszą decyzją użytkownika; wymaga poprawnie dopasowanego i zatwierdzonego zdjęcia.";previous_user_decision;[];Nie jest aktywną atrakcją i nie trafi do planowania przed uzyskaniem zdjęcia.
276;595c4301-e6f1-541f-a9ce-aad72773d953;Szczęść Boże 1957-2007;Rzeszów;remove;removed;;"Kamień, tablica lub znak upamiętniający; lokalny punkt informacyjny bez osobnej aktywności turystycznej.";catalogue_and_editorial_judgment;[];"Wyłączenie z listy API, z zachowaniem oryginału i możliwości przywrócenia; nie jest to ocena wartości historycznej."
277;77fd8257-545c-56d3-84e5-1b26aac1e0d6;Berdecha;Lecka;keep;active;;"Wzniesienie powiązane z opublikowanym szlakiem PTTK; cel wycieczki pieszej.";source_supported_editorial_judgment;['https://www.pttk.rzeszow.pl/szlaki-turystyczne.html'];"Należy sprawdzić aktualny przebieg szlaku i dojście; nie wyznaczamy trasy w linii prostej."
278;5128c245-236f-55da-a380-de821830deb2;Burger;Rzeszów;keep;awaiting_photo;;"Mural zachowany zgodnie z wcześniejszą decyzją użytkownika; wymaga poprawnie dopasowanego i zatwierdzonego zdjęcia.";previous_user_decision;[];Nie jest aktywną atrakcją i nie trafi do planowania przed uzyskaniem zdjęcia.
279;26baa90f-727f-5a04-a0b1-ded4a529ed4b;"Kamień upamiętniający Marcina Borelowskiego ""Lelewela""";Rzeszów;keep;active;;"Wybrany pomnik, rynek, miejsce pamięci lub pozostałość fortyfikacji o wartości krajoznawczej; może być krótkim przystankiem.";catalogue_and_editorial_judgment;[];Dostępność i godziny wymagają osobnej weryfikacji przed planowaniem wizyty.
280;c8f39f0c-37f3-5a1e-a58d-38b38dc65664;Ciemnica;Hyżne;remove;removed;;"W danych jest przede wszystkim nazwa i wysokość wzniesienia; brak podstaw do uznania go za osobny cel turystyczny w tej becie.";catalogue_and_editorial_judgment;[];"Wyłączenie z listy API, z zachowaniem oryginału i możliwości przywrócenia; nie jest to ocena wartości historycznej."
281;e21f3c0c-0a13-57d7-ae33-e3b63f6509a4;Ruchoma Szopka;Kielanówka;keep;active;;"Zabytek, ekspozycja, rzemiosło lub charakterystyczny obiekt sztuki publicznej; rozpoznawalny cel krótkiej wizyty.";catalogue_and_editorial_judgment;[];Dostępność i godziny wymagają osobnej weryfikacji przed planowaniem wizyty.
282;87bb625a-f3ea-510b-8b4e-903fa8fc4f35;Wincenty Witos;Rzeszów;remove;removed;;"Kamień, tablica lub znak upamiętniający; lokalny punkt informacyjny bez osobnej aktywności turystycznej.";catalogue_and_editorial_judgment;[];"Wyłączenie z listy API, z zachowaniem oryginału i możliwości przywrócenia; nie jest to ocena wartości historycznej."
283;8c7f1592-059c-53ad-9350-1ea612afa9ba;Chełm;Iwierzyce;remove;removed;;"W danych jest przede wszystkim nazwa i wysokość wzniesienia; brak podstaw do uznania go za osobny cel turystyczny w tej becie.";catalogue_and_editorial_judgment;[];"Wyłączenie z listy API, z zachowaniem oryginału i możliwości przywrócenia; nie jest to ocena wartości historycznej."
286;0d5386e9-dec7-5393-9055-b28225fe1050;Łysa Góra;Nienadówka;remove;removed;;"W danych jest przede wszystkim nazwa i wysokość wzniesienia; brak podstaw do uznania go za osobny cel turystyczny w tej becie.";catalogue_and_editorial_judgment;[];"Wyłączenie z listy API, z zachowaniem oryginału i możliwości przywrócenia; nie jest to ocena wartości historycznej."
287;434b6948-6eca-5924-99f2-165f85157bf8;ks. ppłk. Stanisław Żytkiewicz;Boguchwała;remove;removed;;Drobna dekoracja, figura lub instalacja niewybrana jako samodzielny cel wycieczki w becie.;catalogue_and_editorial_judgment;[];"Wyłączenie z listy API, z zachowaniem oryginału i możliwości przywrócenia; nie jest to ocena wartości historycznej."
288;4514c6f6-c472-541b-8314-e6c709d24b5b;Pomnik Matki Bożej;Rzeszów;remove;removed;;Lokalny pomnik lub upamiętnienie niewybrane do ograniczonego katalogu ogólnych tras beta. Można przywrócić dla trasy tematycznej.;catalogue_and_editorial_judgment;[];"Wyłączenie z listy API, z zachowaniem oryginału i możliwości przywrócenia; nie jest to ocena wartości historycznej."
289;0432bc0d-5516-5eeb-b710-0cdab89b2c8e;Wielki Dział;Przedmieście Czudeckie;remove;removed;;"W danych jest przede wszystkim nazwa i wysokość wzniesienia; brak podstaw do uznania go za osobny cel turystyczny w tej becie.";catalogue_and_editorial_judgment;[];"Wyłączenie z listy API, z zachowaniem oryginału i możliwości przywrócenia; nie jest to ocena wartości historycznej."
290;dcf1ccac-b096-5df1-89b9-0ed7de50d5a9;Katarzyna Sobczyk;Tyczyn;keep;awaiting_photo;;"Mural zachowany zgodnie z wcześniejszą decyzją użytkownika; wymaga poprawnie dopasowanego i zatwierdzonego zdjęcia.";previous_user_decision;[];Nie jest aktywną atrakcją i nie trafi do planowania przed uzyskaniem zdjęcia.
291;63ec6876-dc4c-5d93-8690-f30dcf7fc7de;Jezus w Koronie;Rzeszów;remove;removed;;"Przydrożna figura, krzyż lub lokalny pomnik sakralny; nie wybrano go jako samodzielnego celu ogólnej trasy turystycznej.";catalogue_and_editorial_judgment;[];"Wyłączenie z listy API, z zachowaniem oryginału i możliwości przywrócenia; nie jest to ocena wartości historycznej."
292;66fe24a1-82ff-5ddf-aef1-ed342603b9a4;Planty;Błażowa;keep;active;;"Park, planty, bulwary lub historyczny zespół zieleni; miejsce na spacer, a nie pojedynczy mały skwer.";catalogue_and_editorial_judgment;[];Dostępność i godziny wymagają osobnej weryfikacji przed planowaniem wizyty.
293;123f00f5-b426-5ba9-b8fa-10681b54d2e7;Pałac Lubomirskich w Łące;Łąka;keep;active;;"Zabytek, ekspozycja, rzemiosło lub charakterystyczny obiekt sztuki publicznej; rozpoznawalny cel krótkiej wizyty.";catalogue_and_editorial_judgment;[];Dostępność i godziny wymagają osobnej weryfikacji przed planowaniem wizyty.
295;cdbe805e-a363-59be-bf05-6c05c8a299b4;Patryja;Husów;remove;removed;;"W danych jest przede wszystkim nazwa i wysokość wzniesienia; brak podstaw do uznania go za osobny cel turystyczny w tej becie.";catalogue_and_editorial_judgment;[];"Wyłączenie z listy API, z zachowaniem oryginału i możliwości przywrócenia; nie jest to ocena wartości historycznej."
296;1d7e6db7-84ec-5676-b955-54378e013c4d;Jan Paweł II;Kraczkowa;keep;awaiting_photo;;"Mural zachowany zgodnie z wcześniejszą decyzją użytkownika; wymaga poprawnie dopasowanego i zatwierdzonego zdjęcia.";previous_user_decision;[];Nie jest aktywną atrakcją i nie trafi do planowania przed uzyskaniem zdjęcia.
297;f30890e6-4d3d-5194-aa0d-ade0f9fb6415;Pomnik Sybiraków;Rzeszów;keep;active;;"Wybrany pomnik, rynek, miejsce pamięci lub pozostałość fortyfikacji o wartości krajoznawczej; może być krótkim przystankiem.";catalogue_and_editorial_judgment;[];Dostępność i godziny wymagają osobnej weryfikacji przed planowaniem wizyty.
298;19791dca-16b7-5e55-a8cc-75f3774e1f4a;Dział;Błażowa;remove;removed;;"W danych jest przede wszystkim nazwa i wysokość wzniesienia; brak podstaw do uznania go za osobny cel turystyczny w tej becie.";catalogue_and_editorial_judgment;[];"Wyłączenie z listy API, z zachowaniem oryginału i możliwości przywrócenia; nie jest to ocena wartości historycznej."
299;bd7af9a4-3eb1-50ff-b6f5-518332ae513e;Grodzisko Pierścieniowe Okop;Rzeszów;keep;active;;"Zabytek, ekspozycja, rzemiosło lub charakterystyczny obiekt sztuki publicznej; rozpoznawalny cel krótkiej wizyty.";catalogue_and_editorial_judgment;[];Dostępność i godziny wymagają osobnej weryfikacji przed planowaniem wizyty.
301;2350cf88-9d17-5294-bc7d-b2f436d380ea;Figura Najśw. Serca Pana Jezusa;Rzeszów;remove;removed;;"Przydrożna figura, krzyż lub lokalny pomnik sakralny; nie wybrano go jako samodzielnego celu ogólnej trasy turystycznej.";catalogue_and_editorial_judgment;[];"Wyłączenie z listy API, z zachowaniem oryginału i możliwości przywrócenia; nie jest to ocena wartości historycznej."
302;635eee8e-d112-59f7-a6d3-f77dd6a4ae60;Średni Dział;Lecka;remove;removed;;"W danych jest przede wszystkim nazwa i wysokość wzniesienia; brak podstaw do uznania go za osobny cel turystyczny w tej becie.";catalogue_and_editorial_judgment;[];"Wyłączenie z listy API, z zachowaniem oryginału i możliwości przywrócenia; nie jest to ocena wartości historycznej."
303;0ee3adb7-5828-5e38-9d8e-52912f740a91;Figura Matki Boskiej;Sołonka;remove;removed;;"Przydrożna figura, krzyż lub lokalny pomnik sakralny; nie wybrano go jako samodzielnego celu ogólnej trasy turystycznej.";catalogue_and_editorial_judgment;[];"Wyłączenie z listy API, z zachowaniem oryginału i możliwości przywrócenia; nie jest to ocena wartości historycznej."
304;5301a941-77f4-5e62-acda-5ebc308c36b6;Pomnik Ignacego Łukasiewicza;Rzeszów;keep;active;;"Wybrany pomnik, rynek, miejsce pamięci lub pozostałość fortyfikacji o wartości krajoznawczej; może być krótkim przystankiem.";catalogue_and_editorial_judgment;[];Dostępność i godziny wymagają osobnej weryfikacji przed planowaniem wizyty.
305;78b83b0e-6c1c-5f84-b7f0-bc44d3e3e6de;Działy;Pstrągowa;remove;removed;;"W danych jest przede wszystkim nazwa i wysokość wzniesienia; brak podstaw do uznania go za osobny cel turystyczny w tej becie.";catalogue_and_editorial_judgment;[];"Wyłączenie z listy API, z zachowaniem oryginału i możliwości przywrócenia; nie jest to ocena wartości historycznej."
307;00f83df7-8a0d-573b-b3fc-480488db7d3c;Czarny Krzyż;Rzeszów;remove;removed;;"Przydrożna figura, krzyż lub lokalny pomnik sakralny; nie wybrano go jako samodzielnego celu ogólnej trasy turystycznej.";catalogue_and_editorial_judgment;[];"Wyłączenie z listy API, z zachowaniem oryginału i możliwości przywrócenia; nie jest to ocena wartości historycznej."
308;d30ee9af-1436-59e6-a8a9-4aab48faebb0;Bycza Góra;Błażowa;remove;removed;;"W danych jest przede wszystkim nazwa i wysokość wzniesienia; brak podstaw do uznania go za osobny cel turystyczny w tej becie.";catalogue_and_editorial_judgment;[];"Wyłączenie z listy API, z zachowaniem oryginału i możliwości przywrócenia; nie jest to ocena wartości historycznej."
309;33cb1da6-9234-58bd-86d6-caea31336474;Powóz;Łańcut;remove;removed;;"Ozdoba/promocja miejsca z oznaczeniem braku dostępu; nie stanowi celu wizyty w becie.";catalogue_and_editorial_judgment;[];"Wyłączenie z listy API, z zachowaniem oryginału i możliwości przywrócenia; nie jest to ocena wartości historycznej."
310;453040be-3c30-502e-87a8-01aa853cea59;Pomnik Wolności 1918-1928;Rzeszów;keep;active;;"Wybrany pomnik, rynek, miejsce pamięci lub pozostałość fortyfikacji o wartości krajoznawczej; może być krótkim przystankiem.";catalogue_and_editorial_judgment;[];Dostępność i godziny wymagają osobnej weryfikacji przed planowaniem wizyty.
311;266e47bd-8fc4-595e-b12b-3b249d02192f;Zubrowa Góra;Poręby Kupieńskie;remove;removed;;"W danych jest przede wszystkim nazwa i wysokość wzniesienia; brak podstaw do uznania go za osobny cel turystyczny w tej becie.";catalogue_and_editorial_judgment;[];"Wyłączenie z listy API, z zachowaniem oryginału i możliwości przywrócenia; nie jest to ocena wartości historycznej."
312;5c096d40-4137-5411-95ec-76fe4dae207e;Zagroda Garncarska;Medynia Głogowska;keep;active;;"Zabytek, ekspozycja, rzemiosło lub charakterystyczny obiekt sztuki publicznej; rozpoznawalny cel krótkiej wizyty.";catalogue_and_editorial_judgment;[];Dostępność i godziny wymagają osobnej weryfikacji przed planowaniem wizyty.
313;b9cd3fc7-61e9-51ce-bf0f-421f53e7c767;Błogosławiona Karolina;Rzeszów;remove;removed;;Lokalny pomnik lub upamiętnienie niewybrane do ograniczonego katalogu ogólnych tras beta. Można przywrócić dla trasy tematycznej.;catalogue_and_editorial_judgment;[];"Wyłączenie z listy API, z zachowaniem oryginału i możliwości przywrócenia; nie jest to ocena wartości historycznej."
314;721fac46-91d0-583c-9cf6-7e93b87f6fb3;Cisowiec Duży;Piątkowa;remove;removed;;"W danych jest przede wszystkim nazwa i wysokość wzniesienia; brak podstaw do uznania go za osobny cel turystyczny w tej becie.";catalogue_and_editorial_judgment;[];"Wyłączenie z listy API, z zachowaniem oryginału i możliwości przywrócenia; nie jest to ocena wartości historycznej."
315;159edec9-2443-5748-b281-d5181b8f9bd7;Galeria Rzeźby Cermicznej Władysławy Prucnal;Medynia Głogowska;keep;active;;"Zabytek, ekspozycja, rzemiosło lub charakterystyczny obiekt sztuki publicznej; rozpoznawalny cel krótkiej wizyty.";catalogue_and_editorial_judgment;[];Dostępność i godziny wymagają osobnej weryfikacji przed planowaniem wizyty.
316;1bb0e7e0-3b57-5576-9bca-efe00f352708;Osada z epoki kamienia;Rzeszów;remove;removed;;"Stanowisko/osada archeologiczna; wpis nie potwierdza ekspozycji ani pozostałości nadających się do oglądania. Wyłączone z beta, a nie uznane za bezwartościowe.";catalogue_and_editorial_judgment;[];"Wyłączenie z listy API, z zachowaniem oryginału i możliwości przywrócenia; nie jest to ocena wartości historycznej."
317;7b7c0a48-5cb2-552c-b270-7c15e590cc87;Zapady;Piątkowa;remove;removed;;"W danych jest przede wszystkim nazwa i wysokość wzniesienia; brak podstaw do uznania go za osobny cel turystyczny w tej becie.";catalogue_and_editorial_judgment;[];"Wyłączenie z listy API, z zachowaniem oryginału i możliwości przywrócenia; nie jest to ocena wartości historycznej."
318;0dbb8b72-a436-5128-b3de-947758523b12;Fortepian;Łańcut;keep;active;;"Zabytek, ekspozycja, rzemiosło lub charakterystyczny obiekt sztuki publicznej; rozpoznawalny cel krótkiej wizyty.";catalogue_and_editorial_judgment;[];Dostępność i godziny wymagają osobnej weryfikacji przed planowaniem wizyty.
319;7fac74e6-a9c7-57a8-84ea-ef4f33f25eef;Polegli Żołnierze Radzieccy;Rzeszów;remove;removed;;Lokalny pomnik lub upamiętnienie niewybrane do ograniczonego katalogu ogólnych tras beta. Można przywrócić dla trasy tematycznej.;catalogue_and_editorial_judgment;[];"Wyłączenie z listy API, z zachowaniem oryginału i możliwości przywrócenia; nie jest to ocena wartości historycznej."
320;78d750a7-c0bd-53eb-ac94-34dd7532bc95;Łysa Góra;Trzeboś;remove;removed;;"W danych jest przede wszystkim nazwa i wysokość wzniesienia; brak podstaw do uznania go za osobny cel turystyczny w tej becie.";catalogue_and_editorial_judgment;[];"Wyłączenie z listy API, z zachowaniem oryginału i możliwości przywrócenia; nie jest to ocena wartości historycznej."
321;c03225c2-eb32-546b-a077-5f4543713f76;Ławeczka Jana i Stanisława Cetnarskich;Łańcut;keep;active;;"Zabytek, ekspozycja, rzemiosło lub charakterystyczny obiekt sztuki publicznej; rozpoznawalny cel krótkiej wizyty.";catalogue_and_editorial_judgment;[];Dostępność i godziny wymagają osobnej weryfikacji przed planowaniem wizyty.
322;3b1a8f36-f637-55d6-bee6-e3baf89b5012;Polegli Żołnierze Ludowego Wojska Polskiego;Rzeszów;remove;removed;;"Kamień, tablica lub znak upamiętniający; lokalny punkt informacyjny bez osobnej aktywności turystycznej.";catalogue_and_editorial_judgment;[];"Wyłączenie z listy API, z zachowaniem oryginału i możliwości przywrócenia; nie jest to ocena wartości historycznej."
323;f37aa52e-63d5-5796-8ec8-0ab324143b80;Lisia Góra;Dąbrówki;remove;removed;;"W danych jest przede wszystkim nazwa i wysokość wzniesienia; brak podstaw do uznania go za osobny cel turystyczny w tej becie.";catalogue_and_editorial_judgment;[];"Wyłączenie z listy API, z zachowaniem oryginału i możliwości przywrócenia; nie jest to ocena wartości historycznej."
324;51013eb8-2308-5ba4-9ad4-fe819833ec33;Józef Piłsudski;Łańcut;remove;removed;;Drobna dekoracja, figura lub instalacja niewybrana jako samodzielny cel wycieczki w becie.;catalogue_and_editorial_judgment;[];"Wyłączenie z listy API, z zachowaniem oryginału i możliwości przywrócenia; nie jest to ocena wartości historycznej."
325;6f88ed1a-33a0-5a8a-b00a-2cb3ab117f56;Drabinianka;Rzeszów;remove;removed;;Lokalny pomnik lub upamiętnienie niewybrane do ograniczonego katalogu ogólnych tras beta. Można przywrócić dla trasy tematycznej.;catalogue_and_editorial_judgment;[];"Wyłączenie z listy API, z zachowaniem oryginału i możliwości przywrócenia; nie jest to ocena wartości historycznej."
326;2e29da7b-9ec1-5508-9abf-c9696915aa18;Górki;Piątkowa;remove;removed;;"W danych jest przede wszystkim nazwa i wysokość wzniesienia; brak podstaw do uznania go za osobny cel turystyczny w tej becie.";catalogue_and_editorial_judgment;[];"Wyłączenie z listy API, z zachowaniem oryginału i możliwości przywrócenia; nie jest to ocena wartości historycznej."
329;f8cd9651-4a4d-5acf-bcf3-40fe8200fb57;Mała Góra;Trzeboś;remove;removed;;"W danych jest przede wszystkim nazwa i wysokość wzniesienia; brak podstaw do uznania go za osobny cel turystyczny w tej becie.";catalogue_and_editorial_judgment;[];"Wyłączenie z listy API, z zachowaniem oryginału i możliwości przywrócenia; nie jest to ocena wartości historycznej."
330;2ef5cd9e-8835-5703-bfdf-a5072104707c;Kleopatra;Łańcut;component;component;265;"Mała architektura lub pawilon w Parku Zamkowym; element spaceru po parku.";source_supported_editorial_judgment;['https://zamek-lancut.pl/zasady-zwiedzania'];Powiązanie nie zatwierdza automatycznie zdjęcia ani nie przenosi go na miejsce nadrzędne.
332;e1217772-fcf9-5ac0-ac29-b4a269ed5c74;Kamionka;Husów;remove;removed;;"W danych jest przede wszystkim nazwa i wysokość wzniesienia; brak podstaw do uznania go za osobny cel turystyczny w tej becie.";catalogue_and_editorial_judgment;[];"Wyłączenie z listy API, z zachowaniem oryginału i możliwości przywrócenia; nie jest to ocena wartości historycznej."
333;93f7d7c8-2f7f-51a3-a5c5-1e4695494a39;Apollo;Łańcut;component;component;265;"Mała architektura lub pawilon w Parku Zamkowym; element spaceru po parku.";source_supported_editorial_judgment;['https://zamek-lancut.pl/zasady-zwiedzania'];Powiązanie nie zatwierdza automatycznie zdjęcia ani nie przenosi go na miejsce nadrzędne.
335;1e7d22d8-6a90-5e89-9a78-e0025f927dd5;Cykuł;Pstrągowa;remove;removed;;"W danych jest przede wszystkim nazwa i wysokość wzniesienia; brak podstaw do uznania go za osobny cel turystyczny w tej becie.";catalogue_and_editorial_judgment;[];"Wyłączenie z listy API, z zachowaniem oryginału i możliwości przywrócenia; nie jest to ocena wartości historycznej."
336;715343e2-1714-5c1b-a2f1-362f8b61ff22;Putto - chłopiec z kulą;Łańcut;component;component;265;"Mała architektura lub pawilon w Parku Zamkowym; element spaceru po parku.";source_supported_editorial_judgment;['https://zamek-lancut.pl/zasady-zwiedzania'];Powiązanie nie zatwierdza automatycznie zdjęcia ani nie przenosi go na miejsce nadrzędne.
337;39daf923-9f58-5746-a841-b2e91e196b19;Figura Matki Bożej Różańcowej;Rzeszów;remove;removed;;"Przydrożna figura, krzyż lub lokalny pomnik sakralny; nie wybrano go jako samodzielnego celu ogólnej trasy turystycznej.";catalogue_and_editorial_judgment;[];"Wyłączenie z listy API, z zachowaniem oryginału i możliwości przywrócenia; nie jest to ocena wartości historycznej."
338;c23d86fd-c53a-51c1-9ac8-914dcf1e282f;Wysoka Góra;Piątkowa;remove;removed;;"W danych jest przede wszystkim nazwa i wysokość wzniesienia; brak podstaw do uznania go za osobny cel turystyczny w tej becie.";catalogue_and_editorial_judgment;[];"Wyłączenie z listy API, z zachowaniem oryginału i możliwości przywrócenia; nie jest to ocena wartości historycznej."
339;0fce705f-135c-553b-9a60-ca9f61c3cebb;Rodzina Ulmów;Łańcut;keep;awaiting_photo;;"Mural zachowany zgodnie z wcześniejszą decyzją użytkownika; wymaga poprawnie dopasowanego i zatwierdzonego zdjęcia.";previous_user_decision;[];Nie jest aktywną atrakcją i nie trafi do planowania przed uzyskaniem zdjęcia.
340;bba13e5e-be36-5e90-b665-730eb1cd6438;Poległym;Rzeszów;remove;removed;;Lokalny pomnik lub upamiętnienie niewybrane do ograniczonego katalogu ogólnych tras beta. Można przywrócić dla trasy tematycznej.;catalogue_and_editorial_judgment;[];"Wyłączenie z listy API, z zachowaniem oryginału i możliwości przywrócenia; nie jest to ocena wartości historycznej."
341;df3eecf1-124e-55fe-bb86-dc562913639b;Barania Góra;Sonina;remove;removed;;"W danych jest przede wszystkim nazwa i wysokość wzniesienia; brak podstaw do uznania go za osobny cel turystyczny w tej becie.";catalogue_and_editorial_judgment;[];"Wyłączenie z listy API, z zachowaniem oryginału i możliwości przywrócenia; nie jest to ocena wartości historycznej."
342;2e2c418f-3ee6-5ac7-8456-340ea5a7086a;Niedźwiedź;Błażowa;keep;active;;"Zabytek, ekspozycja, rzemiosło lub charakterystyczny obiekt sztuki publicznej; rozpoznawalny cel krótkiej wizyty.";catalogue_and_editorial_judgment;[];Dostępność i godziny wymagają osobnej weryfikacji przed planowaniem wizyty.
343;69261fba-f31a-5a3f-aa19-f03036643f22;Pomnik Jana Pawła II;Rzeszów;remove;removed;;"Przydrożna figura, krzyż lub lokalny pomnik sakralny; nie wybrano go jako samodzielnego celu ogólnej trasy turystycznej.";catalogue_and_editorial_judgment;[];"Wyłączenie z listy API, z zachowaniem oryginału i możliwości przywrócenia; nie jest to ocena wartości historycznej."
344;c6dfc029-d6e0-56ef-b1a7-0258ff767722;Żabia Góra;Gwoździanka;remove;removed;;"W danych jest przede wszystkim nazwa i wysokość wzniesienia; brak podstaw do uznania go za osobny cel turystyczny w tej becie.";catalogue_and_editorial_judgment;[];"Wyłączenie z listy API, z zachowaniem oryginału i możliwości przywrócenia; nie jest to ocena wartości historycznej."
345;a078e87a-eb6e-52f5-95da-24af552f6ed8;Diana;Łańcut;component;component;265;"Mała architektura lub pawilon w Parku Zamkowym; element spaceru po parku.";source_supported_editorial_judgment;['https://zamek-lancut.pl/zasady-zwiedzania'];Powiązanie nie zatwierdza automatycznie zdjęcia ani nie przenosi go na miejsce nadrzędne.
346;2c10df74-ac74-5362-a3b9-1035873886b2;Jezus;Rzeszów;remove;removed;;"Przydrożna figura, krzyż lub lokalny pomnik sakralny; nie wybrano go jako samodzielnego celu ogólnej trasy turystycznej.";catalogue_and_editorial_judgment;[];"Wyłączenie z listy API, z zachowaniem oryginału i możliwości przywrócenia; nie jest to ocena wartości historycznej."
347;a12fbd77-a2c2-513a-807c-4dfe471c4e1d;Betkówki;Pstrągowa;remove;removed;;"W danych jest przede wszystkim nazwa i wysokość wzniesienia; brak podstaw do uznania go za osobny cel turystyczny w tej becie.";catalogue_and_editorial_judgment;[];"Wyłączenie z listy API, z zachowaniem oryginału i możliwości przywrócenia; nie jest to ocena wartości historycznej."
348;e5791ed0-126f-587d-a2e2-00a12caad50e;Glorietta;Łańcut;component;component;265;"Mała architektura lub pawilon w Parku Zamkowym; element spaceru po parku.";source_supported_editorial_judgment;['https://zamek-lancut.pl/zasady-zwiedzania'];Powiązanie nie zatwierdza automatycznie zdjęcia ani nie przenosi go na miejsce nadrzędne.
349;339f8db7-2b55-54d5-8de0-f6f9533322e2;Figura Maryji;Rzeszów;remove;removed;;"Przydrożna figura, krzyż lub lokalny pomnik sakralny; nie wybrano go jako samodzielnego celu ogólnej trasy turystycznej.";catalogue_and_editorial_judgment;[];"Wyłączenie z listy API, z zachowaniem oryginału i możliwości przywrócenia; nie jest to ocena wartości historycznej."
350;c3d63ed2-a00c-52ec-a181-0bb9acbfbb6f;Działy;Tarnawka;remove;removed;;"W danych jest przede wszystkim nazwa i wysokość wzniesienia; brak podstaw do uznania go za osobny cel turystyczny w tej becie.";catalogue_and_editorial_judgment;[];"Wyłączenie z listy API, z zachowaniem oryginału i możliwości przywrócenia; nie jest to ocena wartości historycznej."
351;744766db-116c-587d-8463-94edfc4fd151;Kobieta upinająca wianek na głowie;Łańcut;component;component;265;"Mała architektura lub pawilon w Parku Zamkowym; element spaceru po parku.";source_supported_editorial_judgment;['https://zamek-lancut.pl/zasady-zwiedzania'];Powiązanie nie zatwierdza automatycznie zdjęcia ani nie przenosi go na miejsce nadrzędne.
352;babc56ac-090b-5ee3-85f7-02360f621302;Święty Florian;Rzeszów;remove;removed;;"Przydrożna figura, krzyż lub lokalny pomnik sakralny; nie wybrano go jako samodzielnego celu ogólnej trasy turystycznej.";catalogue_and_editorial_judgment;[];"Wyłączenie z listy API, z zachowaniem oryginału i możliwości przywrócenia; nie jest to ocena wartości historycznej."
353;25069af5-8217-5467-bed2-4f86f8e73fea;Biedroniówka;Husów;remove;removed;;"W danych jest przede wszystkim nazwa i wysokość wzniesienia; brak podstaw do uznania go za osobny cel turystyczny w tej becie.";catalogue_and_editorial_judgment;[];"Wyłączenie z listy API, z zachowaniem oryginału i możliwości przywrócenia; nie jest to ocena wartości historycznej."
354;c5f5433a-a2f2-5861-93b6-8407e672a72c;Zegar słoneczny;Łańcut;component;component;265;"Mała architektura lub pawilon w Parku Zamkowym; element spaceru po parku.";source_supported_editorial_judgment;['https://zamek-lancut.pl/zasady-zwiedzania'];Powiązanie nie zatwierdza automatycznie zdjęcia ani nie przenosi go na miejsce nadrzędne.
355;28ef02b4-ebf3-5729-a22f-4b8dff6c678b;Pomnik rozstrzelanych przez Niemców w 1944r.;Rzeszów;remove;removed;;"Kamień, tablica lub znak upamiętniający; lokalny punkt informacyjny bez osobnej aktywności turystycznej.";catalogue_and_editorial_judgment;[];"Wyłączenie z listy API, z zachowaniem oryginału i możliwości przywrócenia; nie jest to ocena wartości historycznej."
356;2755f99f-da65-5ee7-94d5-506f718d196e;Łysa Góra;Sędziszów Małopolski;remove;removed;;"W danych jest przede wszystkim nazwa i wysokość wzniesienia; brak podstaw do uznania go za osobny cel turystyczny w tej becie.";catalogue_and_editorial_judgment;[];"Wyłączenie z listy API, z zachowaniem oryginału i możliwości przywrócenia; nie jest to ocena wartości historycznej."
357;e30fa3ff-726f-562e-a8c1-27de08337e83;Święty Antoni;gmina Krasne;remove;removed;;"Przydrożna figura, krzyż lub lokalny pomnik sakralny; nie wybrano go jako samodzielnego celu ogólnej trasy turystycznej.";catalogue_and_editorial_judgment;[];"Wyłączenie z listy API, z zachowaniem oryginału i możliwości przywrócenia; nie jest to ocena wartości historycznej."
358;264826e0-fef5-5763-a8e9-bcc636a44475;Łysa Góra;Gwoźnica Górna;remove;removed;;"W danych jest przede wszystkim nazwa i wysokość wzniesienia; brak podstaw do uznania go za osobny cel turystyczny w tej becie.";catalogue_and_editorial_judgment;[];"Wyłączenie z listy API, z zachowaniem oryginału i możliwości przywrócenia; nie jest to ocena wartości historycznej."
359;4fd6a544-98f7-50e0-be6c-ebc137bd88c6;Ohel Naftalego Cwi Horowica z Ropczyc syna Menachema Mendla Rubina;Łańcut;remove;removed;;"Pojedynczy grobowiec; brak w katalogu większego miejsca/zweryfikowanej oferty trasy dziedzictwa. Wyłączony z samodzielnych przystanków beta.";catalogue_and_editorial_judgment;[];"Wyłączenie z listy API, z zachowaniem oryginału i możliwości przywrócenia; nie jest to ocena wartości historycznej."
360;5e4a3420-6473-5de6-a0dd-4d783854d6f7;Osada z epoki brązu;Rzeszów;remove;removed;;"Stanowisko/osada archeologiczna; wpis nie potwierdza ekspozycji ani pozostałości nadających się do oglądania. Wyłączone z beta, a nie uznane za bezwartościowe.";catalogue_and_editorial_judgment;[];"Wyłączenie z listy API, z zachowaniem oryginału i możliwości przywrócenia; nie jest to ocena wartości historycznej."
361;ba7eb092-50b0-52dc-a519-4de943836ddc;Szewski Stołek;Czarna Sędziszowska;remove;removed;;"W danych jest przede wszystkim nazwa i wysokość wzniesienia; brak podstaw do uznania go za osobny cel turystyczny w tej becie.";catalogue_and_editorial_judgment;[];"Wyłączenie z listy API, z zachowaniem oryginału i możliwości przywrócenia; nie jest to ocena wartości historycznej."
362;4300080d-8907-5f7e-b62c-29d6bbdd9ad0;Ohel Eleazara syna Cwi Elimelecha Szapiro z Dynowa;Łańcut;remove;removed;;"Pojedynczy grobowiec; brak w katalogu większego miejsca/zweryfikowanej oferty trasy dziedzictwa. Wyłączony z samodzielnych przystanków beta.";catalogue_and_editorial_judgment;[];"Wyłączenie z listy API, z zachowaniem oryginału i możliwości przywrócenia; nie jest to ocena wartości historycznej."
363;118e6638-0aee-504b-b5a9-ebb7237ca864;Św. Andrzej Bobola;Rzeszów;remove;removed;;"Przydrożna figura, krzyż lub lokalny pomnik sakralny; nie wybrano go jako samodzielnego celu ogólnej trasy turystycznej.";catalogue_and_editorial_judgment;[];"Wyłączenie z listy API, z zachowaniem oryginału i możliwości przywrócenia; nie jest to ocena wartości historycznej."
364;e77222f8-8eb6-5aca-8422-66ae69d9d201;Czabajka;Harta;keep;active;;"Wzniesienie powiązane z opublikowanym szlakiem PTTK; cel wycieczki pieszej.";source_supported_editorial_judgment;['https://www.pttk.rzeszow.pl/szlaki-turystyczne.html'];"Należy sprawdzić aktualny przebieg szlaku i dojście; nie wyznaczamy trasy w linii prostej."
365;a4212625-3158-529d-b65f-9965592d1a01;Stajnie;Łańcut;keep;active;;"Zabytek, ekspozycja, rzemiosło lub charakterystyczny obiekt sztuki publicznej; rozpoznawalny cel krótkiej wizyty.";source_supported_editorial_judgment;['https://zamek-lancut.pl/zasady-zwiedzania'];Dostępność i godziny wymagają osobnej weryfikacji przed planowaniem wizyty.
366;e11e80bd-62b8-518a-8753-28efada785b1;Osada z epoki brązu;Rzeszów;remove;removed;;"Stanowisko/osada archeologiczna; wpis nie potwierdza ekspozycji ani pozostałości nadających się do oglądania. Wyłączone z beta, a nie uznane za bezwartościowe.";catalogue_and_editorial_judgment;[];"Wyłączenie z listy API, z zachowaniem oryginału i możliwości przywrócenia; nie jest to ocena wartości historycznej."
367;e92936bd-83e7-549a-a20c-ff80be2876ab;Kopalina;Żarnowa;remove;removed;;"W danych jest przede wszystkim nazwa i wysokość wzniesienia; brak podstaw do uznania go za osobny cel turystyczny w tej becie.";catalogue_and_editorial_judgment;[];"Wyłączenie z listy API, z zachowaniem oryginału i możliwości przywrócenia; nie jest to ocena wartości historycznej."
368;f2b182c3-6519-5bae-835a-a97c8271ee16;Lew;Łańcut;component;component;265;"Mała architektura lub pawilon w Parku Zamkowym; element spaceru po parku.";source_supported_editorial_judgment;['https://zamek-lancut.pl/zasady-zwiedzania'];Powiązanie nie zatwierdza automatycznie zdjęcia ani nie przenosi go na miejsce nadrzędne.
369;f3f29c79-b64b-56f1-9efe-fc0d53edb1f9;Osada z epoki żelaza;Rzeszów;remove;removed;;"Stanowisko/osada archeologiczna; wpis nie potwierdza ekspozycji ani pozostałości nadających się do oglądania. Wyłączone z beta, a nie uznane za bezwartościowe.";catalogue_and_editorial_judgment;[];"Wyłączenie z listy API, z zachowaniem oryginału i możliwości przywrócenia; nie jest to ocena wartości historycznej."
370;c1f0f8f2-3540-5b2a-ac6f-978537ad4bdd;Kamieniec;Futoma;remove;removed;;"W danych jest przede wszystkim nazwa i wysokość wzniesienia; brak podstaw do uznania go za osobny cel turystyczny w tej becie.";catalogue_and_editorial_judgment;[];"Wyłączenie z listy API, z zachowaniem oryginału i możliwości przywrócenia; nie jest to ocena wartości historycznej."
371;bf3099d7-4944-599a-a520-11de9952a735;Zbiory Sztuki Cerkiewnej;Łańcut;keep;active;;"Zabytek, ekspozycja, rzemiosło lub charakterystyczny obiekt sztuki publicznej; rozpoznawalny cel krótkiej wizyty.";source_supported_editorial_judgment;['https://zamek-lancut.pl/zasady-zwiedzania'];Dostępność i godziny wymagają osobnej weryfikacji przed planowaniem wizyty.
372;91ee7140-e1b6-55fe-8a9f-5aad55883eba;Średniowieczny punkt osadniczy;Rzeszów;remove;removed;;"Stanowisko/osada archeologiczna; wpis nie potwierdza ekspozycji ani pozostałości nadających się do oglądania. Wyłączone z beta, a nie uznane za bezwartościowe.";catalogue_and_editorial_judgment;[];"Wyłączenie z listy API, z zachowaniem oryginału i możliwości przywrócenia; nie jest to ocena wartości historycznej."
373;40042705-a6ad-5ae5-bd73-5037e01ad472;Pod Przylaskiem;Dylągówka;remove;removed;;"W danych jest przede wszystkim nazwa i wysokość wzniesienia; brak podstaw do uznania go za osobny cel turystyczny w tej becie.";catalogue_and_editorial_judgment;[];"Wyłączenie z listy API, z zachowaniem oryginału i możliwości przywrócenia; nie jest to ocena wartości historycznej."
374;ccfbf17c-d659-5771-96c1-38e033cf9784;Św. Hubert;Łańcut;component;component;265;"Mała architektura lub pawilon w Parku Zamkowym; element spaceru po parku.";source_supported_editorial_judgment;['https://zamek-lancut.pl/zasady-zwiedzania'];Powiązanie nie zatwierdza automatycznie zdjęcia ani nie przenosi go na miejsce nadrzędne.
375;ae2b1a05-13ac-5912-9952-8213caba9a44;Głaz Grażyny Gęsickiej;Rzeszów;remove;removed;;"Kamień, tablica lub znak upamiętniający; lokalny punkt informacyjny bez osobnej aktywności turystycznej.";catalogue_and_editorial_judgment;[];"Wyłączenie z listy API, z zachowaniem oryginału i możliwości przywrócenia; nie jest to ocena wartości historycznej."
376;6b1c8064-22e3-5d4e-ba8b-fab3f2fbf649;Łysa Góra;Husów;remove;removed;;"W danych jest przede wszystkim nazwa i wysokość wzniesienia; brak podstaw do uznania go za osobny cel turystyczny w tej becie.";catalogue_and_editorial_judgment;[];"Wyłączenie z listy API, z zachowaniem oryginału i możliwości przywrócenia; nie jest to ocena wartości historycznej."
377;1e10261d-3a89-5d78-b5b2-8268d960ae1d;Bachus na panterze;Łańcut;component;component;265;"Mała architektura lub pawilon w Parku Zamkowym; element spaceru po parku.";source_supported_editorial_judgment;['https://zamek-lancut.pl/zasady-zwiedzania'];Powiązanie nie zatwierdza automatycznie zdjęcia ani nie przenosi go na miejsce nadrzędne.
378;025cb3f0-7173-55af-ba75-80637b8c7f72;Osada kultury ceramiki wstęgowej;Rzeszów;remove;removed;;"Stanowisko/osada archeologiczna; wpis nie potwierdza ekspozycji ani pozostałości nadających się do oglądania. Wyłączone z beta, a nie uznane za bezwartościowe.";catalogue_and_editorial_judgment;[];"Wyłączenie z listy API, z zachowaniem oryginału i możliwości przywrócenia; nie jest to ocena wartości historycznej."
379;b8d42f04-17be-59d3-b9f0-f7488dd7d208;Lotnisko;Kosina;remove;removed;;"W danych jest przede wszystkim nazwa i wysokość wzniesienia; brak podstaw do uznania go za osobny cel turystyczny w tej becie.";catalogue_and_editorial_judgment;[];"Wyłączenie z listy API, z zachowaniem oryginału i możliwości przywrócenia; nie jest to ocena wartości historycznej."
380;a2dcf217-f904-55fc-b8fc-b796a4039f7c;Kolumna z orłem;Łańcut;component;component;265;"Mała architektura lub pawilon w Parku Zamkowym; element spaceru po parku.";source_supported_editorial_judgment;['https://zamek-lancut.pl/zasady-zwiedzania'];Powiązanie nie zatwierdza automatycznie zdjęcia ani nie przenosi go na miejsce nadrzędne.
381;10193db2-b338-5c03-a6ce-cc812eac233b;Poległym Żołnierzom LWP i Armi Radzieckiej;Trzebownisko;remove;removed;;Lokalny pomnik lub upamiętnienie niewybrane do ograniczonego katalogu ogólnych tras beta. Można przywrócić dla trasy tematycznej.;catalogue_and_editorial_judgment;[];"Wyłączenie z listy API, z zachowaniem oryginału i możliwości przywrócenia; nie jest to ocena wartości historycznej."
382;24f42edb-383d-590a-9d7d-bc75ec539145;Ostra Góra;Dylągówka;remove;removed;;"W danych jest przede wszystkim nazwa i wysokość wzniesienia; brak podstaw do uznania go za osobny cel turystyczny w tej becie.";catalogue_and_editorial_judgment;[];"Wyłączenie z listy API, z zachowaniem oryginału i możliwości przywrócenia; nie jest to ocena wartości historycznej."
383;e1f99480-3899-537d-accb-781a7b828adf;Źródło Solanki;Sołonka;component;component;385;"Źródło solanki i sąsiednia tężnia tworzą jedno miejsce; źródło jako element tężni.";catalogue_and_editorial_judgment;[];Powiązanie nie zatwierdza automatycznie zdjęcia ani nie przenosi go na miejsce nadrzędne.
384;a10f5e3f-4600-5f08-b7f7-2200533d2350;Pomnik Jana Pawła II;Rzeszów;remove;removed;;"Przydrożna figura, krzyż lub lokalny pomnik sakralny; nie wybrano go jako samodzielnego celu ogólnej trasy turystycznej.";catalogue_and_editorial_judgment;[];"Wyłączenie z listy API, z zachowaniem oryginału i możliwości przywrócenia; nie jest to ocena wartości historycznej."
385;8c324bbd-4387-52f7-9f06-dc51a97db6fe;Tężnia solankowa;Sołonka;keep;active;;"Zabytek, ekspozycja, rzemiosło lub charakterystyczny obiekt sztuki publicznej; rozpoznawalny cel krótkiej wizyty.";catalogue_and_editorial_judgment;[];Dostępność i godziny wymagają osobnej weryfikacji przed planowaniem wizyty.
386;52b15166-2c0e-511e-be5c-f0dc4606769d;Polegli legioniści;Zaczernie;remove;removed;;Lokalny pomnik lub upamiętnienie niewybrane do ograniczonego katalogu ogólnych tras beta. Można przywrócić dla trasy tematycznej.;catalogue_and_editorial_judgment;[];"Wyłączenie z listy API, z zachowaniem oryginału i możliwości przywrócenia; nie jest to ocena wartości historycznej."
387;1dd3c977-3aa3-53c7-949a-7bac9b097ace;Czubata Górka;Czarna Sędziszowska;remove;removed;;"W danych jest przede wszystkim nazwa i wysokość wzniesienia; brak podstaw do uznania go za osobny cel turystyczny w tej becie.";catalogue_and_editorial_judgment;[];"Wyłączenie z listy API, z zachowaniem oryginału i możliwości przywrócenia; nie jest to ocena wartości historycznej."
388;8f480195-283a-504c-bbf1-19dbbd2db679;Diana z jeleniem;Łańcut;component;component;265;"Mała architektura lub pawilon w Parku Zamkowym; element spaceru po parku.";source_supported_editorial_judgment;['https://zamek-lancut.pl/zasady-zwiedzania'];Powiązanie nie zatwierdza automatycznie zdjęcia ani nie przenosi go na miejsce nadrzędne.
390;c17340e4-f9e2-5692-89f2-f9ec2d1d11c0;Wychylówka;Pstrągowa;remove;removed;;"W danych jest przede wszystkim nazwa i wysokość wzniesienia; brak podstaw do uznania go za osobny cel turystyczny w tej becie.";catalogue_and_editorial_judgment;[];"Wyłączenie z listy API, z zachowaniem oryginału i możliwości przywrócenia; nie jest to ocena wartości historycznej."
391;d9db25ab-f26e-50dc-a421-f08995906e70;Młodzieniec walczący z wężem;Łańcut;component;component;265;"Mała architektura lub pawilon w Parku Zamkowym; element spaceru po parku.";source_supported_editorial_judgment;['https://zamek-lancut.pl/zasady-zwiedzania'];Powiązanie nie zatwierdza automatycznie zdjęcia ani nie przenosi go na miejsce nadrzędne.
392;4ffa5058-3c73-5e39-83c6-1b856bf15f62;Osada z epoki żelaza;Rudna Wielka;remove;removed;;"Stanowisko/osada archeologiczna; wpis nie potwierdza ekspozycji ani pozostałości nadających się do oglądania. Wyłączone z beta, a nie uznane za bezwartościowe.";catalogue_and_editorial_judgment;[];"Wyłączenie z listy API, z zachowaniem oryginału i możliwości przywrócenia; nie jest to ocena wartości historycznej."
393;4f2b63d0-121d-5ca6-8eef-d0c6c1a82313;Pomnik św. Floriana;Łańcut;remove;removed;;"Przydrożna figura, krzyż lub lokalny pomnik sakralny; nie wybrano go jako samodzielnego celu ogólnej trasy turystycznej.";catalogue_and_editorial_judgment;[];"Wyłączenie z listy API, z zachowaniem oryginału i możliwości przywrócenia; nie jest to ocena wartości historycznej."
394;893fd280-58d1-5326-a4cd-cff9486522e3;Pamięci rozstrzelanym przez hitlerowców;Rudna Wielka;remove;removed;;Lokalny pomnik lub upamiętnienie niewybrane do ograniczonego katalogu ogólnych tras beta. Można przywrócić dla trasy tematycznej.;catalogue_and_editorial_judgment;[];"Wyłączenie z listy API, z zachowaniem oryginału i możliwości przywrócenia; nie jest to ocena wartości historycznej."
395;3a587184-063c-5929-92a3-fbdf8861f902;Sad Pamięci;Markowa;component;component;137;"Sad Pamięci jest integralną częścią Muzeum im. Ulmów; jedna wizyta.";source_supported_editorial_judgment;['https://muzeumulmow.pl/pl/muzeum/sad-pamieci/'];Powiązanie nie zatwierdza automatycznie zdjęcia ani nie przenosi go na miejsce nadrzędne.
396;4fdff093-4848-5ec2-9c84-0ab8dd91c897;Storczykarnia;Łańcut;keep;active;;"Zabytek, ekspozycja, rzemiosło lub charakterystyczny obiekt sztuki publicznej; rozpoznawalny cel krótkiej wizyty.";source_supported_editorial_judgment;['https://zamek-lancut.pl/zasady-zwiedzania'];Dostępność i godziny wymagają osobnej weryfikacji przed planowaniem wizyty.
397;e167f466-f7f0-5ba1-97ce-8fc3caa99804;Krzyż Juliana Babiaka;Boguchwała;remove;removed;;"Przydrożna figura, krzyż lub lokalny pomnik sakralny; nie wybrano go jako samodzielnego celu ogólnej trasy turystycznej.";catalogue_and_editorial_judgment;[];"Wyłączenie z listy API, z zachowaniem oryginału i możliwości przywrócenia; nie jest to ocena wartości historycznej."
398;c0baf8fb-fb09-55ad-81e8-d2a39493a2ec;Patryja;Tarnawka;remove;removed;;"W danych jest przede wszystkim nazwa i wysokość wzniesienia; brak podstaw do uznania go za osobny cel turystyczny w tej becie.";catalogue_and_editorial_judgment;[];"Wyłączenie z listy API, z zachowaniem oryginału i możliwości przywrócenia; nie jest to ocena wartości historycznej."
399;c9009f61-fb24-5df7-8c1f-5e657d8ae294;Zameczek Romantyczny;Łańcut;component;component;265;"Mała architektura lub pawilon w Parku Zamkowym; element spaceru po parku.";source_supported_editorial_judgment;['https://zamek-lancut.pl/zasady-zwiedzania'];Powiązanie nie zatwierdza automatycznie zdjęcia ani nie przenosi go na miejsce nadrzędne.
400;bd146b80-e78e-5401-855c-3f9ec9bd019d;Mogiła żołnierzy AK;Boguchwała;remove;removed;;Lokalny pomnik lub upamiętnienie niewybrane do ograniczonego katalogu ogólnych tras beta. Można przywrócić dla trasy tematycznej.;catalogue_and_editorial_judgment;[];"Wyłączenie z listy API, z zachowaniem oryginału i możliwości przywrócenia; nie jest to ocena wartości historycznej."
401;cae52fa3-c9d5-5217-9e03-0b1753706d81;Mogiła;Markowa;remove;removed;;"W danych jest przede wszystkim nazwa i wysokość wzniesienia; brak podstaw do uznania go za osobny cel turystyczny w tej becie.";catalogue_and_editorial_judgment;[];"Wyłączenie z listy API, z zachowaniem oryginału i możliwości przywrócenia; nie jest to ocena wartości historycznej."
402;ec978983-b86f-5342-a80d-f91b4ce3efe7;Pracownia rodziny Plizgów;Medynia Głogowska;keep;active;;"Zabytek, ekspozycja, rzemiosło lub charakterystyczny obiekt sztuki publicznej; rozpoznawalny cel krótkiej wizyty.";catalogue_and_editorial_judgment;[];Dostępność i godziny wymagają osobnej weryfikacji przed planowaniem wizyty.
403;462a2ac2-8ec2-5b5b-b3c5-b3f5c13dea61;Grunwald 1410-1910;Boguchwała;remove;removed;;Lokalny pomnik lub upamiętnienie niewybrane do ograniczonego katalogu ogólnych tras beta. Można przywrócić dla trasy tematycznej.;catalogue_and_editorial_judgment;[];"Wyłączenie z listy API, z zachowaniem oryginału i możliwości przywrócenia; nie jest to ocena wartości historycznej."
404;5db6589d-b1c6-5cfa-b6be-8625b4ff3f09;Wielki Dział;Szklary;remove;removed;;"W danych jest przede wszystkim nazwa i wysokość wzniesienia; brak podstaw do uznania go za osobny cel turystyczny w tej becie.";catalogue_and_editorial_judgment;[];"Wyłączenie z listy API, z zachowaniem oryginału i możliwości przywrócenia; nie jest to ocena wartości historycznej."
405;7840bd8b-6127-5174-87e0-d9437bff8229;Pawilon (Elizin);Łańcut;component;component;265;"Mała architektura lub pawilon w Parku Zamkowym; element spaceru po parku.";source_supported_editorial_judgment;['https://zamek-lancut.pl/zasady-zwiedzania'];Powiązanie nie zatwierdza automatycznie zdjęcia ani nie przenosi go na miejsce nadrzędne.
406;3115eee2-02a3-5970-810b-22884d980695;600-lecie militarnego zwycięstwa pod Grunwaldem 1410-2010;Boguchwała;remove;removed;;"Kamień, tablica lub znak upamiętniający; lokalny punkt informacyjny bez osobnej aktywności turystycznej.";catalogue_and_editorial_judgment;[];"Wyłączenie z listy API, z zachowaniem oryginału i możliwości przywrócenia; nie jest to ocena wartości historycznej."
407;dcc84dbe-aef1-57d7-ab12-3e45391a0d67;Sępia;Bystrzyca;remove;removed;;"W danych jest przede wszystkim nazwa i wysokość wzniesienia; brak podstaw do uznania go za osobny cel turystyczny w tej becie.";catalogue_and_editorial_judgment;[];"Wyłączenie z listy API, z zachowaniem oryginału i możliwości przywrócenia; nie jest to ocena wartości historycznej."
408;3e8191ab-59e9-5878-9b58-bc845351414d;Papież JPII;Połomia;remove;removed;;Drobna dekoracja, figura lub instalacja niewybrana jako samodzielny cel wycieczki w becie.;catalogue_and_editorial_judgment;[];"Wyłączenie z listy API, z zachowaniem oryginału i możliwości przywrócenia; nie jest to ocena wartości historycznej."
409;03c3b588-ad20-54d2-9433-8ea3cef65554;Tadeusz Kościuszko;Boguchwała;remove;removed;;Lokalny pomnik lub upamiętnienie niewybrane do ograniczonego katalogu ogólnych tras beta. Można przywrócić dla trasy tematycznej.;catalogue_and_editorial_judgment;[];"Wyłączenie z listy API, z zachowaniem oryginału i możliwości przywrócenia; nie jest to ocena wartości historycznej."
410;5dd73563-8566-569c-a47d-2d0b2dcfe820;Ostry Stok;Hadle Szklarskie;remove;removed;;"W danych jest przede wszystkim nazwa i wysokość wzniesienia; brak podstaw do uznania go za osobny cel turystyczny w tej becie.";catalogue_and_editorial_judgment;[];"Wyłączenie z listy API, z zachowaniem oryginału i możliwości przywrócenia; nie jest to ocena wartości historycznej."
411;6320ffb7-d70a-592c-98dd-dfe00c9fdcb6;Gmina Błażowa – Naturalnie Nowoczesna;Błażowa;keep;awaiting_photo;;"Mural zachowany zgodnie z wcześniejszą decyzją użytkownika; wymaga poprawnie dopasowanego i zatwierdzonego zdjęcia.";previous_user_decision;[];Nie jest aktywną atrakcją i nie trafi do planowania przed uzyskaniem zdjęcia.
413;57fa7ec4-394c-5f74-a4ef-648244e73664;Buczkowskie;Konieczkowa;remove;removed;;"W danych jest przede wszystkim nazwa i wysokość wzniesienia; brak podstaw do uznania go za osobny cel turystyczny w tej becie.";catalogue_and_editorial_judgment;[];"Wyłączenie z listy API, z zachowaniem oryginału i możliwości przywrócenia; nie jest to ocena wartości historycznej."
414;d7ee838c-378d-5b28-a6af-12c028103941;Jana Pawła II;Wesoła;remove;removed;;"Przydrożna figura, krzyż lub lokalny pomnik sakralny; nie wybrano go jako samodzielnego celu ogólnej trasy turystycznej.";catalogue_and_editorial_judgment;[];"Wyłączenie z listy API, z zachowaniem oryginału i możliwości przywrócenia; nie jest to ocena wartości historycznej."
415;2bfec098-4b01-50a2-80df-32ff058055de;Pomnik Grunwaldu;Rzeszów;keep;active;;"Wybrany pomnik, rynek, miejsce pamięci lub pozostałość fortyfikacji o wartości krajoznawczej; może być krótkim przystankiem.";source_supported_editorial_judgment;['https://erzeszow.pl/1073-zabytki-rzeszowa/24283-pomniki.html'];Dostępność i godziny wymagają osobnej weryfikacji przed planowaniem wizyty.
416;3cb42e21-d360-5e4d-8b66-2469f43093c5;Kamienica;Futoma;remove;removed;;"W danych jest przede wszystkim nazwa i wysokość wzniesienia; brak podstaw do uznania go za osobny cel turystyczny w tej becie.";catalogue_and_editorial_judgment;[];"Wyłączenie z listy API, z zachowaniem oryginału i możliwości przywrócenia; nie jest to ocena wartości historycznej."
417;5c0cf656-6499-5b87-8485-5831422906fa;św. Florian;Widełka;remove;removed;;"Przydrożna figura, krzyż lub lokalny pomnik sakralny; nie wybrano go jako samodzielnego celu ogólnej trasy turystycznej.";catalogue_and_editorial_judgment;[];"Wyłączenie z listy API, z zachowaniem oryginału i możliwości przywrócenia; nie jest to ocena wartości historycznej."
419;8596b9d9-2934-5b14-8f15-df7a83d492f5;Góra Żarnowska;Strzyżów;remove;removed;;"W danych jest przede wszystkim nazwa i wysokość wzniesienia; brak podstaw do uznania go za osobny cel turystyczny w tej becie.";catalogue_and_editorial_judgment;[];"Wyłączenie z listy API, z zachowaniem oryginału i możliwości przywrócenia; nie jest to ocena wartości historycznej."
420;1fcd1719-3697-55d6-b532-78ee081d779d;św. Michał Archanioł;Widełka;remove;removed;;"Przydrożna figura, krzyż lub lokalny pomnik sakralny; nie wybrano go jako samodzielnego celu ogólnej trasy turystycznej.";catalogue_and_editorial_judgment;[];"Wyłączenie z listy API, z zachowaniem oryginału i możliwości przywrócenia; nie jest to ocena wartości historycznej."
421;72770cb3-93cc-5569-97e1-efde64194c76;Stanowisko z epoki żelaza;Głogów Małopolski;remove;removed;;"Stanowisko/osada archeologiczna; wpis nie potwierdza ekspozycji ani pozostałości nadających się do oglądania. Wyłączone z beta, a nie uznane za bezwartościowe.";catalogue_and_editorial_judgment;[];"Wyłączenie z listy API, z zachowaniem oryginału i możliwości przywrócenia; nie jest to ocena wartości historycznej."
422;8c4614ae-253d-5c1b-9ab0-62c7d0b3bdbd;Kozłowa Góra;Gwoźnica Górna;remove;removed;;"W danych jest przede wszystkim nazwa i wysokość wzniesienia; brak podstaw do uznania go za osobny cel turystyczny w tej becie.";catalogue_and_editorial_judgment;[];"Wyłączenie z listy API, z zachowaniem oryginału i możliwości przywrócenia; nie jest to ocena wartości historycznej."
423;97e15085-06e9-51bb-ab0e-8474c15ebb8e;Jan Paweł II;Widełka;remove;removed;;"Przydrożna figura, krzyż lub lokalny pomnik sakralny; nie wybrano go jako samodzielnego celu ogólnej trasy turystycznej.";catalogue_and_editorial_judgment;[];"Wyłączenie z listy API, z zachowaniem oryginału i możliwości przywrócenia; nie jest to ocena wartości historycznej."
424;40ccd1a8-a712-5b32-b352-7b91062c20ce;Ludwik Wodzicki;Tyczyn;remove;removed;;Lokalny pomnik lub upamiętnienie niewybrane do ograniczonego katalogu ogólnych tras beta. Można przywrócić dla trasy tematycznej.;catalogue_and_editorial_judgment;[];"Wyłączenie z listy API, z zachowaniem oryginału i możliwości przywrócenia; nie jest to ocena wartości historycznej."
425;5191ffe3-abc7-5420-8f76-999bc95c7808;Spalona Baba;Lipnik;remove;removed;;"W danych jest przede wszystkim nazwa i wysokość wzniesienia; brak podstaw do uznania go za osobny cel turystyczny w tej becie.";catalogue_and_editorial_judgment;[];"Wyłączenie z listy API, z zachowaniem oryginału i możliwości przywrócenia; nie jest to ocena wartości historycznej."
426;5ae84e53-ab0e-5234-8467-b9dfaca684ed;św. Florian;Kupno;remove;removed;;"Przydrożna figura, krzyż lub lokalny pomnik sakralny; nie wybrano go jako samodzielnego celu ogólnej trasy turystycznej.";catalogue_and_editorial_judgment;[];"Wyłączenie z listy API, z zachowaniem oryginału i możliwości przywrócenia; nie jest to ocena wartości historycznej."
427;f17c3009-78e3-5546-8de8-de72f576f3cd;Pamiątka kościoła św. Krzyża;Tyczyn;remove;removed;;"Przydrożna figura, krzyż lub lokalny pomnik sakralny; nie wybrano go jako samodzielnego celu ogólnej trasy turystycznej.";catalogue_and_editorial_judgment;[];"Wyłączenie z listy API, z zachowaniem oryginału i możliwości przywrócenia; nie jest to ocena wartości historycznej."
428;ad155e4c-5a76-597f-bda2-55b185f91395;Kozia Góra;Kąkolówka;remove;removed;;"W danych jest przede wszystkim nazwa i wysokość wzniesienia; brak podstaw do uznania go za osobny cel turystyczny w tej becie.";catalogue_and_editorial_judgment;[];"Wyłączenie z listy API, z zachowaniem oryginału i możliwości przywrócenia; nie jest to ocena wartości historycznej."
429;6e0d3e00-fee4-5776-8cfa-ae0647cc051e;Dawna Karczma drewniana, 1 ćw. XIX w;Rakszawa;keep;active;;"Zabytek, ekspozycja, rzemiosło lub charakterystyczny obiekt sztuki publicznej; rozpoznawalny cel krótkiej wizyty.";catalogue_and_editorial_judgment;[];Dostępność i godziny wymagają osobnej weryfikacji przed planowaniem wizyty.
430;17da7af3-32e9-5cfb-956a-c930fb0b6702;Jubileusz Grunwaldu 1410-1910;Tyczyn;remove;removed;;Lokalny pomnik lub upamiętnienie niewybrane do ograniczonego katalogu ogólnych tras beta. Można przywrócić dla trasy tematycznej.;catalogue_and_editorial_judgment;[];"Wyłączenie z listy API, z zachowaniem oryginału i możliwości przywrócenia; nie jest to ocena wartości historycznej."
431;d3d85904-511b-50dc-a70d-89db106dd8fb;Kamienna Góra;Kąkolówka;remove;removed;;"W danych jest przede wszystkim nazwa i wysokość wzniesienia; brak podstaw do uznania go za osobny cel turystyczny w tej becie.";catalogue_and_editorial_judgment;[];"Wyłączenie z listy API, z zachowaniem oryginału i możliwości przywrócenia; nie jest to ocena wartości historycznej."
432;cc5b9c7f-6ab0-590b-bf65-7e4a13aabddf;św. Onufry;Sokołów Małopolski;remove;removed;;"Przydrożna figura, krzyż lub lokalny pomnik sakralny; nie wybrano go jako samodzielnego celu ogólnej trasy turystycznej.";catalogue_and_editorial_judgment;[];"Wyłączenie z listy API, z zachowaniem oryginału i możliwości przywrócenia; nie jest to ocena wartości historycznej."
434;5764303f-5fff-5153-997d-25040b8ec2d8;Góra Białówka;Tropie;remove;removed;;"W danych jest przede wszystkim nazwa i wysokość wzniesienia; brak podstaw do uznania go za osobny cel turystyczny w tej becie.";catalogue_and_editorial_judgment;[];"Wyłączenie z listy API, z zachowaniem oryginału i możliwości przywrócenia; nie jest to ocena wartości historycznej."
435;9960bdb4-08b6-5962-b9d3-ae4f7382b8bc;Edukacyjna Zagroda Szmer;Godowa;keep;active;;"Zabytek, ekspozycja, rzemiosło lub charakterystyczny obiekt sztuki publicznej; rozpoznawalny cel krótkiej wizyty.";catalogue_and_editorial_judgment;[];Dostępność i godziny wymagają osobnej weryfikacji przed planowaniem wizyty.
437;5ba3838b-07fb-5bce-9860-df2bc4bd3479;Kłapacz;Pstrągowa;remove;removed;;"W danych jest przede wszystkim nazwa i wysokość wzniesienia; brak podstaw do uznania go za osobny cel turystyczny w tej becie.";catalogue_and_editorial_judgment;[];"Wyłączenie z listy API, z zachowaniem oryginału i możliwości przywrócenia; nie jest to ocena wartości historycznej."
438;1da9e6ee-c79d-55fe-815e-f538e4985f42;Pomnik Czynu Patriotycznego A.D. 1991;Tyczyn;remove;removed;;Lokalny pomnik lub upamiętnienie niewybrane do ograniczonego katalogu ogólnych tras beta. Można przywrócić dla trasy tematycznej.;catalogue_and_editorial_judgment;[];"Wyłączenie z listy API, z zachowaniem oryginału i możliwości przywrócenia; nie jest to ocena wartości historycznej."
439;4cf50d5e-9c6d-568d-b8fe-f1dedfef2912;Górki;Markowa;remove;removed;;"W danych jest przede wszystkim nazwa i wysokość wzniesienia; brak podstaw do uznania go za osobny cel turystyczny w tej becie.";catalogue_and_editorial_judgment;[];"Wyłączenie z listy API, z zachowaniem oryginału i możliwości przywrócenia; nie jest to ocena wartości historycznej."
440;dee108c3-4877-5881-a17a-06bc06cf7168;Jan Paweł II;Boguchwała;remove;removed;;"Przydrożna figura, krzyż lub lokalny pomnik sakralny; nie wybrano go jako samodzielnego celu ogólnej trasy turystycznej.";catalogue_and_editorial_judgment;[];"Wyłączenie z listy API, z zachowaniem oryginału i możliwości przywrócenia; nie jest to ocena wartości historycznej."
441;6ad01847-03c6-5cfe-8a4e-1faf5c429b45;Dział;Konieczkowa;remove;removed;;"W danych jest przede wszystkim nazwa i wysokość wzniesienia; brak podstaw do uznania go za osobny cel turystyczny w tej becie.";catalogue_and_editorial_judgment;[];"Wyłączenie z listy API, z zachowaniem oryginału i możliwości przywrócenia; nie jest to ocena wartości historycznej."
442;265d3775-f588-5b69-9367-e21f5c66f132;Pamięci Pomordowanych przez Hitlerowców Członków Ruchu Oporu;Rzeszów;remove;removed;;"Kamień, tablica lub znak upamiętniający; lokalny punkt informacyjny bez osobnej aktywności turystycznej.";catalogue_and_editorial_judgment;[];"Wyłączenie z listy API, z zachowaniem oryginału i możliwości przywrócenia; nie jest to ocena wartości historycznej."
443;cbc5635c-146f-5cdf-9ed8-4d1c3820fd0b;Bulcowa;Konieczkowa;remove;removed;;"W danych jest przede wszystkim nazwa i wysokość wzniesienia; brak podstaw do uznania go za osobny cel turystyczny w tej becie.";catalogue_and_editorial_judgment;[];"Wyłączenie z listy API, z zachowaniem oryginału i możliwości przywrócenia; nie jest to ocena wartości historycznej."
444;560507cf-bbc4-50a2-96e7-c104be88b4e1;Osada z epoki brązu;Mrowla;remove;removed;;"Stanowisko/osada archeologiczna; wpis nie potwierdza ekspozycji ani pozostałości nadających się do oglądania. Wyłączone z beta, a nie uznane za bezwartościowe.";catalogue_and_editorial_judgment;[];"Wyłączenie z listy API, z zachowaniem oryginału i możliwości przywrócenia; nie jest to ocena wartości historycznej."
445;5c95ee20-c766-5f1e-bbf0-a2aa20e2794b;Zagranicze;Domatków;remove;removed;;"W danych jest przede wszystkim nazwa i wysokość wzniesienia; brak podstaw do uznania go za osobny cel turystyczny w tej becie.";catalogue_and_editorial_judgment;[];"Wyłączenie z listy API, z zachowaniem oryginału i możliwości przywrócenia; nie jest to ocena wartości historycznej."
446;80e3b0d6-d18b-55aa-a8e9-4269f3e0c460;św. Florian;Jasionka;remove;removed;;"Przydrożna figura, krzyż lub lokalny pomnik sakralny; nie wybrano go jako samodzielnego celu ogólnej trasy turystycznej.";catalogue_and_editorial_judgment;[];"Wyłączenie z listy API, z zachowaniem oryginału i możliwości przywrócenia; nie jest to ocena wartości historycznej."
447;7230d48c-139c-5576-b4bb-7b95466f4d4c;Jamne;Gwoźnica Górna;remove;removed;;"W danych jest przede wszystkim nazwa i wysokość wzniesienia; brak podstaw do uznania go za osobny cel turystyczny w tej becie.";catalogue_and_editorial_judgment;[];"Wyłączenie z listy API, z zachowaniem oryginału i możliwości przywrócenia; nie jest to ocena wartości historycznej."
448;4d6e9031-1bcc-5943-8b68-70447e00e5db;Grunwald;Jasionka;remove;removed;;"Kamień, tablica lub znak upamiętniający; lokalny punkt informacyjny bez osobnej aktywności turystycznej.";catalogue_and_editorial_judgment;[];"Wyłączenie z listy API, z zachowaniem oryginału i możliwości przywrócenia; nie jest to ocena wartości historycznej."
449;43499101-63c6-5478-99dc-e036baee167b;Stawiska;Harta;remove;removed;;"W danych jest przede wszystkim nazwa i wysokość wzniesienia; brak podstaw do uznania go za osobny cel turystyczny w tej becie.";catalogue_and_editorial_judgment;[];"Wyłączenie z listy API, z zachowaniem oryginału i możliwości przywrócenia; nie jest to ocena wartości historycznej."
450;9df8930e-18b5-5678-a714-af219ce30e99;Grodzisko;Mrowla;keep;active;;"Wybrany pomnik, rynek, miejsce pamięci lub pozostałość fortyfikacji o wartości krajoznawczej; może być krótkim przystankiem.";catalogue_and_editorial_judgment;[];Dostępność i godziny wymagają osobnej weryfikacji przed planowaniem wizyty.
451;d0ca77bd-9163-5359-a653-6e42fc18648b;Łysa Góra;Werynia;remove;removed;;"W danych jest przede wszystkim nazwa i wysokość wzniesienia; brak podstaw do uznania go za osobny cel turystyczny w tej becie.";catalogue_and_editorial_judgment;[];"Wyłączenie z listy API, z zachowaniem oryginału i możliwości przywrócenia; nie jest to ocena wartości historycznej."
452;f0c453f9-1dd1-5e01-9717-33012c505ffb;Dwudziestolecie Niepodległości 1918-1938;Mogielnica;remove;removed;;"Przydrożna figura, krzyż lub lokalny pomnik sakralny; nie wybrano go jako samodzielnego celu ogólnej trasy turystycznej.";catalogue_and_editorial_judgment;[];"Wyłączenie z listy API, z zachowaniem oryginału i możliwości przywrócenia; nie jest to ocena wartości historycznej."
453;98fbc59a-5f4a-5aa4-93ed-c821ea034587;Stanciówka;Barycz;remove;removed;;"W danych jest przede wszystkim nazwa i wysokość wzniesienia; brak podstaw do uznania go za osobny cel turystyczny w tej becie.";catalogue_and_editorial_judgment;[];"Wyłączenie z listy API, z zachowaniem oryginału i możliwości przywrócenia; nie jest to ocena wartości historycznej."
454;a2269ff2-c07e-5010-89f2-a8b27328dafe;Figura Chrystusa;Jasionka;remove;removed;;"Przydrożna figura, krzyż lub lokalny pomnik sakralny; nie wybrano go jako samodzielnego celu ogólnej trasy turystycznej.";catalogue_and_editorial_judgment;[];"Wyłączenie z listy API, z zachowaniem oryginału i możliwości przywrócenia; nie jest to ocena wartości historycznej."
455;c0aabe73-7a4b-5457-a685-cbe4f8b11cc7;Szklarska Góra;Szklary;remove;removed;;"W danych jest przede wszystkim nazwa i wysokość wzniesienia; brak podstaw do uznania go za osobny cel turystyczny w tej becie.";catalogue_and_editorial_judgment;[];"Wyłączenie z listy API, z zachowaniem oryginału i możliwości przywrócenia; nie jest to ocena wartości historycznej."
456;821a256d-38d5-5f31-b282-78b013dea520;Archanioł Michał;Jasionka;remove;removed;;Lokalny pomnik lub upamiętnienie niewybrane do ograniczonego katalogu ogólnych tras beta. Można przywrócić dla trasy tematycznej.;catalogue_and_editorial_judgment;[];"Wyłączenie z listy API, z zachowaniem oryginału i możliwości przywrócenia; nie jest to ocena wartości historycznej."
457;4721c35c-0360-547d-b0cc-cbeaa29ca259;Kamionka;Barycz;remove;removed;;"W danych jest przede wszystkim nazwa i wysokość wzniesienia; brak podstaw do uznania go za osobny cel turystyczny w tej becie.";catalogue_and_editorial_judgment;[];"Wyłączenie z listy API, z zachowaniem oryginału i możliwości przywrócenia; nie jest to ocena wartości historycznej."
459;393d0a8f-98fb-5814-8440-ffb172a1e106;Kąt;Grodzisko;remove;removed;;"W danych jest przede wszystkim nazwa i wysokość wzniesienia; brak podstaw do uznania go za osobny cel turystyczny w tej becie.";catalogue_and_editorial_judgment;[];"Wyłączenie z listy API, z zachowaniem oryginału i możliwości przywrócenia; nie jest to ocena wartości historycznej."
460;ccb1769f-e79c-5df7-811e-05a1f08c52d8;Zbiorowa Mogiła Żydowska;Głogów Małopolski;keep;active;;"Wybrany pomnik, rynek, miejsce pamięci lub pozostałość fortyfikacji o wartości krajoznawczej; może być krótkim przystankiem.";catalogue_and_editorial_judgment;[];Dostępność i godziny wymagają osobnej weryfikacji przed planowaniem wizyty.
461;807787ce-4776-584f-8dd5-08bc18ab2b72;Kamieniec;Nawsie;remove;removed;;"W danych jest przede wszystkim nazwa i wysokość wzniesienia; brak podstaw do uznania go za osobny cel turystyczny w tej becie.";catalogue_and_editorial_judgment;[];"Wyłączenie z listy API, z zachowaniem oryginału i możliwości przywrócenia; nie jest to ocena wartości historycznej."
462;6e6e1184-5330-5020-957d-df7e42405cd0;Pomink pamięci poległych Żydów;Głogów Małopolski;remove;removed;;Lokalny pomnik lub upamiętnienie niewybrane do ograniczonego katalogu ogólnych tras beta. Można przywrócić dla trasy tematycznej.;catalogue_and_editorial_judgment;[];"Wyłączenie z listy API, z zachowaniem oryginału i możliwości przywrócenia; nie jest to ocena wartości historycznej."
463;17616862-4164-59be-85ca-34258edd4c12;Planty;Strzyżów;keep;active;;"Park, planty, bulwary lub historyczny zespół zieleni; miejsce na spacer, a nie pojedynczy mały skwer.";catalogue_and_editorial_judgment;[];Dostępność i godziny wymagają osobnej weryfikacji przed planowaniem wizyty.
464;c4bf8b71-fdcc-5ac3-9d4c-6c3b606f6e32;Łysa Góra;Wólka Niedźwiedzka;remove;removed;;"W danych jest przede wszystkim nazwa i wysokość wzniesienia; brak podstaw do uznania go za osobny cel turystyczny w tej becie.";catalogue_and_editorial_judgment;[];"Wyłączenie z listy API, z zachowaniem oryginału i możliwości przywrócenia; nie jest to ocena wartości historycznej."
465;fbe6e3f0-9427-5a44-8e4f-0d8363b998ed;300km dróg;Rzeszów;remove;removed;;Lokalny pomnik lub upamiętnienie niewybrane do ograniczonego katalogu ogólnych tras beta. Można przywrócić dla trasy tematycznej.;catalogue_and_editorial_judgment;[];"Wyłączenie z listy API, z zachowaniem oryginału i możliwości przywrócenia; nie jest to ocena wartości historycznej."
466;70ec8715-3f38-5fc8-ae10-37367562a870;Park dworski;Hadle Szklarskie;keep;active;;"Park, planty, bulwary lub historyczny zespół zieleni; miejsce na spacer, a nie pojedynczy mały skwer.";catalogue_and_editorial_judgment;[];Dostępność i godziny wymagają osobnej weryfikacji przed planowaniem wizyty.
467;ef45a698-0305-508b-83bd-3601613e337c;Bohaterom Poległym za Wolność w Rocznicę Powstania;Borek Stary;remove;removed;;Lokalny pomnik lub upamiętnienie niewybrane do ograniczonego katalogu ogólnych tras beta. Można przywrócić dla trasy tematycznej.;catalogue_and_editorial_judgment;[];"Wyłączenie z listy API, z zachowaniem oryginału i możliwości przywrócenia; nie jest to ocena wartości historycznej."
468;221cf464-32cf-50fc-9d30-804ffea43488;Łysa Góra;Gnojnica;remove;removed;;"W danych jest przede wszystkim nazwa i wysokość wzniesienia; brak podstaw do uznania go za osobny cel turystyczny w tej becie.";catalogue_and_editorial_judgment;[];"Wyłączenie z listy API, z zachowaniem oryginału i możliwości przywrócenia; nie jest to ocena wartości historycznej."
469;66604d58-b4d7-5c98-8544-d9aa6cfd1da8;Pomnik św. Floriana;Tyczyn;remove;removed;;"Przydrożna figura, krzyż lub lokalny pomnik sakralny; nie wybrano go jako samodzielnego celu ogólnej trasy turystycznej.";catalogue_and_editorial_judgment;[];"Wyłączenie z listy API, z zachowaniem oryginału i możliwości przywrócenia; nie jest to ocena wartości historycznej."
470;71cf896d-59a5-5035-a3b9-0089d4b29755;Babia Góra;Lutcza;remove;removed;;"W danych jest przede wszystkim nazwa i wysokość wzniesienia; brak podstaw do uznania go za osobny cel turystyczny w tej becie.";catalogue_and_editorial_judgment;[];"Wyłączenie z listy API, z zachowaniem oryginału i możliwości przywrócenia; nie jest to ocena wartości historycznej."
471;2654b257-54b7-5d87-abaa-9ed6b49b9821;Pomnik Chwały Grunwaldzkiej;Kraczkowa;remove;removed;;Lokalny pomnik lub upamiętnienie niewybrane do ograniczonego katalogu ogólnych tras beta. Można przywrócić dla trasy tematycznej.;catalogue_and_editorial_judgment;[];"Wyłączenie z listy API, z zachowaniem oryginału i możliwości przywrócenia; nie jest to ocena wartości historycznej."
472;ec0c6be9-9bf9-512b-ada1-f2a95240cdc3;Bąkowa Górka;Markowa;remove;removed;;"W danych jest przede wszystkim nazwa i wysokość wzniesienia; brak podstaw do uznania go za osobny cel turystyczny w tej becie.";catalogue_and_editorial_judgment;[];"Wyłączenie z listy API, z zachowaniem oryginału i możliwości przywrócenia; nie jest to ocena wartości historycznej."
473;6aa025cc-3e38-5ed5-901d-87099c9bb20c;Osada z epoki kamienia;Kraczkowa;remove;removed;;"Stanowisko/osada archeologiczna; wpis nie potwierdza ekspozycji ani pozostałości nadających się do oglądania. Wyłączone z beta, a nie uznane za bezwartościowe.";catalogue_and_editorial_judgment;[];"Wyłączenie z listy API, z zachowaniem oryginału i możliwości przywrócenia; nie jest to ocena wartości historycznej."
474;ae51e19e-5454-5279-92b5-49d7c20aa97c;Straśliwy;Dobrzechów;remove;removed;;"W danych jest przede wszystkim nazwa i wysokość wzniesienia; brak podstaw do uznania go za osobny cel turystyczny w tej becie.";catalogue_and_editorial_judgment;[];"Wyłączenie z listy API, z zachowaniem oryginału i możliwości przywrócenia; nie jest to ocena wartości historycznej."
475;1d07e51c-e4d9-540c-be8a-17f8766dbcfc;Pomnik poległych w I i II wojnie światowej;Wólka Podleśna;remove;removed;;Lokalny pomnik lub upamiętnienie niewybrane do ograniczonego katalogu ogólnych tras beta. Można przywrócić dla trasy tematycznej.;catalogue_and_editorial_judgment;[];"Wyłączenie z listy API, z zachowaniem oryginału i możliwości przywrócenia; nie jest to ocena wartości historycznej."
476;9f11543a-6079-503b-9cd6-37d6f85a8e6d;Dział;Zawadka;remove;removed;;"W danych jest przede wszystkim nazwa i wysokość wzniesienia; brak podstaw do uznania go za osobny cel turystyczny w tej becie.";catalogue_and_editorial_judgment;[];"Wyłączenie z listy API, z zachowaniem oryginału i możliwości przywrócenia; nie jest to ocena wartości historycznej."
477;3692c308-f162-5515-a8e5-bea207fd6ec9;Dąb Papieski;Głogów Małopolski;remove;removed;;"Kamień, tablica lub znak upamiętniający; lokalny punkt informacyjny bez osobnej aktywności turystycznej.";catalogue_and_editorial_judgment;[];"Wyłączenie z listy API, z zachowaniem oryginału i możliwości przywrócenia; nie jest to ocena wartości historycznej."
478;824e2c9e-8b8f-55cd-b0c7-3c01cd07309d;Za Figurą;Grodzisko;remove;removed;;"W danych jest przede wszystkim nazwa i wysokość wzniesienia; brak podstaw do uznania go za osobny cel turystyczny w tej becie.";catalogue_and_editorial_judgment;[];"Wyłączenie z listy API, z zachowaniem oryginału i możliwości przywrócenia; nie jest to ocena wartości historycznej."
479;c445e888-d60b-5739-9f60-409ae431e0c1;Poległym;Stobierna;remove;removed;;Lokalny pomnik lub upamiętnienie niewybrane do ograniczonego katalogu ogólnych tras beta. Można przywrócić dla trasy tematycznej.;catalogue_and_editorial_judgment;[];"Wyłączenie z listy API, z zachowaniem oryginału i możliwości przywrócenia; nie jest to ocena wartości historycznej."
480;b3ef23a0-0b29-5141-9115-42cd383c5724;Folwark;Lutcza;remove;removed;;"W danych jest przede wszystkim nazwa i wysokość wzniesienia; brak podstaw do uznania go za osobny cel turystyczny w tej becie.";catalogue_and_editorial_judgment;[];"Wyłączenie z listy API, z zachowaniem oryginału i możliwości przywrócenia; nie jest to ocena wartości historycznej."
482;5fdfb151-d99c-5be2-809b-7a564706db7c;Lisie Góry;Żołynia;remove;removed;;"W danych jest przede wszystkim nazwa i wysokość wzniesienia; brak podstaw do uznania go za osobny cel turystyczny w tej becie.";catalogue_and_editorial_judgment;[];"Wyłączenie z listy API, z zachowaniem oryginału i możliwości przywrócenia; nie jest to ocena wartości historycznej."
483;a56b2774-08ff-5d95-bb0f-7140677eefff;Krzyż na górce;Głogów Małopolski;remove;removed;;"Przydrożna figura, krzyż lub lokalny pomnik sakralny; nie wybrano go jako samodzielnego celu ogólnej trasy turystycznej.";catalogue_and_editorial_judgment;[];"Wyłączenie z listy API, z zachowaniem oryginału i możliwości przywrócenia; nie jest to ocena wartości historycznej."
484;d9aa75c7-41fd-5ca2-bb62-90ce13a30707;Kamieniec;Lutcza;remove;removed;;"W danych jest przede wszystkim nazwa i wysokość wzniesienia; brak podstaw do uznania go za osobny cel turystyczny w tej becie.";catalogue_and_editorial_judgment;[];"Wyłączenie z listy API, z zachowaniem oryginału i możliwości przywrócenia; nie jest to ocena wartości historycznej."
485;ed29f600-8ba5-5003-83cb-deab4c061df6;Za Polskę, Wolność, Lud Partyzantom;Borek Stary;remove;removed;;Lokalny pomnik lub upamiętnienie niewybrane do ograniczonego katalogu ogólnych tras beta. Można przywrócić dla trasy tematycznej.;catalogue_and_editorial_judgment;[];"Wyłączenie z listy API, z zachowaniem oryginału i możliwości przywrócenia; nie jest to ocena wartości historycznej."
486;8732988f-5490-5d85-933e-2440ecee5f6a;Plebańskie;Grodzisko;remove;removed;;"W danych jest przede wszystkim nazwa i wysokość wzniesienia; brak podstaw do uznania go za osobny cel turystyczny w tej becie.";catalogue_and_editorial_judgment;[];"Wyłączenie z listy API, z zachowaniem oryginału i możliwości przywrócenia; nie jest to ocena wartości historycznej."
487;8d8f4f70-2dcd-57b2-b840-03a9dea25ef7;Krzyż 1938r.;Wola Rafałowska;remove;removed;;"Przydrożna figura, krzyż lub lokalny pomnik sakralny; nie wybrano go jako samodzielnego celu ogólnej trasy turystycznej.";catalogue_and_editorial_judgment;[];"Wyłączenie z listy API, z zachowaniem oryginału i możliwości przywrócenia; nie jest to ocena wartości historycznej."
488;00c8b991-87ed-59e2-b3f0-074181523ae1;Stecówka;gmina Wiśniowa;remove;removed;;"W danych jest przede wszystkim nazwa i wysokość wzniesienia; brak podstaw do uznania go za osobny cel turystyczny w tej becie.";catalogue_and_editorial_judgment;[];"Wyłączenie z listy API, z zachowaniem oryginału i możliwości przywrócenia; nie jest to ocena wartości historycznej."
490;78d77693-31b4-5475-997c-18f80396f313;Giewont;Żołynia;remove;removed;;"W danych jest przede wszystkim nazwa i wysokość wzniesienia; brak podstaw do uznania go za osobny cel turystyczny w tej becie.";catalogue_and_editorial_judgment;[];"Wyłączenie z listy API, z zachowaniem oryginału i możliwości przywrócenia; nie jest to ocena wartości historycznej."
491;2f558f49-5927-5d2e-892d-5c7555a9d8c5;Miejsce pamięci narodowej;Babica;remove;removed;;Lokalny pomnik lub upamiętnienie niewybrane do ograniczonego katalogu ogólnych tras beta. Można przywrócić dla trasy tematycznej.;catalogue_and_editorial_judgment;[];"Wyłączenie z listy API, z zachowaniem oryginału i możliwości przywrócenia; nie jest to ocena wartości historycznej."
492;e2c527c5-e982-53cd-8f2d-852bb0a4c378;Bania;Łubno;remove;removed;;"W danych jest przede wszystkim nazwa i wysokość wzniesienia; brak podstaw do uznania go za osobny cel turystyczny w tej becie.";catalogue_and_editorial_judgment;[];"Wyłączenie z listy API, z zachowaniem oryginału i możliwości przywrócenia; nie jest to ocena wartości historycznej."
493;bff98af3-563a-5d0b-b292-ad326fa04457;Pomnik Walk i Męczeństwa;Głogów Małopolski;keep;active;;"Wybrany pomnik, rynek, miejsce pamięci lub pozostałość fortyfikacji o wartości krajoznawczej; może być krótkim przystankiem.";catalogue_and_editorial_judgment;[];Dostępność i godziny wymagają osobnej weryfikacji przed planowaniem wizyty.
494;7b1ab3bb-43fb-5ec4-94ea-9a78af45d8aa;Francicowa Górka;Dobrzechów;remove;removed;;"W danych jest przede wszystkim nazwa i wysokość wzniesienia; brak podstaw do uznania go za osobny cel turystyczny w tej becie.";catalogue_and_editorial_judgment;[];"Wyłączenie z listy API, z zachowaniem oryginału i możliwości przywrócenia; nie jest to ocena wartości historycznej."
495;5dc776c7-3921-54ba-93f7-752f41ab02fd;Kamień poświęcony Janowi III Sobieskiemu;Głogów Małopolski;remove;removed;;"Kamień, tablica lub znak upamiętniający; lokalny punkt informacyjny bez osobnej aktywności turystycznej.";catalogue_and_editorial_judgment;[];"Wyłączenie z listy API, z zachowaniem oryginału i możliwości przywrócenia; nie jest to ocena wartości historycznej."
496;1bfacfb0-1486-5779-924e-901210bc25cf;Ostry Dział;Łubno;remove;removed;;"W danych jest przede wszystkim nazwa i wysokość wzniesienia; brak podstaw do uznania go za osobny cel turystyczny w tej becie.";catalogue_and_editorial_judgment;[];"Wyłączenie z listy API, z zachowaniem oryginału i możliwości przywrócenia; nie jest to ocena wartości historycznej."
498;bbccff88-499e-5f18-92a7-e4863039a278;Dział;gmina Wiśniowa;remove;removed;;"W danych jest przede wszystkim nazwa i wysokość wzniesienia; brak podstaw do uznania go za osobny cel turystyczny w tej becie.";catalogue_and_editorial_judgment;[];"Wyłączenie z listy API, z zachowaniem oryginału i możliwości przywrócenia; nie jest to ocena wartości historycznej."
499;759b2be5-f40f-5754-b270-c166ba6e62d0;Matka Boża Niepokalanie Poczęta;Głogów Małopolski;remove;removed;;Lokalny pomnik lub upamiętnienie niewybrane do ograniczonego katalogu ogólnych tras beta. Można przywrócić dla trasy tematycznej.;catalogue_and_editorial_judgment;[];"Wyłączenie z listy API, z zachowaniem oryginału i możliwości przywrócenia; nie jest to ocena wartości historycznej."
500;774632c2-4c21-5676-ab0f-1ea34641b651;Góra Wysoka;Harta;remove;removed;;"W danych jest przede wszystkim nazwa i wysokość wzniesienia; brak podstaw do uznania go za osobny cel turystyczny w tej becie.";catalogue_and_editorial_judgment;[];"Wyłączenie z listy API, z zachowaniem oryginału i możliwości przywrócenia; nie jest to ocena wartości historycznej."
501;e0a0a7ce-dd20-520c-88cf-755368905397;Pomnik poległych za Ojczyznę;Głogów Małopolski;remove;removed;;Lokalny pomnik lub upamiętnienie niewybrane do ograniczonego katalogu ogólnych tras beta. Można przywrócić dla trasy tematycznej.;catalogue_and_editorial_judgment;[];"Wyłączenie z listy API, z zachowaniem oryginału i możliwości przywrócenia; nie jest to ocena wartości historycznej."
502;7c8fd1e3-d210-504a-ae03-310f49dba302;Podlesie;Grodzisko;remove;removed;;"W danych jest przede wszystkim nazwa i wysokość wzniesienia; brak podstaw do uznania go za osobny cel turystyczny w tej becie.";catalogue_and_editorial_judgment;[];"Wyłączenie z listy API, z zachowaniem oryginału i możliwości przywrócenia; nie jest to ocena wartości historycznej."
503;d804f6a2-9fe6-5a20-a90c-0d780f74aba0;Pomnik Świętego Floriana;Głogów Małopolski;remove;removed;;"Przydrożna figura, krzyż lub lokalny pomnik sakralny; nie wybrano go jako samodzielnego celu ogólnej trasy turystycznej.";catalogue_and_editorial_judgment;[];"Wyłączenie z listy API, z zachowaniem oryginału i możliwości przywrócenia; nie jest to ocena wartości historycznej."
504;33cdd9a6-0c8b-5b3b-adbf-052d9fbdfadb;Łysa Góra;Zielonka;remove;removed;;"W danych jest przede wszystkim nazwa i wysokość wzniesienia; brak podstaw do uznania go za osobny cel turystyczny w tej becie.";catalogue_and_editorial_judgment;[];"Wyłączenie z listy API, z zachowaniem oryginału i możliwości przywrócenia; nie jest to ocena wartości historycznej."
505;e2b151fa-bdee-5c0c-b2cf-aaf361197873;Pomnik Jana Pawła II;Głogów Małopolski;remove;removed;;"Przydrożna figura, krzyż lub lokalny pomnik sakralny; nie wybrano go jako samodzielnego celu ogólnej trasy turystycznej.";catalogue_and_editorial_judgment;[];"Wyłączenie z listy API, z zachowaniem oryginału i możliwości przywrócenia; nie jest to ocena wartości historycznej."
506;19a89e63-e2f4-54ff-bc3f-644a8e495463;Gminny Ośrodek Kultury w Jaworniku Polskim;Jawornik Polski;keep;active;;Miejsce zachowane zgodnie z wcześniejszą szczegółową decyzją użytkownika.;previous_user_decision;[];Dostępność i godziny wymagają osobnej weryfikacji przed planowaniem wizyty.
507;4a37b7c2-783a-5dc5-bcc9-2498c96d034c;Pomnik Maksymiliana Kolbe;Głogów Małopolski;remove;removed;;Lokalny pomnik lub upamiętnienie niewybrane do ograniczonego katalogu ogólnych tras beta. Można przywrócić dla trasy tematycznej.;catalogue_and_editorial_judgment;[];"Wyłączenie z listy API, z zachowaniem oryginału i możliwości przywrócenia; nie jest to ocena wartości historycznej."
508;20544b16-dfcd-53c4-99e4-993da0888fd5;Dancerówka;gmina Wiśniowa;remove;removed;;"W danych jest przede wszystkim nazwa i wysokość wzniesienia; brak podstaw do uznania go za osobny cel turystyczny w tej becie.";catalogue_and_editorial_judgment;[];"Wyłączenie z listy API, z zachowaniem oryginału i możliwości przywrócenia; nie jest to ocena wartości historycznej."
509;1ce3be02-3814-52e6-b1d3-303d13474576;Pomnik Kardynała Stefana Wyszyńskiego;Głogów Małopolski;remove;removed;;Lokalny pomnik lub upamiętnienie niewybrane do ograniczonego katalogu ogólnych tras beta. Można przywrócić dla trasy tematycznej.;catalogue_and_editorial_judgment;[];"Wyłączenie z listy API, z zachowaniem oryginału i możliwości przywrócenia; nie jest to ocena wartości historycznej."
510;07559fa3-f1cf-5f08-9534-6f16e902354e;Rynek;Jawornik Polski;keep;active;;"Park, planty, bulwary lub historyczny zespół zieleni; miejsce na spacer, a nie pojedynczy mały skwer.";catalogue_and_editorial_judgment;[];Dostępność i godziny wymagają osobnej weryfikacji przed planowaniem wizyty.
511;123dca2c-289f-55b3-82ae-38cdebb386fc;Pomnik Krzysztofa Głowy;Głogów Małopolski;keep;active;;"Wybrany pomnik, rynek, miejsce pamięci lub pozostałość fortyfikacji o wartości krajoznawczej; może być krótkim przystankiem.";catalogue_and_editorial_judgment;[];Dostępność i godziny wymagają osobnej weryfikacji przed planowaniem wizyty.
512;41306056-b40c-5d49-898a-7f448e563eef;Wniarzówka;Żyznów;remove;removed;;"W danych jest przede wszystkim nazwa i wysokość wzniesienia; brak podstaw do uznania go za osobny cel turystyczny w tej becie.";catalogue_and_editorial_judgment;[];"Wyłączenie z listy API, z zachowaniem oryginału i możliwości przywrócenia; nie jest to ocena wartości historycznej."
513;13543367-79e8-5b76-b481-b882c3c19eb9;Aleksander Ładoś;Głogów Małopolski;remove;removed;;"Kamień, tablica lub znak upamiętniający; lokalny punkt informacyjny bez osobnej aktywności turystycznej.";catalogue_and_editorial_judgment;[];"Wyłączenie z listy API, z zachowaniem oryginału i możliwości przywrócenia; nie jest to ocena wartości historycznej."
514;6a65b77a-081a-53e8-b0af-75f61eae3b84;Na Dziale;Manasterz;remove;removed;;"W danych jest przede wszystkim nazwa i wysokość wzniesienia; brak podstaw do uznania go za osobny cel turystyczny w tej becie.";catalogue_and_editorial_judgment;[];"Wyłączenie z listy API, z zachowaniem oryginału i możliwości przywrócenia; nie jest to ocena wartości historycznej."
515;694ab9cd-c5df-5ca5-bf05-c32f23a7463a;Wykopalisko archeologiczne;Budy Głogowskie;remove;removed;;"Stanowisko/osada archeologiczna; wpis nie potwierdza ekspozycji ani pozostałości nadających się do oglądania. Wyłączone z beta, a nie uznane za bezwartościowe.";catalogue_and_editorial_judgment;[];"Wyłączenie z listy API, z zachowaniem oryginału i możliwości przywrócenia; nie jest to ocena wartości historycznej."
516;771a5d29-8e34-5606-8cbe-6c7814be26d8;Karczmarówka;Lutcza;remove;removed;;"W danych jest przede wszystkim nazwa i wysokość wzniesienia; brak podstaw do uznania go za osobny cel turystyczny w tej becie.";catalogue_and_editorial_judgment;[];"Wyłączenie z listy API, z zachowaniem oryginału i możliwości przywrócenia; nie jest to ocena wartości historycznej."
517;4706b06b-93a3-5c56-8401-9ed437fe67f2;Obozowisko z epoki kamienia;Budy Głogowskie;remove;removed;;"Stanowisko/osada archeologiczna; wpis nie potwierdza ekspozycji ani pozostałości nadających się do oglądania. Wyłączone z beta, a nie uznane za bezwartościowe.";catalogue_and_editorial_judgment;[];"Wyłączenie z listy API, z zachowaniem oryginału i możliwości przywrócenia; nie jest to ocena wartości historycznej."
518;5f7404ac-4d86-5d43-bd61-f37967444328;Banasiowa Góra;gmina Wiśniowa;remove;removed;;"W danych jest przede wszystkim nazwa i wysokość wzniesienia; brak podstaw do uznania go za osobny cel turystyczny w tej becie.";catalogue_and_editorial_judgment;[];"Wyłączenie z listy API, z zachowaniem oryginału i możliwości przywrócenia; nie jest to ocena wartości historycznej."
519;cc9f728b-a163-51cf-a86b-ebe7d6f5cb6f;Miejsce dawnego Zamku Będziemyskiego;Będziemyśl;keep;active;;"Wybrany pomnik, rynek, miejsce pamięci lub pozostałość fortyfikacji o wartości krajoznawczej; może być krótkim przystankiem.";catalogue_and_editorial_judgment;[];Dostępność i godziny wymagają osobnej weryfikacji przed planowaniem wizyty.
520;8fe269ed-403f-5c57-9850-9bfb6bcd6941;Dział Zięziów;Manasterz;remove;removed;;"W danych jest przede wszystkim nazwa i wysokość wzniesienia; brak podstaw do uznania go za osobny cel turystyczny w tej becie.";catalogue_and_editorial_judgment;[];"Wyłączenie z listy API, z zachowaniem oryginału i możliwości przywrócenia; nie jest to ocena wartości historycznej."
522;e9da0db0-40b6-5a3e-b7a3-9a2ddaee032f;Pańska Góra;Domaradz;remove;removed;;"W danych jest przede wszystkim nazwa i wysokość wzniesienia; brak podstaw do uznania go za osobny cel turystyczny w tej becie.";catalogue_and_editorial_judgment;[];"Wyłączenie z listy API, z zachowaniem oryginału i możliwości przywrócenia; nie jest to ocena wartości historycznej."
523;955ee460-df95-5597-b4ee-8d8120d6cfb7;Pradziejowe stanowisko archeologiczne;Łańcut;remove;removed;;"Stanowisko/osada archeologiczna; wpis nie potwierdza ekspozycji ani pozostałości nadających się do oglądania. Wyłączone z beta, a nie uznane za bezwartościowe.";catalogue_and_editorial_judgment;[];"Wyłączenie z listy API, z zachowaniem oryginału i możliwości przywrócenia; nie jest to ocena wartości historycznej."
524;458b1524-c4dc-5f11-bb1d-e2a61e168f2b;Sochówka;Lutcza;remove;removed;;"W danych jest przede wszystkim nazwa i wysokość wzniesienia; brak podstaw do uznania go za osobny cel turystyczny w tej becie.";catalogue_and_editorial_judgment;[];"Wyłączenie z listy API, z zachowaniem oryginału i możliwości przywrócenia; nie jest to ocena wartości historycznej."
525;0a6c1c71-bf41-5d31-bd98-e3a727f1ef0a;100. rocznica odzyskania niepodległości;Czudec;remove;removed;;"Kamień, tablica lub znak upamiętniający; lokalny punkt informacyjny bez osobnej aktywności turystycznej.";catalogue_and_editorial_judgment;[];"Wyłączenie z listy API, z zachowaniem oryginału i możliwości przywrócenia; nie jest to ocena wartości historycznej."
526;3a2af207-51e1-536b-8c88-113bf4288a2e;Mijów;Manasterz;remove;removed;;"W danych jest przede wszystkim nazwa i wysokość wzniesienia; brak podstaw do uznania go za osobny cel turystyczny w tej becie.";catalogue_and_editorial_judgment;[];"Wyłączenie z listy API, z zachowaniem oryginału i możliwości przywrócenia; nie jest to ocena wartości historycznej."
527;0e9068e0-0906-576e-9584-25a16952ed39;Prochownia;Łańcut;keep;active;;"Wybrany pomnik, rynek, miejsce pamięci lub pozostałość fortyfikacji o wartości krajoznawczej; może być krótkim przystankiem.";catalogue_and_editorial_judgment;[];Dostępność i godziny wymagają osobnej weryfikacji przed planowaniem wizyty.
528;b4a1babc-cf8b-537b-a824-dac3be3392da;Góra pod Michałkiem;Białobrzegi;remove;removed;;"W danych jest przede wszystkim nazwa i wysokość wzniesienia; brak podstaw do uznania go za osobny cel turystyczny w tej becie.";catalogue_and_editorial_judgment;[];"Wyłączenie z listy API, z zachowaniem oryginału i możliwości przywrócenia; nie jest to ocena wartości historycznej."
529;9abb05ca-7cac-5f48-abd1-71b3a2c528fe;Jan Paweł II;Czudec;remove;removed;;"Przydrożna figura, krzyż lub lokalny pomnik sakralny; nie wybrano go jako samodzielnego celu ogólnej trasy turystycznej.";catalogue_and_editorial_judgment;[];"Wyłączenie z listy API, z zachowaniem oryginału i możliwości przywrócenia; nie jest to ocena wartości historycznej."
530;de2f2377-eb1f-5f99-8d98-66539b55d8ab;Skotnik;Siedleczka;remove;removed;;"W danych jest przede wszystkim nazwa i wysokość wzniesienia; brak podstaw do uznania go za osobny cel turystyczny w tej becie.";catalogue_and_editorial_judgment;[];"Wyłączenie z listy API, z zachowaniem oryginału i możliwości przywrócenia; nie jest to ocena wartości historycznej."
531;133e153b-e4cf-50fc-be87-7ee1e5c58e00;Jerzy Popiełuszko;Czudec;remove;removed;;Lokalny pomnik lub upamiętnienie niewybrane do ograniczonego katalogu ogólnych tras beta. Można przywrócić dla trasy tematycznej.;catalogue_and_editorial_judgment;[];"Wyłączenie z listy API, z zachowaniem oryginału i możliwości przywrócenia; nie jest to ocena wartości historycznej."
532;afff43fd-8b45-50f1-b6b5-558f7011528b;Park dworski;Żyznów;keep;active;;"Park, planty, bulwary lub historyczny zespół zieleni; miejsce na spacer, a nie pojedynczy mały skwer.";catalogue_and_editorial_judgment;[];Dostępność i godziny wymagają osobnej weryfikacji przed planowaniem wizyty.
534;acd2f7f2-05d9-52ea-9add-703cc665943d;Górka Weryńska;Kolbuszowa;remove;removed;;"W danych jest przede wszystkim nazwa i wysokość wzniesienia; brak podstaw do uznania go za osobny cel turystyczny w tej becie.";catalogue_and_editorial_judgment;[];"Wyłączenie z listy API, z zachowaniem oryginału i możliwości przywrócenia; nie jest to ocena wartości historycznej."
535;204893cb-155f-516b-b6fe-196d3bc3e2f3;Hołd Pomordowanym;Sołonka;remove;removed;;Lokalny pomnik lub upamiętnienie niewybrane do ograniczonego katalogu ogólnych tras beta. Można przywrócić dla trasy tematycznej.;catalogue_and_editorial_judgment;[];"Wyłączenie z listy API, z zachowaniem oryginału i możliwości przywrócenia; nie jest to ocena wartości historycznej."
536;8895330f-7edf-5341-8a3e-1086ececcd2c;Zmuliska;gmina Wiśniowa;remove;removed;;"W danych jest przede wszystkim nazwa i wysokość wzniesienia; brak podstaw do uznania go za osobny cel turystyczny w tej becie.";catalogue_and_editorial_judgment;[];"Wyłączenie z listy API, z zachowaniem oryginału i możliwości przywrócenia; nie jest to ocena wartości historycznej."
537;c1fb8832-7995-5f4d-a373-1ef8629e878e;Osada z epoki kamienia;Albigowa;remove;removed;;"Stanowisko/osada archeologiczna; wpis nie potwierdza ekspozycji ani pozostałości nadających się do oglądania. Wyłączone z beta, a nie uznane za bezwartościowe.";catalogue_and_editorial_judgment;[];"Wyłączenie z listy API, z zachowaniem oryginału i możliwości przywrócenia; nie jest to ocena wartości historycznej."
538;0f7e67eb-6556-5357-ab8f-2e9831f13415;Zespół myśliwski Julin;Wydrze;keep;active;;"Park, planty, bulwary lub historyczny zespół zieleni; miejsce na spacer, a nie pojedynczy mały skwer.";catalogue_and_editorial_judgment;[];Dostępność i godziny wymagają osobnej weryfikacji przed planowaniem wizyty.
539;aeed1e57-6ed2-5046-a4b9-7baf1e6bae02;Krzyż milenijny;Będziemyśl;remove;removed;;"Przydrożna figura, krzyż lub lokalny pomnik sakralny; nie wybrano go jako samodzielnego celu ogólnej trasy turystycznej.";catalogue_and_editorial_judgment;[];"Wyłączenie z listy API, z zachowaniem oryginału i możliwości przywrócenia; nie jest to ocena wartości historycznej."
540;f0b954b5-fc24-5307-bbec-b4a313058e92;Jasna Góra;Wesoła;remove;removed;;"W danych jest przede wszystkim nazwa i wysokość wzniesienia; brak podstaw do uznania go za osobny cel turystyczny w tej becie.";catalogue_and_editorial_judgment;[];"Wyłączenie z listy API, z zachowaniem oryginału i możliwości przywrócenia; nie jest to ocena wartości historycznej."
541;8cecce7a-3f79-5124-8dd8-caeb0d4bcf04;Pomnik Pomordowanych Mieszkańców w czasie II Wojny Światowej;Medynia Głogowska;remove;removed;;Lokalny pomnik lub upamiętnienie niewybrane do ograniczonego katalogu ogólnych tras beta. Można przywrócić dla trasy tematycznej.;catalogue_and_editorial_judgment;[];"Wyłączenie z listy API, z zachowaniem oryginału i możliwości przywrócenia; nie jest to ocena wartości historycznej."
542;af30f6c0-77c0-59e0-a441-0f0d183a8556;Patryja;Wysoka Strzyżowska;remove;removed;;"W danych jest przede wszystkim nazwa i wysokość wzniesienia; brak podstaw do uznania go za osobny cel turystyczny w tej becie.";catalogue_and_editorial_judgment;[];"Wyłączenie z listy API, z zachowaniem oryginału i możliwości przywrócenia; nie jest to ocena wartości historycznej."
543;063060ec-8855-512d-bbe3-3d4348a605de;Egzekucja 5 III 1944;Łańcut;remove;removed;;Lokalny pomnik lub upamiętnienie niewybrane do ograniczonego katalogu ogólnych tras beta. Można przywrócić dla trasy tematycznej.;catalogue_and_editorial_judgment;[];"Wyłączenie z listy API, z zachowaniem oryginału i możliwości przywrócenia; nie jest to ocena wartości historycznej."
544;dbd2f89f-b578-5251-915e-291dc28b18f1;Zespół Pałacowo-Parkowy w Weryni;Werynia;keep;active;;"Park, planty, bulwary lub historyczny zespół zieleni; miejsce na spacer, a nie pojedynczy mały skwer.";catalogue_and_editorial_judgment;[];Dostępność i godziny wymagają osobnej weryfikacji przed planowaniem wizyty.
545;e8728308-bd58-5cbf-9802-75e450a5f3dc;Pomnik ofiar Holokaustu;Łańcut;remove;removed;;Lokalny pomnik lub upamiętnienie niewybrane do ograniczonego katalogu ogólnych tras beta. Można przywrócić dla trasy tematycznej.;catalogue_and_editorial_judgment;[];"Wyłączenie z listy API, z zachowaniem oryginału i możliwości przywrócenia; nie jest to ocena wartości historycznej."
546;0db771ba-4d7c-5ff6-8ca6-69347a6641be;Golgota;Lutcza;remove;removed;;"W danych jest przede wszystkim nazwa i wysokość wzniesienia; brak podstaw do uznania go za osobny cel turystyczny w tej becie.";catalogue_and_editorial_judgment;[];"Wyłączenie z listy API, z zachowaniem oryginału i możliwości przywrócenia; nie jest to ocena wartości historycznej."
547;a989dcc4-2c65-5053-94b0-d9a1d75d918e;Kamień upamiętniający lipę króla Jagiełły;Łańcut;remove;removed;;"Kamień, tablica lub znak upamiętniający; lokalny punkt informacyjny bez osobnej aktywności turystycznej.";catalogue_and_editorial_judgment;[];"Wyłączenie z listy API, z zachowaniem oryginału i możliwości przywrócenia; nie jest to ocena wartości historycznej."
548;637d4684-d2cb-529c-ae39-f4c0add2227c;Łysa Góra;Kopanie Żołyńskie;remove;removed;;"W danych jest przede wszystkim nazwa i wysokość wzniesienia; brak podstaw do uznania go za osobny cel turystyczny w tej becie.";catalogue_and_editorial_judgment;[];"Wyłączenie z listy API, z zachowaniem oryginału i możliwości przywrócenia; nie jest to ocena wartości historycznej."
549;256f89aa-159c-5d7d-808e-d5a71a66951b;Osada z epoki kamienia;Albigowa;remove;removed;;"Stanowisko/osada archeologiczna; wpis nie potwierdza ekspozycji ani pozostałości nadających się do oglądania. Wyłączone z beta, a nie uznane za bezwartościowe.";catalogue_and_editorial_judgment;[];"Wyłączenie z listy API, z zachowaniem oryginału i możliwości przywrócenia; nie jest to ocena wartości historycznej."
550;afa9d938-cd37-5e2d-bca0-d9f05590b989;Strażowa;Wielopole Skrzyńskie;remove;removed;;"W danych jest przede wszystkim nazwa i wysokość wzniesienia; brak podstaw do uznania go za osobny cel turystyczny w tej becie.";catalogue_and_editorial_judgment;[];"Wyłączenie z listy API, z zachowaniem oryginału i możliwości przywrócenia; nie jest to ocena wartości historycznej."
551;f7024269-69a0-517d-8ed9-c4182ab5b2ff;Grodzisko średniowieczne;Łańcut;keep;active;;"Wybrany pomnik, rynek, miejsce pamięci lub pozostałość fortyfikacji o wartości krajoznawczej; może być krótkim przystankiem.";catalogue_and_editorial_judgment;[];Dostępność i godziny wymagają osobnej weryfikacji przed planowaniem wizyty.
552;59820fdb-abe7-53d5-98ba-f68fa12abac6;Ogródek jordanowski;Kolbuszowa;remove;removed;;"Mały skwer, ogród kieszonkowy lub ogródek jordanowski; lokalna przestrzeń wypoczynku o małej wartości jako osobny cel wycieczki.";catalogue_and_editorial_judgment;[];"Wyłączenie z listy API, z zachowaniem oryginału i możliwości przywrócenia; nie jest to ocena wartości historycznej."
553;e4c22986-14a8-5c09-affa-741feda035bd;Kamieńce;Lutcza;remove;removed;;"W danych jest przede wszystkim nazwa i wysokość wzniesienia; brak podstaw do uznania go za osobny cel turystyczny w tej becie.";catalogue_and_editorial_judgment;[];"Wyłączenie z listy API, z zachowaniem oryginału i możliwości przywrócenia; nie jest to ocena wartości historycznej."
555;c9c54efa-fcaa-50ea-8763-ff5e78155346;Polanka;Lutcza;remove;removed;;"W danych jest przede wszystkim nazwa i wysokość wzniesienia; brak podstaw do uznania go za osobny cel turystyczny w tej becie.";catalogue_and_editorial_judgment;[];"Wyłączenie z listy API, z zachowaniem oryginału i możliwości przywrócenia; nie jest to ocena wartości historycznej."
557;5aa8a9a8-89ed-57a6-8a92-791b002c1422;Godowska Góra;Godowa;remove;removed;;"W danych jest przede wszystkim nazwa i wysokość wzniesienia; brak podstaw do uznania go za osobny cel turystyczny w tej becie.";catalogue_and_editorial_judgment;[];"Wyłączenie z listy API, z zachowaniem oryginału i możliwości przywrócenia; nie jest to ocena wartości historycznej."
558;0e08f7f7-713d-57d1-9588-eb6e32d168c0;Osada z epoki kamienia;Łańcut;remove;removed;;"Stanowisko/osada archeologiczna; wpis nie potwierdza ekspozycji ani pozostałości nadających się do oglądania. Wyłączone z beta, a nie uznane za bezwartościowe.";catalogue_and_editorial_judgment;[];"Wyłączenie z listy API, z zachowaniem oryginału i możliwości przywrócenia; nie jest to ocena wartości historycznej."
559;f7cbf16f-14b2-5ebd-aba7-95857814d4aa;Siwa Góra;Hucisko Jawornickie;remove;removed;;"W danych jest przede wszystkim nazwa i wysokość wzniesienia; brak podstaw do uznania go za osobny cel turystyczny w tej becie.";catalogue_and_editorial_judgment;[];"Wyłączenie z listy API, z zachowaniem oryginału i możliwości przywrócenia; nie jest to ocena wartości historycznej."
560;eae749f9-1e3f-531e-8eec-ec154faa9fbc;Grunwald;Handzlówka;remove;removed;;Lokalny pomnik lub upamiętnienie niewybrane do ograniczonego katalogu ogólnych tras beta. Można przywrócić dla trasy tematycznej.;catalogue_and_editorial_judgment;[];"Wyłączenie z listy API, z zachowaniem oryginału i możliwości przywrócenia; nie jest to ocena wartości historycznej."
561;0a0d64ec-bcf9-59de-abe3-e6fe66d79abb;Jasna Góra;Golcowa;remove;removed;;"W danych jest przede wszystkim nazwa i wysokość wzniesienia; brak podstaw do uznania go za osobny cel turystyczny w tej becie.";catalogue_and_editorial_judgment;[];"Wyłączenie z listy API, z zachowaniem oryginału i możliwości przywrócenia; nie jest to ocena wartości historycznej."
562;dcd1fb1c-98c5-5f12-aa6c-8ed2e081a425;Wiesław Krawczyński;Łańcut;remove;removed;;"Kamień, tablica lub znak upamiętniający; lokalny punkt informacyjny bez osobnej aktywności turystycznej.";catalogue_and_editorial_judgment;[];"Wyłączenie z listy API, z zachowaniem oryginału i możliwości przywrócenia; nie jest to ocena wartości historycznej."
563;3cb92bd9-37f3-59ce-bfe6-6652ce069fd3;Bulwary nad Nilem imienia Błogosławionego Księdza Kardynała Stefana Wyszyńskiego;Kolbuszowa;keep;active;;"Park, planty, bulwary lub historyczny zespół zieleni; miejsce na spacer, a nie pojedynczy mały skwer.";catalogue_and_editorial_judgment;[];Dostępność i godziny wymagają osobnej weryfikacji przed planowaniem wizyty.
564;bb8bf7c1-b96f-52a9-81f1-251155e4d49a;Pomnik Czynu Chłopskiego;Będziemyśl;remove;removed;;Lokalny pomnik lub upamiętnienie niewybrane do ograniczonego katalogu ogólnych tras beta. Można przywrócić dla trasy tematycznej.;catalogue_and_editorial_judgment;[];"Wyłączenie z listy API, z zachowaniem oryginału i możliwości przywrócenia; nie jest to ocena wartości historycznej."
565;1c7fc90e-1132-5d2a-b90a-9389fa02c110;Żydowska Góra;Dynów;remove;removed;;"W danych jest przede wszystkim nazwa i wysokość wzniesienia; brak podstaw do uznania go za osobny cel turystyczny w tej becie.";catalogue_and_editorial_judgment;[];"Wyłączenie z listy API, z zachowaniem oryginału i możliwości przywrócenia; nie jest to ocena wartości historycznej."
566;f7bd8336-a6bb-56b0-9106-bbecc899f9ff;Pomnik gen. Władysława Sikorskiego;Hyżne;keep;active;;"Wybrany pomnik, rynek, miejsce pamięci lub pozostałość fortyfikacji o wartości krajoznawczej; może być krótkim przystankiem.";catalogue_and_editorial_judgment;[];Dostępność i godziny wymagają osobnej weryfikacji przed planowaniem wizyty.
567;d8d80e6a-4194-5ac8-979b-594e8b3a54ff;Wisowa Górka;Ropczyce;remove;removed;;"W danych jest przede wszystkim nazwa i wysokość wzniesienia; brak podstaw do uznania go za osobny cel turystyczny w tej becie.";catalogue_and_editorial_judgment;[];"Wyłączenie z listy API, z zachowaniem oryginału i możliwości przywrócenia; nie jest to ocena wartości historycznej."
569;4bdf1c10-2074-5260-bd1f-ba016226ede0;Skotnik;gmina Wiśniowa;remove;removed;;"W danych jest przede wszystkim nazwa i wysokość wzniesienia; brak podstaw do uznania go za osobny cel turystyczny w tej becie.";catalogue_and_editorial_judgment;[];"Wyłączenie z listy API, z zachowaniem oryginału i możliwości przywrócenia; nie jest to ocena wartości historycznej."
571;dfd1de78-6038-5d0e-9b3c-f4675472b0f2;Hyb;Domaradz;remove;removed;;"W danych jest przede wszystkim nazwa i wysokość wzniesienia; brak podstaw do uznania go za osobny cel turystyczny w tej becie.";catalogue_and_editorial_judgment;[];"Wyłączenie z listy API, z zachowaniem oryginału i możliwości przywrócenia; nie jest to ocena wartości historycznej."
572;b353dfe3-c292-57fe-a129-e0d839ddd6a8;Historyczna granica gmin;Czudec;remove;removed;;"Kamień, tablica lub znak upamiętniający; lokalny punkt informacyjny bez osobnej aktywności turystycznej.";catalogue_and_editorial_judgment;[];"Wyłączenie z listy API, z zachowaniem oryginału i możliwości przywrócenia; nie jest to ocena wartości historycznej."
573;e0a0449d-464c-534b-ab16-7eb49caa56e7;Kamieniec;Wesoła;remove;removed;;"W danych jest przede wszystkim nazwa i wysokość wzniesienia; brak podstaw do uznania go za osobny cel turystyczny w tej becie.";catalogue_and_editorial_judgment;[];"Wyłączenie z listy API, z zachowaniem oryginału i możliwości przywrócenia; nie jest to ocena wartości historycznej."
574;ac10cacd-e552-5a2d-ab70-cafaeec96f8c;Krzyż żołnierza;Łańcut;remove;removed;;Lokalny pomnik lub upamiętnienie niewybrane do ograniczonego katalogu ogólnych tras beta. Można przywrócić dla trasy tematycznej.;catalogue_and_editorial_judgment;[];"Wyłączenie z listy API, z zachowaniem oryginału i możliwości przywrócenia; nie jest to ocena wartości historycznej."
575;fa22bf33-cb7e-57e8-b7c4-df9b324e289d;Kłapówka;Zagórze;remove;removed;;"W danych jest przede wszystkim nazwa i wysokość wzniesienia; brak podstaw do uznania go za osobny cel turystyczny w tej becie.";catalogue_and_editorial_judgment;[];"Wyłączenie z listy API, z zachowaniem oryginału i możliwości przywrócenia; nie jest to ocena wartości historycznej."
576;6adad939-6e2c-5cb1-ada9-f27ac33b7748;Pomnik ks. Adolfa Kowala;Błażowa;remove;removed;;Lokalny pomnik lub upamiętnienie niewybrane do ograniczonego katalogu ogólnych tras beta. Można przywrócić dla trasy tematycznej.;catalogue_and_editorial_judgment;[];"Wyłączenie z listy API, z zachowaniem oryginału i możliwości przywrócenia; nie jest to ocena wartości historycznej."
577;cddced5c-1f3c-5978-a88e-6f23237eee55;Graniczna Górka;Ropczyce;remove;removed;;"W danych jest przede wszystkim nazwa i wysokość wzniesienia; brak podstaw do uznania go za osobny cel turystyczny w tej becie.";catalogue_and_editorial_judgment;[];"Wyłączenie z listy API, z zachowaniem oryginału i możliwości przywrócenia; nie jest to ocena wartości historycznej."
578;acd6adec-2e41-51cc-a746-c48175307d63;Pomnik króla Władysława Jagiełły;Błażowa;remove;removed;;Lokalny pomnik lub upamiętnienie niewybrane do ograniczonego katalogu ogólnych tras beta. Można przywrócić dla trasy tematycznej.;catalogue_and_editorial_judgment;[];"Wyłączenie z listy API, z zachowaniem oryginału i możliwości przywrócenia; nie jest to ocena wartości historycznej."
579;2b9dc5d3-b15b-5d4a-b5c7-605ebc4c14ca;Strzałówka;Lutcza;remove;removed;;"W danych jest przede wszystkim nazwa i wysokość wzniesienia; brak podstaw do uznania go za osobny cel turystyczny w tej becie.";catalogue_and_editorial_judgment;[];"Wyłączenie z listy API, z zachowaniem oryginału i możliwości przywrócenia; nie jest to ocena wartości historycznej."
580;5852909e-39e1-5ace-81e1-4df6c7c5ff5f;Krzyż Milenijny;Błażowa;remove;removed;;Lokalny pomnik lub upamiętnienie niewybrane do ograniczonego katalogu ogólnych tras beta. Można przywrócić dla trasy tematycznej.;catalogue_and_editorial_judgment;[];"Wyłączenie z listy API, z zachowaniem oryginału i możliwości przywrócenia; nie jest to ocena wartości historycznej."
581;99e6701d-66d7-5e27-8fd4-4eb4b70df002;Łysa Góra;Lutcza;remove;removed;;"W danych jest przede wszystkim nazwa i wysokość wzniesienia; brak podstaw do uznania go za osobny cel turystyczny w tej becie.";catalogue_and_editorial_judgment;[];"Wyłączenie z listy API, z zachowaniem oryginału i możliwości przywrócenia; nie jest to ocena wartości historycznej."
582;079b8dba-1749-569e-9c4a-f766406add1e;Pradziejowe stanowisko archeologiczne;Łańcut;remove;removed;;"Stanowisko/osada archeologiczna; wpis nie potwierdza ekspozycji ani pozostałości nadających się do oglądania. Wyłączone z beta, a nie uznane za bezwartościowe.";catalogue_and_editorial_judgment;[];"Wyłączenie z listy API, z zachowaniem oryginału i możliwości przywrócenia; nie jest to ocena wartości historycznej."
583;7af2b6e2-02a0-55a7-823f-aef59030c50a;Park podworski;Dynów;keep;active;;"Park, planty, bulwary lub historyczny zespół zieleni; miejsce na spacer, a nie pojedynczy mały skwer.";catalogue_and_editorial_judgment;[];Dostępność i godziny wymagają osobnej weryfikacji przed planowaniem wizyty.
584;c612772f-7cfe-566d-a56f-b22a03f459eb;Figura św. Jana Nepomucena z 1883 roku;Sielec;remove;removed;;"Przydrożna figura, krzyż lub lokalny pomnik sakralny; nie wybrano go jako samodzielnego celu ogólnej trasy turystycznej.";catalogue_and_editorial_judgment;[];"Wyłączenie z listy API, z zachowaniem oryginału i możliwości przywrócenia; nie jest to ocena wartości historycznej."
585;780f9a3d-335f-5631-9891-d54c6b8e5e4a;Księża Góra;Budy Łańcuckie;remove;removed;;"W danych jest przede wszystkim nazwa i wysokość wzniesienia; brak podstaw do uznania go za osobny cel turystyczny w tej becie.";catalogue_and_editorial_judgment;[];"Wyłączenie z listy API, z zachowaniem oryginału i możliwości przywrócenia; nie jest to ocena wartości historycznej."
586;8070a3ca-4294-5051-ac4f-befb2577a57f;Miejsce Pamięci - Miejsce byłego obozu NKWD w Trzebusce;Nienadówka;keep;active;;"Wybrany pomnik, rynek, miejsce pamięci lub pozostałość fortyfikacji o wartości krajoznawczej; może być krótkim przystankiem.";catalogue_and_editorial_judgment;[];Dostępność i godziny wymagają osobnej weryfikacji przed planowaniem wizyty.
587;5e627dea-b42f-5832-8074-dc290ba8860a;Park Niepodległości;Kolbuszowa;keep;active;;"Park, planty, bulwary lub historyczny zespół zieleni; miejsce na spacer, a nie pojedynczy mały skwer.";catalogue_and_editorial_judgment;[];Dostępność i godziny wymagają osobnej weryfikacji przed planowaniem wizyty.
588;f0693712-2938-5d34-ad08-8ea139e28ca1;Kapliczka przydrożna z krzyżem, rok fundowania 1910;Błażowa;remove;removed;;"Przydrożna figura, krzyż lub lokalny pomnik sakralny; nie wybrano go jako samodzielnego celu ogólnej trasy turystycznej.";catalogue_and_editorial_judgment;[];"Wyłączenie z listy API, z zachowaniem oryginału i możliwości przywrócenia; nie jest to ocena wartości historycznej."
589;6f2bebad-8d34-5c5e-b1d9-b3a13f6a0f4d;Dębowiec;Izdebki;remove;removed;;"W danych jest przede wszystkim nazwa i wysokość wzniesienia; brak podstaw do uznania go za osobny cel turystyczny w tej becie.";catalogue_and_editorial_judgment;[];"Wyłączenie z listy API, z zachowaniem oryginału i możliwości przywrócenia; nie jest to ocena wartości historycznej."
590;02d6b7cc-7561-570a-b08c-9ac289400ea2;Statua Jezusa;Błażowa;remove;removed;;"Przydrożna figura, krzyż lub lokalny pomnik sakralny; nie wybrano go jako samodzielnego celu ogólnej trasy turystycznej.";catalogue_and_editorial_judgment;[];"Wyłączenie z listy API, z zachowaniem oryginału i możliwości przywrócenia; nie jest to ocena wartości historycznej."
591;e14883af-6970-5a46-9d1a-a48fdbc0929b;Baranek;gmina Wiśniowa;remove;removed;;"W danych jest przede wszystkim nazwa i wysokość wzniesienia; brak podstaw do uznania go za osobny cel turystyczny w tej becie.";catalogue_and_editorial_judgment;[];"Wyłączenie z listy API, z zachowaniem oryginału i możliwości przywrócenia; nie jest to ocena wartości historycznej."
592;d28cb02a-62aa-5869-b9c9-518a21077ca3;Krzyż milenijny;Sielec;remove;removed;;"Przydrożna figura, krzyż lub lokalny pomnik sakralny; nie wybrano go jako samodzielnego celu ogólnej trasy turystycznej.";catalogue_and_editorial_judgment;[];"Wyłączenie z listy API, z zachowaniem oryginału i możliwości przywrócenia; nie jest to ocena wartości historycznej."
593;efb2f88f-a388-505a-84d1-0ebe7991ed16;Ustanie pandemii hiszpanki w 1920;Widełka;remove;removed;;"Przydrożna figura, krzyż lub lokalny pomnik sakralny; nie wybrano go jako samodzielnego celu ogólnej trasy turystycznej.";catalogue_and_editorial_judgment;[];"Wyłączenie z listy API, z zachowaniem oryginału i możliwości przywrócenia; nie jest to ocena wartości historycznej."
595;5fec740e-74e5-5425-9883-161a5aa3153f;Pomnik Grunwaldu;Sędziszów Małopolski;remove;removed;;Lokalny pomnik lub upamiętnienie niewybrane do ograniczonego katalogu ogólnych tras beta. Można przywrócić dla trasy tematycznej.;catalogue_and_editorial_judgment;[];"Wyłączenie z listy API, z zachowaniem oryginału i możliwości przywrócenia; nie jest to ocena wartości historycznej."
596;95152a06-52a1-598b-b780-377daecba97f;Krzyż przydrożny;Trzebuska;remove;removed;;"Przydrożna figura, krzyż lub lokalny pomnik sakralny; nie wybrano go jako samodzielnego celu ogólnej trasy turystycznej.";catalogue_and_editorial_judgment;[];"Wyłączenie z listy API, z zachowaniem oryginału i możliwości przywrócenia; nie jest to ocena wartości historycznej."
597;aa42e34c-f9e8-522b-84a2-e611cc53d424;ks. Jerzego Popiełuszki;Niebylec;remove;removed;;Lokalny pomnik lub upamiętnienie niewybrane do ograniczonego katalogu ogólnych tras beta. Można przywrócić dla trasy tematycznej.;catalogue_and_editorial_judgment;[];"Wyłączenie z listy API, z zachowaniem oryginału i możliwości przywrócenia; nie jest to ocena wartości historycznej."
598;73853b7e-36d1-5a63-89e3-56576bdd084d;Św. Floriana;Niebylec;remove;removed;;"Przydrożna figura, krzyż lub lokalny pomnik sakralny; nie wybrano go jako samodzielnego celu ogólnej trasy turystycznej.";catalogue_and_editorial_judgment;[];"Wyłączenie z listy API, z zachowaniem oryginału i możliwości przywrócenia; nie jest to ocena wartości historycznej."
599;4988fd7d-5af5-58a2-9dc0-9fef0012d014;Pomnik Pamięci Ofiar Terroru Sowieckiego;Sokołów Małopolski;keep;active;;"Wybrany pomnik, rynek, miejsce pamięci lub pozostałość fortyfikacji o wartości krajoznawczej; może być krótkim przystankiem.";catalogue_and_editorial_judgment;[];Dostępność i godziny wymagają osobnej weryfikacji przed planowaniem wizyty.
